WARNING: All log messages before absl::InitializeLog() is called are written to STDERR
E0000 00:00:1785521511.700894    5763 cuda_dnn.cc:8579] Unable to register cuDNN factory: Attempting to register factory for plugin cuDNN when one has already been registered
E0000 00:00:1785521511.728162    5763 cuda_blas.cc:1407] Unable to register cuBLAS factory: Attempting to register factory for plugin cuBLAS when one has already been registered
W0000 00:00:1785521511.915450    5763 computation_placer.cc:177] computation placer already registered. Please check linkage and avoid linking the same target more than once.
W0000 00:00:1785521511.915571    5763 computation_placer.cc:177] computation placer already registered. Please check linkage and avoid linking the same target more than once.
W0000 00:00:1785521511.915576    5763 computation_placer.cc:177] computation placer already registered. Please check linkage and avoid linking the same target more than once.
W0000 00:00:1785521511.915578    5763 computation_placer.cc:177] computation placer already registered. Please check linkage and avoid linking the same target more than once.

[07mModel optimizing started[0m ============================================================
Simplifying...
Finish! Here is the difference:
┏━━━━━━━━━━━━┳━━━━━━━━━━━━━━━━┳━━━━━━━━━━━━━━━━━━┓
┃            ┃ Original Model ┃ Simplified Model ┃
┡━━━━━━━━━━━━╇━━━━━━━━━━━━━━━━╇━━━━━━━━━━━━━━━━━━┩
│ Add        │ 14             │ 14               │
│ Concat     │ 20             │ 20               │
│ Constant   │ 179            │ 179              │
│ Conv       │ 87             │ 87               │
│ MatMul     │ 2              │ 2                │
│ MaxPool    │ 3              │ 3                │
│ Mul        │ 77             │ 77               │
│ Reshape    │ 3              │ 3                │
│ Resize     │ 2              │ 2                │
│ Sigmoid    │ 76             │ 76               │
│ Softmax    │ 1              │ 1                │
│ Split      │ 10             │ 10               │
│ Transpose  │ 2              │ 2                │
│ Model Size │ 9.9MiB         │ 9.9MiB           │
└────────────┴────────────────┴──────────────────┘

Simplifying...
Finish! Here is the difference:
┏━━━━━━━━━━━━┳━━━━━━━━━━━━━━━━┳━━━━━━━━━━━━━━━━━━┓
┃            ┃ Original Model ┃ Simplified Model ┃
┡━━━━━━━━━━━━╇━━━━━━━━━━━━━━━━╇━━━━━━━━━━━━━━━━━━┩
│ Add        │ 14             │ 14               │
│ Concat     │ 20             │ 20               │
│ Constant   │ 179            │ 179              │
│ Conv       │ 87             │ 87               │
│ MatMul     │ 2              │ 2                │
│ MaxPool    │ 3              │ 3                │
│ Mul        │ 77             │ 77               │
│ Reshape    │ 3              │ 3                │
│ Resize     │ 2              │ 2                │
│ Sigmoid    │ 76             │ 76               │
│ Softmax    │ 1              │ 1                │
│ Split      │ 10             │ 10               │
│ Transpose  │ 2              │ 2                │
│ Model Size │ 9.9MiB         │ 9.9MiB           │
└────────────┴────────────────┴──────────────────┘

Simplifying...
Finish! Here is the difference:
┏━━━━━━━━━━━━┳━━━━━━━━━━━━━━━━┳━━━━━━━━━━━━━━━━━━┓
┃            ┃ Original Model ┃ Simplified Model ┃
┡━━━━━━━━━━━━╇━━━━━━━━━━━━━━━━╇━━━━━━━━━━━━━━━━━━┩
│ Add        │ 14             │ 14               │
│ Concat     │ 20             │ 20               │
│ Constant   │ 179            │ 179              │
│ Conv       │ 87             │ 87               │
│ MatMul     │ 2              │ 2                │
│ MaxPool    │ 3              │ 3                │
│ Mul        │ 77             │ 77               │
│ Reshape    │ 3              │ 3                │
│ Resize     │ 2              │ 2                │
│ Sigmoid    │ 76             │ 76               │
│ Softmax    │ 1              │ 1                │
│ Split      │ 10             │ 10               │
│ Transpose  │ 2              │ 2                │
│ Model Size │ 9.9MiB         │ 9.9MiB           │
└────────────┴────────────────┴──────────────────┘

[32mModel optimizing complete![0m

[07mAutomatic generation of each OP name started[0m ========================================
[32mAutomatic generation of each OP name complete![0m

[07mModel loaded[0m ========================================================================

[07mModel conversion started[0m ============================================================
[32mINFO:[0m [32minput_op_name[0m: images [32mshape[0m: [1, 3, 256, 256] [32mdtype[0m: float32
WARNING: No local images found; using deterministic synthetic calibration data.

[32mINFO:[0m [32m2 / 298[0m
[32mINFO:[0m [35monnx_op_type[0m: Conv[35m onnx_op_name[0m: /model.0/conv/Conv
[32mINFO:[0m [36m input_name.1[0m: images [36mshape[0m: [1, 3, 256, 256] [36mdtype[0m: float32
[32mINFO:[0m [36m input_name.2[0m: model.0.conv.weight [36mshape[0m: [16, 3, 3, 3] [36mdtype[0m: float32
[32mINFO:[0m [36m input_name.3[0m: model.0.conv.bias [36mshape[0m: [16] [36mdtype[0m: float32
[32mINFO:[0m [36m output_name.1[0m: /model.0/conv/Conv_output_0 [36mshape[0m: [1, 16, 128, 128] [36mdtype[0m: float32
[32mINFO:[0m [35mtf_op_type[0m: convolution_v2
[32mINFO:[0m [34m input.1.input[0m: [34mname[0m: tf.compat.v1.pad/Pad:0 [34mshape[0m: (1, 258, 258, 3) [34mdtype[0m: <dtype: 'float32'> 
[32mINFO:[0m [34m input.2.weights[0m: [34mshape[0m: (3, 3, 3, 16) [34mdtype[0m: <dtype: 'float32'> 
[32mINFO:[0m [34m input.3.bias[0m: [34mshape[0m: (16,) [34mdtype[0m: <dtype: 'float32'> 
[32mINFO:[0m [34m input.4.strides[0m: [34mval[0m: [2, 2] 
[32mINFO:[0m [34m input.5.dilations[0m: [34mval[0m: [1, 1] 
[32mINFO:[0m [34m input.6.padding[0m: [34mval[0m: VALID 
[32mINFO:[0m [34m input.7.group[0m: [34mval[0m: 1 
[32mINFO:[0m [34m output.1.output[0m: [34mname[0m: tf.math.add/Add:0 [34mshape[0m: (1, 128, 128, 16) [34mdtype[0m: <dtype: 'float32'> 

[32mINFO:[0m [32m3 / 298[0m
[32mINFO:[0m [35monnx_op_type[0m: Sigmoid[35m onnx_op_name[0m: /model.0/act/Sigmoid
[32mINFO:[0m [36m input_name.1[0m: /model.0/conv/Conv_output_0 [36mshape[0m: [1, 16, 128, 128] [36mdtype[0m: float32
[32mINFO:[0m [36m output_name.1[0m: /model.0/act/Sigmoid_output_0 [36mshape[0m: [1, 16, 128, 128] [36mdtype[0m: float32
[32mINFO:[0m [35mtf_op_type[0m: sigmoid
[32mINFO:[0m [34m input.1.x[0m: [34mname[0m: tf.math.add/Add:0 [34mshape[0m: (1, 128, 128, 16) [34mdtype[0m: <dtype: 'float32'> 
[32mINFO:[0m [34m output.1.output[0m: [34mname[0m: tf.math.sigmoid/Sigmoid:0 [34mshape[0m: (1, 128, 128, 16) [34mdtype[0m: <dtype: 'float32'> 

[32mINFO:[0m [32m4 / 298[0m
[32mINFO:[0m [35monnx_op_type[0m: Mul[35m onnx_op_name[0m: /model.0/act/Mul
[32mINFO:[0m [36m input_name.1[0m: /model.0/conv/Conv_output_0 [36mshape[0m: [1, 16, 128, 128] [36mdtype[0m: float32
[32mINFO:[0m [36m input_name.2[0m: /model.0/act/Sigmoid_output_0 [36mshape[0m: [1, 16, 128, 128] [36mdtype[0m: float32
[32mINFO:[0m [36m output_name.1[0m: /model.0/act/Mul_output_0 [36mshape[0m: [1, 16, 128, 128] [36mdtype[0m: float32
[32mINFO:[0m [35mtf_op_type[0m: multiply
[32mINFO:[0m [34m input.1.x[0m: [34mname[0m: tf.math.add/Add:0 [34mshape[0m: (1, 128, 128, 16) [34mdtype[0m: <dtype: 'float32'> 
[32mINFO:[0m [34m input.2.y[0m: [34mname[0m: tf.math.sigmoid/Sigmoid:0 [34mshape[0m: (1, 128, 128, 16) [34mdtype[0m: <dtype: 'float32'> 
[32mINFO:[0m [34m output.1.output[0m: [34mname[0m: tf.math.multiply_3/Mul:0 [34mshape[0m: (1, 128, 128, 16) [34mdtype[0m: <dtype: 'float32'> 

[32mINFO:[0m [32m5 / 298[0m
[32mINFO:[0m [35monnx_op_type[0m: Conv[35m onnx_op_name[0m: /model.1/conv/Conv
[32mINFO:[0m [36m input_name.1[0m: /model.0/act/Mul_output_0 [36mshape[0m: [1, 16, 128, 128] [36mdtype[0m: float32
[32mINFO:[0m [36m input_name.2[0m: model.1.conv.weight [36mshape[0m: [32, 16, 3, 3] [36mdtype[0m: float32
[32mINFO:[0m [36m input_name.3[0m: model.1.conv.bias [36mshape[0m: [32] [36mdtype[0m: float32
[32mINFO:[0m [36m output_name.1[0m: /model.1/conv/Conv_output_0 [36mshape[0m: [1, 32, 64, 64] [36mdtype[0m: float32
[32mINFO:[0m [35mtf_op_type[0m: convolution_v2
[32mINFO:[0m [34m input.1.input[0m: [34mname[0m: tf.compat.v1.pad_1/Pad:0 [34mshape[0m: (1, 130, 130, 16) [34mdtype[0m: <dtype: 'float32'> 
[32mINFO:[0m [34m input.2.weights[0m: [34mshape[0m: (3, 3, 16, 32) [34mdtype[0m: <dtype: 'float32'> 
[32mINFO:[0m [34m input.3.bias[0m: [34mshape[0m: (32,) [34mdtype[0m: <dtype: 'float32'> 
[32mINFO:[0m [34m input.4.strides[0m: [34mval[0m: [2, 2] 
[32mINFO:[0m [34m input.5.dilations[0m: [34mval[0m: [1, 1] 
[32mINFO:[0m [34m input.6.padding[0m: [34mval[0m: VALID 
[32mINFO:[0m [34m input.7.group[0m: [34mval[0m: 1 
[32mINFO:[0m [34m output.1.output[0m: [34mname[0m: tf.math.add_1/Add:0 [34mshape[0m: (1, 64, 64, 32) [34mdtype[0m: <dtype: 'float32'> 

[32mINFO:[0m [32m6 / 298[0m
[32mINFO:[0m [35monnx_op_type[0m: Sigmoid[35m onnx_op_name[0m: /model.1/act/Sigmoid
[32mINFO:[0m [36m input_name.1[0m: /model.1/conv/Conv_output_0 [36mshape[0m: [1, 32, 64, 64] [36mdtype[0m: float32
[32mINFO:[0m [36m output_name.1[0m: /model.1/act/Sigmoid_output_0 [36mshape[0m: [1, 32, 64, 64] [36mdtype[0m: float32
[32mINFO:[0m [35mtf_op_type[0m: sigmoid
[32mINFO:[0m [34m input.1.x[0m: [34mname[0m: tf.math.add_1/Add:0 [34mshape[0m: (1, 64, 64, 32) [34mdtype[0m: <dtype: 'float32'> 
[32mINFO:[0m [34m output.1.output[0m: [34mname[0m: tf.math.sigmoid_1/Sigmoid:0 [34mshape[0m: (1, 64, 64, 32) [34mdtype[0m: <dtype: 'float32'> 

[32mINFO:[0m [32m7 / 298[0m
[32mINFO:[0m [35monnx_op_type[0m: Mul[35m onnx_op_name[0m: /model.1/act/Mul
[32mINFO:[0m [36m input_name.1[0m: /model.1/conv/Conv_output_0 [36mshape[0m: [1, 32, 64, 64] [36mdtype[0m: float32
[32mINFO:[0m [36m input_name.2[0m: /model.1/act/Sigmoid_output_0 [36mshape[0m: [1, 32, 64, 64] [36mdtype[0m: float32
[32mINFO:[0m [36m output_name.1[0m: /model.1/act/Mul_output_0 [36mshape[0m: [1, 32, 64, 64] [36mdtype[0m: float32
[32mINFO:[0m [35mtf_op_type[0m: multiply
[32mINFO:[0m [34m input.1.x[0m: [34mname[0m: tf.math.add_1/Add:0 [34mshape[0m: (1, 64, 64, 32) [34mdtype[0m: <dtype: 'float32'> 
[32mINFO:[0m [34m input.2.y[0m: [34mname[0m: tf.math.sigmoid_1/Sigmoid:0 [34mshape[0m: (1, 64, 64, 32) [34mdtype[0m: <dtype: 'float32'> 
[32mINFO:[0m [34m output.1.output[0m: [34mname[0m: tf.math.multiply_7/Mul:0 [34mshape[0m: (1, 64, 64, 32) [34mdtype[0m: <dtype: 'float32'> 

[32mINFO:[0m [32m8 / 298[0m
[32mINFO:[0m [35monnx_op_type[0m: Conv[35m onnx_op_name[0m: /model.2/cv1/conv/Conv
[32mINFO:[0m [36m input_name.1[0m: /model.1/act/Mul_output_0 [36mshape[0m: [1, 32, 64, 64] [36mdtype[0m: float32
[32mINFO:[0m [36m input_name.2[0m: model.2.cv1.conv.weight [36mshape[0m: [32, 32, 1, 1] [36mdtype[0m: float32
[32mINFO:[0m [36m input_name.3[0m: model.2.cv1.conv.bias [36mshape[0m: [32] [36mdtype[0m: float32
[32mINFO:[0m [36m output_name.1[0m: /model.2/cv1/conv/Conv_output_0 [36mshape[0m: [1, 32, 64, 64] [36mdtype[0m: float32
[32mINFO:[0m [35mtf_op_type[0m: convolution_v2
[32mINFO:[0m [34m input.1.input[0m: [34mname[0m: tf.math.multiply_7/Mul:0 [34mshape[0m: (1, 64, 64, 32) [34mdtype[0m: <dtype: 'float32'> 
[32mINFO:[0m [34m input.2.weights[0m: [34mshape[0m: (1, 1, 32, 32) [34mdtype[0m: <dtype: 'float32'> 
[32mINFO:[0m [34m input.3.bias[0m: [34mshape[0m: (32,) [34mdtype[0m: <dtype: 'float32'> 
[32mINFO:[0m [34m input.4.strides[0m: [34mval[0m: [1, 1] 
[32mINFO:[0m [34m input.5.dilations[0m: [34mval[0m: [1, 1] 
[32mINFO:[0m [34m input.6.padding[0m: [34mval[0m: SAME 
[32mINFO:[0m [34m input.7.group[0m: [34mval[0m: 1 
[32mINFO:[0m [34m output.1.output[0m: [34mname[0m: tf.math.add_2/Add:0 [34mshape[0m: (1, 64, 64, 32) [34mdtype[0m: <dtype: 'float32'> 

[32mINFO:[0m [32m9 / 298[0m
[32mINFO:[0m [35monnx_op_type[0m: Sigmoid[35m onnx_op_name[0m: /model.2/cv1/act/Sigmoid
[32mINFO:[0m [36m input_name.1[0m: /model.2/cv1/conv/Conv_output_0 [36mshape[0m: [1, 32, 64, 64] [36mdtype[0m: float32
[32mINFO:[0m [36m output_name.1[0m: /model.2/cv1/act/Sigmoid_output_0 [36mshape[0m: [1, 32, 64, 64] [36mdtype[0m: float32
[32mINFO:[0m [35mtf_op_type[0m: sigmoid
[32mINFO:[0m [34m input.1.x[0m: [34mname[0m: tf.math.add_2/Add:0 [34mshape[0m: (1, 64, 64, 32) [34mdtype[0m: <dtype: 'float32'> 
[32mINFO:[0m [34m output.1.output[0m: [34mname[0m: tf.math.sigmoid_2/Sigmoid:0 [34mshape[0m: (1, 64, 64, 32) [34mdtype[0m: <dtype: 'float32'> 

[32mINFO:[0m [32m10 / 298[0m
[32mINFO:[0m [35monnx_op_type[0m: Mul[35m onnx_op_name[0m: /model.2/cv1/act/Mul
[32mINFO:[0m [36m input_name.1[0m: /model.2/cv1/conv/Conv_output_0 [36mshape[0m: [1, 32, 64, 64] [36mdtype[0m: float32
[32mINFO:[0m [36m input_name.2[0m: /model.2/cv1/act/Sigmoid_output_0 [36mshape[0m: [1, 32, 64, 64] [36mdtype[0m: float32
[32mINFO:[0m [36m output_name.1[0m: /model.2/cv1/act/Mul_output_0 [36mshape[0m: [1, 32, 64, 64] [36mdtype[0m: float32
[32mINFO:[0m [35mtf_op_type[0m: multiply
[32mINFO:[0m [34m input.1.x[0m: [34mname[0m: tf.math.add_2/Add:0 [34mshape[0m: (1, 64, 64, 32) [34mdtype[0m: <dtype: 'float32'> 
[32mINFO:[0m [34m input.2.y[0m: [34mname[0m: tf.math.sigmoid_2/Sigmoid:0 [34mshape[0m: (1, 64, 64, 32) [34mdtype[0m: <dtype: 'float32'> 
[32mINFO:[0m [34m output.1.output[0m: [34mname[0m: tf.math.multiply_11/Mul:0 [34mshape[0m: (1, 64, 64, 32) [34mdtype[0m: <dtype: 'float32'> 

[32mINFO:[0m [32m11 / 298[0m
[32mINFO:[0m [35monnx_op_type[0m: Split[35m onnx_op_name[0m: /model.2/Split
[32mINFO:[0m [36m input_name.1[0m: /model.2/cv1/act/Mul_output_0 [36mshape[0m: [1, 32, 64, 64] [36mdtype[0m: float32
[32mINFO:[0m [36m output_name.1[0m: /model.2/Split_output_0 [36mshape[0m: [1, 16, 64, 64] [36mdtype[0m: float32
[32mINFO:[0m [36m output_name.2[0m: /model.2/Split_output_1 [36mshape[0m: [1, 16, 64, 64] [36mdtype[0m: float32
[32mINFO:[0m [35mtf_op_type[0m: split
[32mINFO:[0m [34m input.1.value[0m: [34mname[0m: tf.math.multiply_11/Mul:0 [34mshape[0m: (1, 64, 64, 32) [34mdtype[0m: <dtype: 'float32'> 
[32mINFO:[0m [34m input.2.num_or_size_splits[0m: [34mval[0m: [16, 16] 
[32mINFO:[0m [34m input.3.axis[0m: [34mval[0m: 3 
[32mINFO:[0m [34m input.4.num[0m: 
[32mINFO:[0m [34m output.1.output0[0m: [34mname[0m: tf.split/split:0 [34mshape[0m: (1, 64, 64, 16) [34mdtype[0m: <dtype: 'float32'> 
[32mINFO:[0m [34m output.2.output1[0m: [34mname[0m: tf.split/split:1 [34mshape[0m: (1, 64, 64, 16) [34mdtype[0m: <dtype: 'float32'> 

[32mINFO:[0m [32m12 / 298[0m
[32mINFO:[0m [35monnx_op_type[0m: Conv[35m onnx_op_name[0m: /model.2/m.0/cv1/conv/Conv
[32mINFO:[0m [36m input_name.1[0m: /model.2/Split_output_1 [36mshape[0m: [1, 16, 64, 64] [36mdtype[0m: float32
[32mINFO:[0m [36m input_name.2[0m: model.2.m.0.cv1.conv.weight [36mshape[0m: [8, 16, 3, 3] [36mdtype[0m: float32
[32mINFO:[0m [36m input_name.3[0m: model.2.m.0.cv1.conv.bias [36mshape[0m: [8] [36mdtype[0m: float32
[32mINFO:[0m [36m output_name.1[0m: /model.2/m.0/cv1/conv/Conv_output_0 [36mshape[0m: [1, 8, 64, 64] [36mdtype[0m: float32
[32mINFO:[0m [35mtf_op_type[0m: convolution_v2
[32mINFO:[0m [34m input.1.input[0m: [34mname[0m: tf.split/split:1 [34mshape[0m: (1, 64, 64, 16) [34mdtype[0m: <dtype: 'float32'> 
[32mINFO:[0m [34m input.2.weights[0m: [34mshape[0m: (3, 3, 16, 8) [34mdtype[0m: <dtype: 'float32'> 
[32mINFO:[0m [34m input.3.bias[0m: [34mshape[0m: (8,) [34mdtype[0m: <dtype: 'float32'> 
[32mINFO:[0m [34m input.4.strides[0m: [34mval[0m: [1, 1] 
[32mINFO:[0m [34m input.5.dilations[0m: [34mval[0m: [1, 1] 
[32mINFO:[0m [34m input.6.padding[0m: [34mval[0m: SAME 
[32mINFO:[0m [34m input.7.group[0m: [34mval[0m: 1 
[32mINFO:[0m [34m output.1.output[0m: [34mname[0m: tf.math.add_3/Add:0 [34mshape[0m: (1, 64, 64, 8) [34mdtype[0m: <dtype: 'float32'> 

[32mINFO:[0m [32m13 / 298[0m
[32mINFO:[0m [35monnx_op_type[0m: Sigmoid[35m onnx_op_name[0m: /model.2/m.0/cv1/act/Sigmoid
[32mINFO:[0m [36m input_name.1[0m: /model.2/m.0/cv1/conv/Conv_output_0 [36mshape[0m: [1, 8, 64, 64] [36mdtype[0m: float32
[32mINFO:[0m [36m output_name.1[0m: /model.2/m.0/cv1/act/Sigmoid_output_0 [36mshape[0m: [1, 8, 64, 64] [36mdtype[0m: float32
[32mINFO:[0m [35mtf_op_type[0m: sigmoid
[32mINFO:[0m [34m input.1.x[0m: [34mname[0m: tf.math.add_3/Add:0 [34mshape[0m: (1, 64, 64, 8) [34mdtype[0m: <dtype: 'float32'> 
[32mINFO:[0m [34m output.1.output[0m: [34mname[0m: tf.math.sigmoid_3/Sigmoid:0 [34mshape[0m: (1, 64, 64, 8) [34mdtype[0m: <dtype: 'float32'> 

[32mINFO:[0m [32m14 / 298[0m
[32mINFO:[0m [35monnx_op_type[0m: Mul[35m onnx_op_name[0m: /model.2/m.0/cv1/act/Mul
[32mINFO:[0m [36m input_name.1[0m: /model.2/m.0/cv1/conv/Conv_output_0 [36mshape[0m: [1, 8, 64, 64] [36mdtype[0m: float32
[32mINFO:[0m [36m input_name.2[0m: /model.2/m.0/cv1/act/Sigmoid_output_0 [36mshape[0m: [1, 8, 64, 64] [36mdtype[0m: float32
[32mINFO:[0m [36m output_name.1[0m: /model.2/m.0/cv1/act/Mul_output_0 [36mshape[0m: [1, 8, 64, 64] [36mdtype[0m: float32
[32mINFO:[0m [35mtf_op_type[0m: multiply
[32mINFO:[0m [34m input.1.x[0m: [34mname[0m: tf.math.add_3/Add:0 [34mshape[0m: (1, 64, 64, 8) [34mdtype[0m: <dtype: 'float32'> 
[32mINFO:[0m [34m input.2.y[0m: [34mname[0m: tf.math.sigmoid_3/Sigmoid:0 [34mshape[0m: (1, 64, 64, 8) [34mdtype[0m: <dtype: 'float32'> 
[32mINFO:[0m [34m output.1.output[0m: [34mname[0m: tf.math.multiply_15/Mul:0 [34mshape[0m: (1, 64, 64, 8) [34mdtype[0m: <dtype: 'float32'> 

[32mINFO:[0m [32m15 / 298[0m
[32mINFO:[0m [35monnx_op_type[0m: Conv[35m onnx_op_name[0m: /model.2/m.0/cv2/conv/Conv
[32mINFO:[0m [36m input_name.1[0m: /model.2/m.0/cv1/act/Mul_output_0 [36mshape[0m: [1, 8, 64, 64] [36mdtype[0m: float32
[32mINFO:[0m [36m input_name.2[0m: model.2.m.0.cv2.conv.weight [36mshape[0m: [16, 8, 3, 3] [36mdtype[0m: float32
[32mINFO:[0m [36m input_name.3[0m: model.2.m.0.cv2.conv.bias [36mshape[0m: [16] [36mdtype[0m: float32
[32mINFO:[0m [36m output_name.1[0m: /model.2/m.0/cv2/conv/Conv_output_0 [36mshape[0m: [1, 16, 64, 64] [36mdtype[0m: float32
[32mINFO:[0m [35mtf_op_type[0m: convolution_v2
[32mINFO:[0m [34m input.1.input[0m: [34mname[0m: tf.math.multiply_15/Mul:0 [34mshape[0m: (1, 64, 64, 8) [34mdtype[0m: <dtype: 'float32'> 
[32mINFO:[0m [34m input.2.weights[0m: [34mshape[0m: (3, 3, 8, 16) [34mdtype[0m: <dtype: 'float32'> 
[32mINFO:[0m [34m input.3.bias[0m: [34mshape[0m: (16,) [34mdtype[0m: <dtype: 'float32'> 
[32mINFO:[0m [34m input.4.strides[0m: [34mval[0m: [1, 1] 
[32mINFO:[0m [34m input.5.dilations[0m: [34mval[0m: [1, 1] 
[32mINFO:[0m [34m input.6.padding[0m: [34mval[0m: SAME 
[32mINFO:[0m [34m input.7.group[0m: [34mval[0m: 1 
[32mINFO:[0m [34m output.1.output[0m: [34mname[0m: tf.math.add_4/Add:0 [34mshape[0m: (1, 64, 64, 16) [34mdtype[0m: <dtype: 'float32'> 

[32mINFO:[0m [32m16 / 298[0m
[32mINFO:[0m [35monnx_op_type[0m: Sigmoid[35m onnx_op_name[0m: /model.2/m.0/cv2/act/Sigmoid
[32mINFO:[0m [36m input_name.1[0m: /model.2/m.0/cv2/conv/Conv_output_0 [36mshape[0m: [1, 16, 64, 64] [36mdtype[0m: float32
[32mINFO:[0m [36m output_name.1[0m: /model.2/m.0/cv2/act/Sigmoid_output_0 [36mshape[0m: [1, 16, 64, 64] [36mdtype[0m: float32
[32mINFO:[0m [35mtf_op_type[0m: sigmoid
[32mINFO:[0m [34m input.1.x[0m: [34mname[0m: tf.math.add_4/Add:0 [34mshape[0m: (1, 64, 64, 16) [34mdtype[0m: <dtype: 'float32'> 
[32mINFO:[0m [34m output.1.output[0m: [34mname[0m: tf.math.sigmoid_4/Sigmoid:0 [34mshape[0m: (1, 64, 64, 16) [34mdtype[0m: <dtype: 'float32'> 

[32mINFO:[0m [32m17 / 298[0m
[32mINFO:[0m [35monnx_op_type[0m: Mul[35m onnx_op_name[0m: /model.2/m.0/cv2/act/Mul
[32mINFO:[0m [36m input_name.1[0m: /model.2/m.0/cv2/conv/Conv_output_0 [36mshape[0m: [1, 16, 64, 64] [36mdtype[0m: float32
[32mINFO:[0m [36m input_name.2[0m: /model.2/m.0/cv2/act/Sigmoid_output_0 [36mshape[0m: [1, 16, 64, 64] [36mdtype[0m: float32
[32mINFO:[0m [36m output_name.1[0m: /model.2/m.0/cv2/act/Mul_output_0 [36mshape[0m: [1, 16, 64, 64] [36mdtype[0m: float32
[32mINFO:[0m [35mtf_op_type[0m: multiply
[32mINFO:[0m [34m input.1.x[0m: [34mname[0m: tf.math.add_4/Add:0 [34mshape[0m: (1, 64, 64, 16) [34mdtype[0m: <dtype: 'float32'> 
[32mINFO:[0m [34m input.2.y[0m: [34mname[0m: tf.math.sigmoid_4/Sigmoid:0 [34mshape[0m: (1, 64, 64, 16) [34mdtype[0m: <dtype: 'float32'> 
[32mINFO:[0m [34m output.1.output[0m: [34mname[0m: tf.math.multiply_19/Mul:0 [34mshape[0m: (1, 64, 64, 16) [34mdtype[0m: <dtype: 'float32'> 

[32mINFO:[0m [32m18 / 298[0m
[32mINFO:[0m [35monnx_op_type[0m: Add[35m onnx_op_name[0m: /model.2/m.0/Add
[32mINFO:[0m [36m input_name.1[0m: /model.2/Split_output_1 [36mshape[0m: [1, 16, 64, 64] [36mdtype[0m: float32
[32mINFO:[0m [36m input_name.2[0m: /model.2/m.0/cv2/act/Mul_output_0 [36mshape[0m: [1, 16, 64, 64] [36mdtype[0m: float32
[32mINFO:[0m [36m output_name.1[0m: /model.2/m.0/Add_output_0 [36mshape[0m: [1, 16, 64, 64] [36mdtype[0m: float32
[32mINFO:[0m [35mtf_op_type[0m: add
[32mINFO:[0m [34m input.1.x[0m: [34mname[0m: tf.compat.v1.transpose_6/transpose:0 [34mshape[0m: (1, 16, 64, 64) [34mdtype[0m: <dtype: 'float32'> 
[32mINFO:[0m [34m input.2.y[0m: [34mname[0m: tf.compat.v1.transpose_7/transpose:0 [34mshape[0m: (1, 16, 64, 64) [34mdtype[0m: <dtype: 'float32'> 
[32mINFO:[0m [34m output.1.output[0m: [34mname[0m: tf.math.add_7/Add:0 [34mshape[0m: (1, 16, 64, 64) [34mdtype[0m: <dtype: 'float32'> 

[32mINFO:[0m [32m19 / 298[0m
[32mINFO:[0m [35monnx_op_type[0m: Concat[35m onnx_op_name[0m: /model.2/Concat
[32mINFO:[0m [36m input_name.1[0m: /model.2/Split_output_0 [36mshape[0m: [1, 16, 64, 64] [36mdtype[0m: float32
[32mINFO:[0m [36m input_name.2[0m: /model.2/Split_output_1 [36mshape[0m: [1, 16, 64, 64] [36mdtype[0m: float32
[32mINFO:[0m [36m input_name.3[0m: /model.2/m.0/Add_output_0 [36mshape[0m: [1, 16, 64, 64] [36mdtype[0m: float32
[32mINFO:[0m [36m output_name.1[0m: /model.2/Concat_output_0 [36mshape[0m: [1, 48, 64, 64] [36mdtype[0m: float32
[32mINFO:[0m [35mtf_op_type[0m: concat
[32mINFO:[0m [34m input.1.input0[0m: [34mname[0m: tf.compat.v1.transpose_560/transpose:0 [34mshape[0m: (1, 16, 64, 64) [34mdtype[0m: <dtype: 'float32'> 
[32mINFO:[0m [34m input.2.input1[0m: [34mname[0m: tf.compat.v1.transpose_561/transpose:0 [34mshape[0m: (1, 16, 64, 64) [34mdtype[0m: <dtype: 'float32'> 
[32mINFO:[0m [34m input.3.input2[0m: [34mname[0m: tf.math.add_7/Add:0 [34mshape[0m: (1, 16, 64, 64) [34mdtype[0m: <dtype: 'float32'> 
[32mINFO:[0m [34m input.4.axis[0m: [34mval[0m: 1 
[32mINFO:[0m [34m output.1.output[0m: [34mname[0m: tf.concat_193/concat:0 [34mshape[0m: (1, 48, 64, 64) [34mdtype[0m: <dtype: 'float32'> 

[32mINFO:[0m [32m20 / 298[0m
[32mINFO:[0m [35monnx_op_type[0m: Conv[35m onnx_op_name[0m: /model.2/cv2/conv/Conv
[32mINFO:[0m [36m input_name.1[0m: /model.2/Concat_output_0 [36mshape[0m: [1, 48, 64, 64] [36mdtype[0m: float32
[32mINFO:[0m [36m input_name.2[0m: model.2.cv2.conv.weight [36mshape[0m: [64, 48, 1, 1] [36mdtype[0m: float32
[32mINFO:[0m [36m input_name.3[0m: model.2.cv2.conv.bias [36mshape[0m: [64] [36mdtype[0m: float32
[32mINFO:[0m [36m output_name.1[0m: /model.2/cv2/conv/Conv_output_0 [36mshape[0m: [1, 64, 64, 64] [36mdtype[0m: float32
[32mINFO:[0m [35mtf_op_type[0m: convolution_v2
[32mINFO:[0m [34m input.1.input[0m: [34mname[0m: tf.compat.v1.transpose_562/transpose:0 [34mshape[0m: (1, 64, 64, 48) [34mdtype[0m: <dtype: 'float32'> 
[32mINFO:[0m [34m input.2.weights[0m: [34mshape[0m: (1, 1, 48, 64) [34mdtype[0m: <dtype: 'float32'> 
[32mINFO:[0m [34m input.3.bias[0m: [34mshape[0m: (64,) [34mdtype[0m: <dtype: 'float32'> 
[32mINFO:[0m [34m input.4.strides[0m: [34mval[0m: [1, 1] 
[32mINFO:[0m [34m input.5.dilations[0m: [34mval[0m: [1, 1] 
[32mINFO:[0m [34m input.6.padding[0m: [34mval[0m: SAME 
[32mINFO:[0m [34m input.7.group[0m: [34mval[0m: 1 
[32mINFO:[0m [34m output.1.output[0m: [34mname[0m: tf.math.add_8/Add:0 [34mshape[0m: (1, 64, 64, 64) [34mdtype[0m: <dtype: 'float32'> 

[32mINFO:[0m [32m21 / 298[0m
[32mINFO:[0m [35monnx_op_type[0m: Sigmoid[35m onnx_op_name[0m: /model.2/cv2/act/Sigmoid
[32mINFO:[0m [36m input_name.1[0m: /model.2/cv2/conv/Conv_output_0 [36mshape[0m: [1, 64, 64, 64] [36mdtype[0m: float32
[32mINFO:[0m [36m output_name.1[0m: /model.2/cv2/act/Sigmoid_output_0 [36mshape[0m: [1, 64, 64, 64] [36mdtype[0m: float32
[32mINFO:[0m [35mtf_op_type[0m: sigmoid
[32mINFO:[0m [34m input.1.x[0m: [34mname[0m: tf.math.add_8/Add:0 [34mshape[0m: (1, 64, 64, 64) [34mdtype[0m: <dtype: 'float32'> 
[32mINFO:[0m [34m output.1.output[0m: [34mname[0m: tf.math.sigmoid_5/Sigmoid:0 [34mshape[0m: (1, 64, 64, 64) [34mdtype[0m: <dtype: 'float32'> 

[32mINFO:[0m [32m22 / 298[0m
[32mINFO:[0m [35monnx_op_type[0m: Mul[35m onnx_op_name[0m: /model.2/cv2/act/Mul
[32mINFO:[0m [36m input_name.1[0m: /model.2/cv2/conv/Conv_output_0 [36mshape[0m: [1, 64, 64, 64] [36mdtype[0m: float32
[32mINFO:[0m [36m input_name.2[0m: /model.2/cv2/act/Sigmoid_output_0 [36mshape[0m: [1, 64, 64, 64] [36mdtype[0m: float32
[32mINFO:[0m [36m output_name.1[0m: /model.2/cv2/act/Mul_output_0 [36mshape[0m: [1, 64, 64, 64] [36mdtype[0m: float32
[32mINFO:[0m [35mtf_op_type[0m: multiply
[32mINFO:[0m [34m input.1.x[0m: [34mname[0m: tf.compat.v1.transpose_564/transpose:0 [34mshape[0m: (1, 64, 64, 64) [34mdtype[0m: <dtype: 'float32'> 
[32mINFO:[0m [34m input.2.y[0m: [34mname[0m: tf.compat.v1.transpose_565/transpose:0 [34mshape[0m: (1, 64, 64, 64) [34mdtype[0m: <dtype: 'float32'> 
[32mINFO:[0m [34m output.1.output[0m: [34mname[0m: tf.math.multiply_25/Mul:0 [34mshape[0m: (1, 64, 64, 64) [34mdtype[0m: <dtype: 'float32'> 

[32mINFO:[0m [32m23 / 298[0m
[32mINFO:[0m [35monnx_op_type[0m: Conv[35m onnx_op_name[0m: /model.3/conv/Conv
[32mINFO:[0m [36m input_name.1[0m: /model.2/cv2/act/Mul_output_0 [36mshape[0m: [1, 64, 64, 64] [36mdtype[0m: float32
[32mINFO:[0m [36m input_name.2[0m: model.3.conv.weight [36mshape[0m: [64, 64, 3, 3] [36mdtype[0m: float32
[32mINFO:[0m [36m input_name.3[0m: model.3.conv.bias [36mshape[0m: [64] [36mdtype[0m: float32
[32mINFO:[0m [36m output_name.1[0m: /model.3/conv/Conv_output_0 [36mshape[0m: [1, 64, 32, 32] [36mdtype[0m: float32
[32mINFO:[0m [35mtf_op_type[0m: convolution_v2
[32mINFO:[0m [34m input.1.input[0m: [34mname[0m: tf.compat.v1.transpose_566/transpose:0 [34mshape[0m: (1, 66, 66, 64) [34mdtype[0m: <dtype: 'float32'> 
[32mINFO:[0m [34m input.2.weights[0m: [34mshape[0m: (3, 3, 64, 64) [34mdtype[0m: <dtype: 'float32'> 
[32mINFO:[0m [34m input.3.bias[0m: [34mshape[0m: (64,) [34mdtype[0m: <dtype: 'float32'> 
[32mINFO:[0m [34m input.4.strides[0m: [34mval[0m: [2, 2] 
[32mINFO:[0m [34m input.5.dilations[0m: [34mval[0m: [1, 1] 
[32mINFO:[0m [34m input.6.padding[0m: [34mval[0m: VALID 
[32mINFO:[0m [34m input.7.group[0m: [34mval[0m: 1 
[32mINFO:[0m [34m output.1.output[0m: [34mname[0m: tf.math.add_16/Add:0 [34mshape[0m: (1, 32, 32, 64) [34mdtype[0m: <dtype: 'float32'> 

[32mINFO:[0m [32m24 / 298[0m
[32mINFO:[0m [35monnx_op_type[0m: Sigmoid[35m onnx_op_name[0m: /model.3/act/Sigmoid
[32mINFO:[0m [36m input_name.1[0m: /model.3/conv/Conv_output_0 [36mshape[0m: [1, 64, 32, 32] [36mdtype[0m: float32
[32mINFO:[0m [36m output_name.1[0m: /model.3/act/Sigmoid_output_0 [36mshape[0m: [1, 64, 32, 32] [36mdtype[0m: float32
[32mINFO:[0m [35mtf_op_type[0m: sigmoid
[32mINFO:[0m [34m input.1.x[0m: [34mname[0m: tf.math.add_16/Add:0 [34mshape[0m: (1, 32, 32, 64) [34mdtype[0m: <dtype: 'float32'> 
[32mINFO:[0m [34m output.1.output[0m: [34mname[0m: tf.math.sigmoid_6/Sigmoid:0 [34mshape[0m: (1, 32, 32, 64) [34mdtype[0m: <dtype: 'float32'> 

[32mINFO:[0m [32m25 / 298[0m
[32mINFO:[0m [35monnx_op_type[0m: Mul[35m onnx_op_name[0m: /model.3/act/Mul
[32mINFO:[0m [36m input_name.1[0m: /model.3/conv/Conv_output_0 [36mshape[0m: [1, 64, 32, 32] [36mdtype[0m: float32
[32mINFO:[0m [36m input_name.2[0m: /model.3/act/Sigmoid_output_0 [36mshape[0m: [1, 64, 32, 32] [36mdtype[0m: float32
[32mINFO:[0m [36m output_name.1[0m: /model.3/act/Mul_output_0 [36mshape[0m: [1, 64, 32, 32] [36mdtype[0m: float32
[32mINFO:[0m [35mtf_op_type[0m: multiply
[32mINFO:[0m [34m input.1.x[0m: [34mname[0m: tf.math.add_16/Add:0 [34mshape[0m: (1, 32, 32, 64) [34mdtype[0m: <dtype: 'float32'> 
[32mINFO:[0m [34m input.2.y[0m: [34mname[0m: tf.math.sigmoid_6/Sigmoid:0 [34mshape[0m: (1, 32, 32, 64) [34mdtype[0m: <dtype: 'float32'> 
[32mINFO:[0m [34m output.1.output[0m: [34mname[0m: tf.math.multiply_29/Mul:0 [34mshape[0m: (1, 32, 32, 64) [34mdtype[0m: <dtype: 'float32'> 

[32mINFO:[0m [32m26 / 298[0m
[32mINFO:[0m [35monnx_op_type[0m: Conv[35m onnx_op_name[0m: /model.4/cv1/conv/Conv
[32mINFO:[0m [36m input_name.1[0m: /model.3/act/Mul_output_0 [36mshape[0m: [1, 64, 32, 32] [36mdtype[0m: float32
[32mINFO:[0m [36m input_name.2[0m: model.4.cv1.conv.weight [36mshape[0m: [64, 64, 1, 1] [36mdtype[0m: float32
[32mINFO:[0m [36m input_name.3[0m: model.4.cv1.conv.bias [36mshape[0m: [64] [36mdtype[0m: float32
[32mINFO:[0m [36m output_name.1[0m: /model.4/cv1/conv/Conv_output_0 [36mshape[0m: [1, 64, 32, 32] [36mdtype[0m: float32
[32mINFO:[0m [35mtf_op_type[0m: convolution_v2
[32mINFO:[0m [34m input.1.input[0m: [34mname[0m: tf.math.multiply_29/Mul:0 [34mshape[0m: (1, 32, 32, 64) [34mdtype[0m: <dtype: 'float32'> 
[32mINFO:[0m [34m input.2.weights[0m: [34mshape[0m: (1, 1, 64, 64) [34mdtype[0m: <dtype: 'float32'> 
[32mINFO:[0m [34m input.3.bias[0m: [34mshape[0m: (64,) [34mdtype[0m: <dtype: 'float32'> 
[32mINFO:[0m [34m input.4.strides[0m: [34mval[0m: [1, 1] 
[32mINFO:[0m [34m input.5.dilations[0m: [34mval[0m: [1, 1] 
[32mINFO:[0m [34m input.6.padding[0m: [34mval[0m: SAME 
[32mINFO:[0m [34m input.7.group[0m: [34mval[0m: 1 
[32mINFO:[0m [34m output.1.output[0m: [34mname[0m: tf.math.add_17/Add:0 [34mshape[0m: (1, 32, 32, 64) [34mdtype[0m: <dtype: 'float32'> 

[32mINFO:[0m [32m27 / 298[0m
[32mINFO:[0m [35monnx_op_type[0m: Sigmoid[35m onnx_op_name[0m: /model.4/cv1/act/Sigmoid
[32mINFO:[0m [36m input_name.1[0m: /model.4/cv1/conv/Conv_output_0 [36mshape[0m: [1, 64, 32, 32] [36mdtype[0m: float32
[32mINFO:[0m [36m output_name.1[0m: /model.4/cv1/act/Sigmoid_output_0 [36mshape[0m: [1, 64, 32, 32] [36mdtype[0m: float32
[32mINFO:[0m [35mtf_op_type[0m: sigmoid
[32mINFO:[0m [34m input.1.x[0m: [34mname[0m: tf.math.add_17/Add:0 [34mshape[0m: (1, 32, 32, 64) [34mdtype[0m: <dtype: 'float32'> 
[32mINFO:[0m [34m output.1.output[0m: [34mname[0m: tf.math.sigmoid_7/Sigmoid:0 [34mshape[0m: (1, 32, 32, 64) [34mdtype[0m: <dtype: 'float32'> 

[32mINFO:[0m [32m28 / 298[0m
[32mINFO:[0m [35monnx_op_type[0m: Mul[35m onnx_op_name[0m: /model.4/cv1/act/Mul
[32mINFO:[0m [36m input_name.1[0m: /model.4/cv1/conv/Conv_output_0 [36mshape[0m: [1, 64, 32, 32] [36mdtype[0m: float32
[32mINFO:[0m [36m input_name.2[0m: /model.4/cv1/act/Sigmoid_output_0 [36mshape[0m: [1, 64, 32, 32] [36mdtype[0m: float32
[32mINFO:[0m [36m output_name.1[0m: /model.4/cv1/act/Mul_output_0 [36mshape[0m: [1, 64, 32, 32] [36mdtype[0m: float32
[32mINFO:[0m [35mtf_op_type[0m: multiply
[32mINFO:[0m [34m input.1.x[0m: [34mname[0m: tf.math.add_17/Add:0 [34mshape[0m: (1, 32, 32, 64) [34mdtype[0m: <dtype: 'float32'> 
[32mINFO:[0m [34m input.2.y[0m: [34mname[0m: tf.math.sigmoid_7/Sigmoid:0 [34mshape[0m: (1, 32, 32, 64) [34mdtype[0m: <dtype: 'float32'> 
[32mINFO:[0m [34m output.1.output[0m: [34mname[0m: tf.math.multiply_33/Mul:0 [34mshape[0m: (1, 32, 32, 64) [34mdtype[0m: <dtype: 'float32'> 

[32mINFO:[0m [32m29 / 298[0m
[32mINFO:[0m [35monnx_op_type[0m: Split[35m onnx_op_name[0m: /model.4/Split
[32mINFO:[0m [36m input_name.1[0m: /model.4/cv1/act/Mul_output_0 [36mshape[0m: [1, 64, 32, 32] [36mdtype[0m: float32
[32mINFO:[0m [36m output_name.1[0m: /model.4/Split_output_0 [36mshape[0m: [1, 32, 32, 32] [36mdtype[0m: float32
[32mINFO:[0m [36m output_name.2[0m: /model.4/Split_output_1 [36mshape[0m: [1, 32, 32, 32] [36mdtype[0m: float32
[32mINFO:[0m [35mtf_op_type[0m: split
[32mINFO:[0m [34m input.1.value[0m: [34mname[0m: tf.math.multiply_33/Mul:0 [34mshape[0m: (1, 32, 32, 64) [34mdtype[0m: <dtype: 'float32'> 
[32mINFO:[0m [34m input.2.num_or_size_splits[0m: [34mval[0m: [32, 32] 
[32mINFO:[0m [34m input.3.axis[0m: [34mval[0m: 3 
[32mINFO:[0m [34m input.4.num[0m: 
[32mINFO:[0m [34m output.1.output0[0m: [34mname[0m: tf.split_1/split:0 [34mshape[0m: (1, 32, 32, 32) [34mdtype[0m: <dtype: 'float32'> 
[32mINFO:[0m [34m output.2.output1[0m: [34mname[0m: tf.split_1/split:1 [34mshape[0m: (1, 32, 32, 32) [34mdtype[0m: <dtype: 'float32'> 

[32mINFO:[0m [32m30 / 298[0m
[32mINFO:[0m [35monnx_op_type[0m: Conv[35m onnx_op_name[0m: /model.4/m.0/cv1/conv/Conv
[32mINFO:[0m [36m input_name.1[0m: /model.4/Split_output_1 [36mshape[0m: [1, 32, 32, 32] [36mdtype[0m: float32
[32mINFO:[0m [36m input_name.2[0m: model.4.m.0.cv1.conv.weight [36mshape[0m: [16, 32, 3, 3] [36mdtype[0m: float32
[32mINFO:[0m [36m input_name.3[0m: model.4.m.0.cv1.conv.bias [36mshape[0m: [16] [36mdtype[0m: float32
[32mINFO:[0m [36m output_name.1[0m: /model.4/m.0/cv1/conv/Conv_output_0 [36mshape[0m: [1, 16, 32, 32] [36mdtype[0m: float32
[32mINFO:[0m [35mtf_op_type[0m: convolution_v2
[32mINFO:[0m [34m input.1.input[0m: [34mname[0m: tf.compat.v1.transpose_569/transpose:0 [34mshape[0m: (1, 32, 32, 32) [34mdtype[0m: <dtype: 'float32'> 
[32mINFO:[0m [34m input.2.weights[0m: [34mshape[0m: (3, 3, 32, 16) [34mdtype[0m: <dtype: 'float32'> 
[32mINFO:[0m [34m input.3.bias[0m: [34mshape[0m: (16,) [34mdtype[0m: <dtype: 'float32'> 
[32mINFO:[0m [34m input.4.strides[0m: [34mval[0m: [1, 1] 
[32mINFO:[0m [34m input.5.dilations[0m: [34mval[0m: [1, 1] 
[32mINFO:[0m [34m input.6.padding[0m: [34mval[0m: SAME 
[32mINFO:[0m [34m input.7.group[0m: [34mval[0m: 1 
[32mINFO:[0m [34m output.1.output[0m: [34mname[0m: tf.math.add_20/Add:0 [34mshape[0m: (1, 32, 32, 16) [34mdtype[0m: <dtype: 'float32'> 

[32mINFO:[0m [32m31 / 298[0m
[32mINFO:[0m [35monnx_op_type[0m: Sigmoid[35m onnx_op_name[0m: /model.4/m.0/cv1/act/Sigmoid
[32mINFO:[0m [36m input_name.1[0m: /model.4/m.0/cv1/conv/Conv_output_0 [36mshape[0m: [1, 16, 32, 32] [36mdtype[0m: float32
[32mINFO:[0m [36m output_name.1[0m: /model.4/m.0/cv1/act/Sigmoid_output_0 [36mshape[0m: [1, 16, 32, 32] [36mdtype[0m: float32
[32mINFO:[0m [35mtf_op_type[0m: sigmoid
[32mINFO:[0m [34m input.1.x[0m: [34mname[0m: tf.math.add_20/Add:0 [34mshape[0m: (1, 32, 32, 16) [34mdtype[0m: <dtype: 'float32'> 
[32mINFO:[0m [34m output.1.output[0m: [34mname[0m: tf.math.sigmoid_8/Sigmoid:0 [34mshape[0m: (1, 32, 32, 16) [34mdtype[0m: <dtype: 'float32'> 

[32mINFO:[0m [32m32 / 298[0m
[32mINFO:[0m [35monnx_op_type[0m: Mul[35m onnx_op_name[0m: /model.4/m.0/cv1/act/Mul
[32mINFO:[0m [36m input_name.1[0m: /model.4/m.0/cv1/conv/Conv_output_0 [36mshape[0m: [1, 16, 32, 32] [36mdtype[0m: float32
[32mINFO:[0m [36m input_name.2[0m: /model.4/m.0/cv1/act/Sigmoid_output_0 [36mshape[0m: [1, 16, 32, 32] [36mdtype[0m: float32
[32mINFO:[0m [36m output_name.1[0m: /model.4/m.0/cv1/act/Mul_output_0 [36mshape[0m: [1, 16, 32, 32] [36mdtype[0m: float32
[32mINFO:[0m [35mtf_op_type[0m: multiply
[32mINFO:[0m [34m input.1.x[0m: [34mname[0m: tf.math.add_20/Add:0 [34mshape[0m: (1, 32, 32, 16) [34mdtype[0m: <dtype: 'float32'> 
[32mINFO:[0m [34m input.2.y[0m: [34mname[0m: tf.math.sigmoid_8/Sigmoid:0 [34mshape[0m: (1, 32, 32, 16) [34mdtype[0m: <dtype: 'float32'> 
[32mINFO:[0m [34m output.1.output[0m: [34mname[0m: tf.math.multiply_37/Mul:0 [34mshape[0m: (1, 32, 32, 16) [34mdtype[0m: <dtype: 'float32'> 

[32mINFO:[0m [32m33 / 298[0m
[32mINFO:[0m [35monnx_op_type[0m: Conv[35m onnx_op_name[0m: /model.4/m.0/cv2/conv/Conv
[32mINFO:[0m [36m input_name.1[0m: /model.4/m.0/cv1/act/Mul_output_0 [36mshape[0m: [1, 16, 32, 32] [36mdtype[0m: float32
[32mINFO:[0m [36m input_name.2[0m: model.4.m.0.cv2.conv.weight [36mshape[0m: [32, 16, 3, 3] [36mdtype[0m: float32
[32mINFO:[0m [36m input_name.3[0m: model.4.m.0.cv2.conv.bias [36mshape[0m: [32] [36mdtype[0m: float32
[32mINFO:[0m [36m output_name.1[0m: /model.4/m.0/cv2/conv/Conv_output_0 [36mshape[0m: [1, 32, 32, 32] [36mdtype[0m: float32
[32mINFO:[0m [35mtf_op_type[0m: convolution_v2
[32mINFO:[0m [34m input.1.input[0m: [34mname[0m: tf.math.multiply_37/Mul:0 [34mshape[0m: (1, 32, 32, 16) [34mdtype[0m: <dtype: 'float32'> 
[32mINFO:[0m [34m input.2.weights[0m: [34mshape[0m: (3, 3, 16, 32) [34mdtype[0m: <dtype: 'float32'> 
[32mINFO:[0m [34m input.3.bias[0m: [34mshape[0m: (32,) [34mdtype[0m: <dtype: 'float32'> 
[32mINFO:[0m [34m input.4.strides[0m: [34mval[0m: [1, 1] 
[32mINFO:[0m [34m input.5.dilations[0m: [34mval[0m: [1, 1] 
[32mINFO:[0m [34m input.6.padding[0m: [34mval[0m: SAME 
[32mINFO:[0m [34m input.7.group[0m: [34mval[0m: 1 
[32mINFO:[0m [34m output.1.output[0m: [34mname[0m: tf.math.add_21/Add:0 [34mshape[0m: (1, 32, 32, 32) [34mdtype[0m: <dtype: 'float32'> 

[32mINFO:[0m [32m34 / 298[0m
[32mINFO:[0m [35monnx_op_type[0m: Sigmoid[35m onnx_op_name[0m: /model.4/m.0/cv2/act/Sigmoid
[32mINFO:[0m [36m input_name.1[0m: /model.4/m.0/cv2/conv/Conv_output_0 [36mshape[0m: [1, 32, 32, 32] [36mdtype[0m: float32
[32mINFO:[0m [36m output_name.1[0m: /model.4/m.0/cv2/act/Sigmoid_output_0 [36mshape[0m: [1, 32, 32, 32] [36mdtype[0m: float32
[32mINFO:[0m [35mtf_op_type[0m: sigmoid
[32mINFO:[0m [34m input.1.x[0m: [34mname[0m: tf.math.add_21/Add:0 [34mshape[0m: (1, 32, 32, 32) [34mdtype[0m: <dtype: 'float32'> 
[32mINFO:[0m [34m output.1.output[0m: [34mname[0m: tf.math.sigmoid_9/Sigmoid:0 [34mshape[0m: (1, 32, 32, 32) [34mdtype[0m: <dtype: 'float32'> 

[32mINFO:[0m [32m35 / 298[0m
[32mINFO:[0m [35monnx_op_type[0m: Mul[35m onnx_op_name[0m: /model.4/m.0/cv2/act/Mul
[32mINFO:[0m [36m input_name.1[0m: /model.4/m.0/cv2/conv/Conv_output_0 [36mshape[0m: [1, 32, 32, 32] [36mdtype[0m: float32
[32mINFO:[0m [36m input_name.2[0m: /model.4/m.0/cv2/act/Sigmoid_output_0 [36mshape[0m: [1, 32, 32, 32] [36mdtype[0m: float32
[32mINFO:[0m [36m output_name.1[0m: /model.4/m.0/cv2/act/Mul_output_0 [36mshape[0m: [1, 32, 32, 32] [36mdtype[0m: float32
[32mINFO:[0m [35mtf_op_type[0m: multiply
[32mINFO:[0m [34m input.1.x[0m: [34mname[0m: tf.compat.v1.transpose_572/transpose:0 [34mshape[0m: (1, 32, 32, 32) [34mdtype[0m: <dtype: 'float32'> 
[32mINFO:[0m [34m input.2.y[0m: [34mname[0m: tf.compat.v1.transpose_573/transpose:0 [34mshape[0m: (1, 32, 32, 32) [34mdtype[0m: <dtype: 'float32'> 
[32mINFO:[0m [34m output.1.output[0m: [34mname[0m: tf.math.multiply_41/Mul:0 [34mshape[0m: (1, 32, 32, 32) [34mdtype[0m: <dtype: 'float32'> 

[32mINFO:[0m [32m36 / 298[0m
[32mINFO:[0m [35monnx_op_type[0m: Add[35m onnx_op_name[0m: /model.4/m.0/Add
[32mINFO:[0m [36m input_name.1[0m: /model.4/Split_output_1 [36mshape[0m: [1, 32, 32, 32] [36mdtype[0m: float32
[32mINFO:[0m [36m input_name.2[0m: /model.4/m.0/cv2/act/Mul_output_0 [36mshape[0m: [1, 32, 32, 32] [36mdtype[0m: float32
[32mINFO:[0m [36m output_name.1[0m: /model.4/m.0/Add_output_0 [36mshape[0m: [1, 32, 32, 32] [36mdtype[0m: float32
[32mINFO:[0m [35mtf_op_type[0m: add
[32mINFO:[0m [34m input.1.x[0m: [34mname[0m: tf.compat.v1.transpose_575/transpose:0 [34mshape[0m: (1, 32, 32, 32) [34mdtype[0m: <dtype: 'float32'> 
[32mINFO:[0m [34m input.2.y[0m: [34mname[0m: tf.compat.v1.transpose_576/transpose:0 [34mshape[0m: (1, 32, 32, 32) [34mdtype[0m: <dtype: 'float32'> 
[32mINFO:[0m [34m output.1.output[0m: [34mname[0m: tf.math.add_23/Add:0 [34mshape[0m: (1, 32, 32, 32) [34mdtype[0m: <dtype: 'float32'> 

[32mINFO:[0m [32m37 / 298[0m
[32mINFO:[0m [35monnx_op_type[0m: Concat[35m onnx_op_name[0m: /model.4/Concat
[32mINFO:[0m [36m input_name.1[0m: /model.4/Split_output_0 [36mshape[0m: [1, 32, 32, 32] [36mdtype[0m: float32
[32mINFO:[0m [36m input_name.2[0m: /model.4/Split_output_1 [36mshape[0m: [1, 32, 32, 32] [36mdtype[0m: float32
[32mINFO:[0m [36m input_name.3[0m: /model.4/m.0/Add_output_0 [36mshape[0m: [1, 32, 32, 32] [36mdtype[0m: float32
[32mINFO:[0m [36m output_name.1[0m: /model.4/Concat_output_0 [36mshape[0m: [1, 96, 32, 32] [36mdtype[0m: float32
[32mINFO:[0m [35mtf_op_type[0m: concat
[32mINFO:[0m [34m input.1.input0[0m: [34mname[0m: tf.split_1/split:0 [34mshape[0m: (1, 32, 32, 32) [34mdtype[0m: <dtype: 'float32'> 
[32mINFO:[0m [34m input.2.input1[0m: [34mname[0m: tf.split_1/split:1 [34mshape[0m: (1, 32, 32, 32) [34mdtype[0m: <dtype: 'float32'> 
[32mINFO:[0m [34m input.3.input2[0m: [34mname[0m: tf.math.add_23/Add:0 [34mshape[0m: (1, 32, 32, 32) [34mdtype[0m: <dtype: 'float32'> 
[32mINFO:[0m [34m input.4.axis[0m: [34mval[0m: 3 
[32mINFO:[0m [34m output.1.output[0m: [34mname[0m: tf.concat_194/concat:0 [34mshape[0m: (1, 32, 32, 96) [34mdtype[0m: <dtype: 'float32'> 

[32mINFO:[0m [32m38 / 298[0m
[32mINFO:[0m [35monnx_op_type[0m: Conv[35m onnx_op_name[0m: /model.4/cv2/conv/Conv
[32mINFO:[0m [36m input_name.1[0m: /model.4/Concat_output_0 [36mshape[0m: [1, 96, 32, 32] [36mdtype[0m: float32
[32mINFO:[0m [36m input_name.2[0m: model.4.cv2.conv.weight [36mshape[0m: [128, 96, 1, 1] [36mdtype[0m: float32
[32mINFO:[0m [36m input_name.3[0m: model.4.cv2.conv.bias [36mshape[0m: [128] [36mdtype[0m: float32
[32mINFO:[0m [36m output_name.1[0m: /model.4/cv2/conv/Conv_output_0 [36mshape[0m: [1, 128, 32, 32] [36mdtype[0m: float32
[32mINFO:[0m [35mtf_op_type[0m: convolution_v2
[32mINFO:[0m [34m input.1.input[0m: [34mname[0m: tf.concat_194/concat:0 [34mshape[0m: (1, 32, 32, 96) [34mdtype[0m: <dtype: 'float32'> 
[32mINFO:[0m [34m input.2.weights[0m: [34mshape[0m: (1, 1, 96, 128) [34mdtype[0m: <dtype: 'float32'> 
[32mINFO:[0m [34m input.3.bias[0m: [34mshape[0m: (128,) [34mdtype[0m: <dtype: 'float32'> 
[32mINFO:[0m [34m input.4.strides[0m: [34mval[0m: [1, 1] 
[32mINFO:[0m [34m input.5.dilations[0m: [34mval[0m: [1, 1] 
[32mINFO:[0m [34m input.6.padding[0m: [34mval[0m: SAME 
[32mINFO:[0m [34m input.7.group[0m: [34mval[0m: 1 
[32mINFO:[0m [34m output.1.output[0m: [34mname[0m: tf.math.add_24/Add:0 [34mshape[0m: (1, 32, 32, 128) [34mdtype[0m: <dtype: 'float32'> 

[32mINFO:[0m [32m39 / 298[0m
[32mINFO:[0m [35monnx_op_type[0m: Sigmoid[35m onnx_op_name[0m: /model.4/cv2/act/Sigmoid
[32mINFO:[0m [36m input_name.1[0m: /model.4/cv2/conv/Conv_output_0 [36mshape[0m: [1, 128, 32, 32] [36mdtype[0m: float32
[32mINFO:[0m [36m output_name.1[0m: /model.4/cv2/act/Sigmoid_output_0 [36mshape[0m: [1, 128, 32, 32] [36mdtype[0m: float32
[32mINFO:[0m [35mtf_op_type[0m: sigmoid
[32mINFO:[0m [34m input.1.x[0m: [34mname[0m: tf.math.add_24/Add:0 [34mshape[0m: (1, 32, 32, 128) [34mdtype[0m: <dtype: 'float32'> 
[32mINFO:[0m [34m output.1.output[0m: [34mname[0m: tf.math.sigmoid_10/Sigmoid:0 [34mshape[0m: (1, 32, 32, 128) [34mdtype[0m: <dtype: 'float32'> 

[32mINFO:[0m [32m40 / 298[0m
[32mINFO:[0m [35monnx_op_type[0m: Mul[35m onnx_op_name[0m: /model.4/cv2/act/Mul
[32mINFO:[0m [36m input_name.1[0m: /model.4/cv2/conv/Conv_output_0 [36mshape[0m: [1, 128, 32, 32] [36mdtype[0m: float32
[32mINFO:[0m [36m input_name.2[0m: /model.4/cv2/act/Sigmoid_output_0 [36mshape[0m: [1, 128, 32, 32] [36mdtype[0m: float32
[32mINFO:[0m [36m output_name.1[0m: /model.4/cv2/act/Mul_output_0 [36mshape[0m: [1, 128, 32, 32] [36mdtype[0m: float32
[32mINFO:[0m [35mtf_op_type[0m: multiply
[32mINFO:[0m [34m input.1.x[0m: [34mname[0m: tf.math.add_24/Add:0 [34mshape[0m: (1, 32, 32, 128) [34mdtype[0m: <dtype: 'float32'> 
[32mINFO:[0m [34m input.2.y[0m: [34mname[0m: tf.math.sigmoid_10/Sigmoid:0 [34mshape[0m: (1, 32, 32, 128) [34mdtype[0m: <dtype: 'float32'> 
[32mINFO:[0m [34m output.1.output[0m: [34mname[0m: tf.math.multiply_47/Mul:0 [34mshape[0m: (1, 32, 32, 128) [34mdtype[0m: <dtype: 'float32'> 

[32mINFO:[0m [32m41 / 298[0m
[32mINFO:[0m [35monnx_op_type[0m: Conv[35m onnx_op_name[0m: /model.5/conv/Conv
[32mINFO:[0m [36m input_name.1[0m: /model.4/cv2/act/Mul_output_0 [36mshape[0m: [1, 128, 32, 32] [36mdtype[0m: float32
[32mINFO:[0m [36m input_name.2[0m: model.5.conv.weight [36mshape[0m: [128, 128, 3, 3] [36mdtype[0m: float32
[32mINFO:[0m [36m input_name.3[0m: model.5.conv.bias [36mshape[0m: [128] [36mdtype[0m: float32
[32mINFO:[0m [36m output_name.1[0m: /model.5/conv/Conv_output_0 [36mshape[0m: [1, 128, 16, 16] [36mdtype[0m: float32
[32mINFO:[0m [35mtf_op_type[0m: convolution_v2
[32mINFO:[0m [34m input.1.input[0m: [34mname[0m: tf.compat.v1.pad_3/Pad:0 [34mshape[0m: (1, 34, 34, 128) [34mdtype[0m: <dtype: 'float32'> 
[32mINFO:[0m [34m input.2.weights[0m: [34mshape[0m: (3, 3, 128, 128) [34mdtype[0m: <dtype: 'float32'> 
[32mINFO:[0m [34m input.3.bias[0m: [34mshape[0m: (128,) [34mdtype[0m: <dtype: 'float32'> 
[32mINFO:[0m [34m input.4.strides[0m: [34mval[0m: [2, 2] 
[32mINFO:[0m [34m input.5.dilations[0m: [34mval[0m: [1, 1] 
[32mINFO:[0m [34m input.6.padding[0m: [34mval[0m: VALID 
[32mINFO:[0m [34m input.7.group[0m: [34mval[0m: 1 
[32mINFO:[0m [34m output.1.output[0m: [34mname[0m: tf.math.add_25/Add:0 [34mshape[0m: (1, 16, 16, 128) [34mdtype[0m: <dtype: 'float32'> 

[32mINFO:[0m [32m42 / 298[0m
[32mINFO:[0m [35monnx_op_type[0m: Sigmoid[35m onnx_op_name[0m: /model.5/act/Sigmoid
[32mINFO:[0m [36m input_name.1[0m: /model.5/conv/Conv_output_0 [36mshape[0m: [1, 128, 16, 16] [36mdtype[0m: float32
[32mINFO:[0m [36m output_name.1[0m: /model.5/act/Sigmoid_output_0 [36mshape[0m: [1, 128, 16, 16] [36mdtype[0m: float32
[32mINFO:[0m [35mtf_op_type[0m: sigmoid
[32mINFO:[0m [34m input.1.x[0m: [34mname[0m: tf.math.add_25/Add:0 [34mshape[0m: (1, 16, 16, 128) [34mdtype[0m: <dtype: 'float32'> 
[32mINFO:[0m [34m output.1.output[0m: [34mname[0m: tf.math.sigmoid_11/Sigmoid:0 [34mshape[0m: (1, 16, 16, 128) [34mdtype[0m: <dtype: 'float32'> 

[32mINFO:[0m [32m43 / 298[0m
[32mINFO:[0m [35monnx_op_type[0m: Mul[35m onnx_op_name[0m: /model.5/act/Mul
[32mINFO:[0m [36m input_name.1[0m: /model.5/conv/Conv_output_0 [36mshape[0m: [1, 128, 16, 16] [36mdtype[0m: float32
[32mINFO:[0m [36m input_name.2[0m: /model.5/act/Sigmoid_output_0 [36mshape[0m: [1, 128, 16, 16] [36mdtype[0m: float32
[32mINFO:[0m [36m output_name.1[0m: /model.5/act/Mul_output_0 [36mshape[0m: [1, 128, 16, 16] [36mdtype[0m: float32
[32mINFO:[0m [35mtf_op_type[0m: multiply
[32mINFO:[0m [34m input.1.x[0m: [34mname[0m: tf.math.add_25/Add:0 [34mshape[0m: (1, 16, 16, 128) [34mdtype[0m: <dtype: 'float32'> 
[32mINFO:[0m [34m input.2.y[0m: [34mname[0m: tf.math.sigmoid_11/Sigmoid:0 [34mshape[0m: (1, 16, 16, 128) [34mdtype[0m: <dtype: 'float32'> 
[32mINFO:[0m [34m output.1.output[0m: [34mname[0m: tf.math.multiply_51/Mul:0 [34mshape[0m: (1, 16, 16, 128) [34mdtype[0m: <dtype: 'float32'> 

[32mINFO:[0m [32m44 / 298[0m
[32mINFO:[0m [35monnx_op_type[0m: Conv[35m onnx_op_name[0m: /model.6/cv1/conv/Conv
[32mINFO:[0m [36m input_name.1[0m: /model.5/act/Mul_output_0 [36mshape[0m: [1, 128, 16, 16] [36mdtype[0m: float32
[32mINFO:[0m [36m input_name.2[0m: model.6.cv1.conv.weight [36mshape[0m: [128, 128, 1, 1] [36mdtype[0m: float32
[32mINFO:[0m [36m input_name.3[0m: model.6.cv1.conv.bias [36mshape[0m: [128] [36mdtype[0m: float32
[32mINFO:[0m [36m output_name.1[0m: /model.6/cv1/conv/Conv_output_0 [36mshape[0m: [1, 128, 16, 16] [36mdtype[0m: float32
[32mINFO:[0m [35mtf_op_type[0m: convolution_v2
[32mINFO:[0m [34m input.1.input[0m: [34mname[0m: tf.math.multiply_51/Mul:0 [34mshape[0m: (1, 16, 16, 128) [34mdtype[0m: <dtype: 'float32'> 
[32mINFO:[0m [34m input.2.weights[0m: [34mshape[0m: (1, 1, 128, 128) [34mdtype[0m: <dtype: 'float32'> 
[32mINFO:[0m [34m input.3.bias[0m: [34mshape[0m: (128,) [34mdtype[0m: <dtype: 'float32'> 
[32mINFO:[0m [34m input.4.strides[0m: [34mval[0m: [1, 1] 
[32mINFO:[0m [34m input.5.dilations[0m: [34mval[0m: [1, 1] 
[32mINFO:[0m [34m input.6.padding[0m: [34mval[0m: SAME 
[32mINFO:[0m [34m input.7.group[0m: [34mval[0m: 1 
[32mINFO:[0m [34m output.1.output[0m: [34mname[0m: tf.math.add_26/Add:0 [34mshape[0m: (1, 16, 16, 128) [34mdtype[0m: <dtype: 'float32'> 

[32mINFO:[0m [32m45 / 298[0m
[32mINFO:[0m [35monnx_op_type[0m: Sigmoid[35m onnx_op_name[0m: /model.6/cv1/act/Sigmoid
[32mINFO:[0m [36m input_name.1[0m: /model.6/cv1/conv/Conv_output_0 [36mshape[0m: [1, 128, 16, 16] [36mdtype[0m: float32
[32mINFO:[0m [36m output_name.1[0m: /model.6/cv1/act/Sigmoid_output_0 [36mshape[0m: [1, 128, 16, 16] [36mdtype[0m: float32
[32mINFO:[0m [35mtf_op_type[0m: sigmoid
[32mINFO:[0m [34m input.1.x[0m: [34mname[0m: tf.math.add_26/Add:0 [34mshape[0m: (1, 16, 16, 128) [34mdtype[0m: <dtype: 'float32'> 
[32mINFO:[0m [34m output.1.output[0m: [34mname[0m: tf.math.sigmoid_12/Sigmoid:0 [34mshape[0m: (1, 16, 16, 128) [34mdtype[0m: <dtype: 'float32'> 

[32mINFO:[0m [32m46 / 298[0m
[32mINFO:[0m [35monnx_op_type[0m: Mul[35m onnx_op_name[0m: /model.6/cv1/act/Mul
[32mINFO:[0m [36m input_name.1[0m: /model.6/cv1/conv/Conv_output_0 [36mshape[0m: [1, 128, 16, 16] [36mdtype[0m: float32
[32mINFO:[0m [36m input_name.2[0m: /model.6/cv1/act/Sigmoid_output_0 [36mshape[0m: [1, 128, 16, 16] [36mdtype[0m: float32
[32mINFO:[0m [36m output_name.1[0m: /model.6/cv1/act/Mul_output_0 [36mshape[0m: [1, 128, 16, 16] [36mdtype[0m: float32
[32mINFO:[0m [35mtf_op_type[0m: multiply
[32mINFO:[0m [34m input.1.x[0m: [34mname[0m: tf.math.add_26/Add:0 [34mshape[0m: (1, 16, 16, 128) [34mdtype[0m: <dtype: 'float32'> 
[32mINFO:[0m [34m input.2.y[0m: [34mname[0m: tf.math.sigmoid_12/Sigmoid:0 [34mshape[0m: (1, 16, 16, 128) [34mdtype[0m: <dtype: 'float32'> 
[32mINFO:[0m [34m output.1.output[0m: [34mname[0m: tf.math.multiply_55/Mul:0 [34mshape[0m: (1, 16, 16, 128) [34mdtype[0m: <dtype: 'float32'> 

[32mINFO:[0m [32m47 / 298[0m
[32mINFO:[0m [35monnx_op_type[0m: Split[35m onnx_op_name[0m: /model.6/Split
[32mINFO:[0m [36m input_name.1[0m: /model.6/cv1/act/Mul_output_0 [36mshape[0m: [1, 128, 16, 16] [36mdtype[0m: float32
[32mINFO:[0m [36m output_name.1[0m: /model.6/Split_output_0 [36mshape[0m: [1, 64, 16, 16] [36mdtype[0m: float32
[32mINFO:[0m [36m output_name.2[0m: /model.6/Split_output_1 [36mshape[0m: [1, 64, 16, 16] [36mdtype[0m: float32
[32mINFO:[0m [35mtf_op_type[0m: split
[32mINFO:[0m [34m input.1.value[0m: [34mname[0m: tf.math.multiply_55/Mul:0 [34mshape[0m: (1, 16, 16, 128) [34mdtype[0m: <dtype: 'float32'> 
[32mINFO:[0m [34m input.2.num_or_size_splits[0m: [34mval[0m: [64, 64] 
[32mINFO:[0m [34m input.3.axis[0m: [34mval[0m: 3 
[32mINFO:[0m [34m input.4.num[0m: 
[32mINFO:[0m [34m output.1.output0[0m: [34mname[0m: tf.split_2/split:0 [34mshape[0m: (1, 16, 16, 64) [34mdtype[0m: <dtype: 'float32'> 
[32mINFO:[0m [34m output.2.output1[0m: [34mname[0m: tf.split_2/split:1 [34mshape[0m: (1, 16, 16, 64) [34mdtype[0m: <dtype: 'float32'> 

[32mINFO:[0m [32m48 / 298[0m
[32mINFO:[0m [35monnx_op_type[0m: Conv[35m onnx_op_name[0m: /model.6/m.0/cv1/conv/Conv
[32mINFO:[0m [36m input_name.1[0m: /model.6/Split_output_1 [36mshape[0m: [1, 64, 16, 16] [36mdtype[0m: float32
[32mINFO:[0m [36m input_name.2[0m: model.6.m.0.cv1.conv.weight [36mshape[0m: [32, 64, 1, 1] [36mdtype[0m: float32
[32mINFO:[0m [36m input_name.3[0m: model.6.m.0.cv1.conv.bias [36mshape[0m: [32] [36mdtype[0m: float32
[32mINFO:[0m [36m output_name.1[0m: /model.6/m.0/cv1/conv/Conv_output_0 [36mshape[0m: [1, 32, 16, 16] [36mdtype[0m: float32
[32mINFO:[0m [35mtf_op_type[0m: convolution_v2
[32mINFO:[0m [34m input.1.input[0m: [34mname[0m: tf.split_2/split:1 [34mshape[0m: (1, 16, 16, 64) [34mdtype[0m: <dtype: 'float32'> 
[32mINFO:[0m [34m input.2.weights[0m: [34mshape[0m: (1, 1, 64, 32) [34mdtype[0m: <dtype: 'float32'> 
[32mINFO:[0m [34m input.3.bias[0m: [34mshape[0m: (32,) [34mdtype[0m: <dtype: 'float32'> 
[32mINFO:[0m [34m input.4.strides[0m: [34mval[0m: [1, 1] 
[32mINFO:[0m [34m input.5.dilations[0m: [34mval[0m: [1, 1] 
[32mINFO:[0m [34m input.6.padding[0m: [34mval[0m: SAME 
[32mINFO:[0m [34m input.7.group[0m: [34mval[0m: 1 
[32mINFO:[0m [34m output.1.output[0m: [34mname[0m: tf.math.add_27/Add:0 [34mshape[0m: (1, 16, 16, 32) [34mdtype[0m: <dtype: 'float32'> 

[32mINFO:[0m [32m49 / 298[0m
[32mINFO:[0m [35monnx_op_type[0m: Conv[35m onnx_op_name[0m: /model.6/m.0/cv2/conv/Conv
[32mINFO:[0m [36m input_name.1[0m: /model.6/Split_output_1 [36mshape[0m: [1, 64, 16, 16] [36mdtype[0m: float32
[32mINFO:[0m [36m input_name.2[0m: model.6.m.0.cv2.conv.weight [36mshape[0m: [32, 64, 1, 1] [36mdtype[0m: float32
[32mINFO:[0m [36m input_name.3[0m: model.6.m.0.cv2.conv.bias [36mshape[0m: [32] [36mdtype[0m: float32
[32mINFO:[0m [36m output_name.1[0m: /model.6/m.0/cv2/conv/Conv_output_0 [36mshape[0m: [1, 32, 16, 16] [36mdtype[0m: float32
[32mINFO:[0m [35mtf_op_type[0m: convolution_v2
[32mINFO:[0m [34m input.1.input[0m: [34mname[0m: tf.split_2/split:1 [34mshape[0m: (1, 16, 16, 64) [34mdtype[0m: <dtype: 'float32'> 
[32mINFO:[0m [34m input.2.weights[0m: [34mshape[0m: (1, 1, 64, 32) [34mdtype[0m: <dtype: 'float32'> 
[32mINFO:[0m [34m input.3.bias[0m: [34mshape[0m: (32,) [34mdtype[0m: <dtype: 'float32'> 
[32mINFO:[0m [34m input.4.strides[0m: [34mval[0m: [1, 1] 
[32mINFO:[0m [34m input.5.dilations[0m: [34mval[0m: [1, 1] 
[32mINFO:[0m [34m input.6.padding[0m: [34mval[0m: SAME 
[32mINFO:[0m [34m input.7.group[0m: [34mval[0m: 1 
[32mINFO:[0m [34m output.1.output[0m: [34mname[0m: tf.math.add_28/Add:0 [34mshape[0m: (1, 16, 16, 32) [34mdtype[0m: <dtype: 'float32'> 

[32mINFO:[0m [32m50 / 298[0m
[32mINFO:[0m [35monnx_op_type[0m: Sigmoid[35m onnx_op_name[0m: /model.6/m.0/cv1/act/Sigmoid
[32mINFO:[0m [36m input_name.1[0m: /model.6/m.0/cv1/conv/Conv_output_0 [36mshape[0m: [1, 32, 16, 16] [36mdtype[0m: float32
[32mINFO:[0m [36m output_name.1[0m: /model.6/m.0/cv1/act/Sigmoid_output_0 [36mshape[0m: [1, 32, 16, 16] [36mdtype[0m: float32
[32mINFO:[0m [35mtf_op_type[0m: sigmoid
[32mINFO:[0m [34m input.1.x[0m: [34mname[0m: tf.math.add_27/Add:0 [34mshape[0m: (1, 16, 16, 32) [34mdtype[0m: <dtype: 'float32'> 
[32mINFO:[0m [34m output.1.output[0m: [34mname[0m: tf.math.sigmoid_13/Sigmoid:0 [34mshape[0m: (1, 16, 16, 32) [34mdtype[0m: <dtype: 'float32'> 

[32mINFO:[0m [32m51 / 298[0m
[32mINFO:[0m [35monnx_op_type[0m: Sigmoid[35m onnx_op_name[0m: /model.6/m.0/cv2/act/Sigmoid
[32mINFO:[0m [36m input_name.1[0m: /model.6/m.0/cv2/conv/Conv_output_0 [36mshape[0m: [1, 32, 16, 16] [36mdtype[0m: float32
[32mINFO:[0m [36m output_name.1[0m: /model.6/m.0/cv2/act/Sigmoid_output_0 [36mshape[0m: [1, 32, 16, 16] [36mdtype[0m: float32
[32mINFO:[0m [35mtf_op_type[0m: sigmoid
[32mINFO:[0m [34m input.1.x[0m: [34mname[0m: tf.math.add_28/Add:0 [34mshape[0m: (1, 16, 16, 32) [34mdtype[0m: <dtype: 'float32'> 
[32mINFO:[0m [34m output.1.output[0m: [34mname[0m: tf.math.sigmoid_14/Sigmoid:0 [34mshape[0m: (1, 16, 16, 32) [34mdtype[0m: <dtype: 'float32'> 

[32mINFO:[0m [32m52 / 298[0m
[32mINFO:[0m [35monnx_op_type[0m: Mul[35m onnx_op_name[0m: /model.6/m.0/cv1/act/Mul
[32mINFO:[0m [36m input_name.1[0m: /model.6/m.0/cv1/conv/Conv_output_0 [36mshape[0m: [1, 32, 16, 16] [36mdtype[0m: float32
[32mINFO:[0m [36m input_name.2[0m: /model.6/m.0/cv1/act/Sigmoid_output_0 [36mshape[0m: [1, 32, 16, 16] [36mdtype[0m: float32
[32mINFO:[0m [36m output_name.1[0m: /model.6/m.0/cv1/act/Mul_output_0 [36mshape[0m: [1, 32, 16, 16] [36mdtype[0m: float32
[32mINFO:[0m [35mtf_op_type[0m: multiply
[32mINFO:[0m [34m input.1.x[0m: [34mname[0m: tf.math.add_27/Add:0 [34mshape[0m: (1, 16, 16, 32) [34mdtype[0m: <dtype: 'float32'> 
[32mINFO:[0m [34m input.2.y[0m: [34mname[0m: tf.math.sigmoid_13/Sigmoid:0 [34mshape[0m: (1, 16, 16, 32) [34mdtype[0m: <dtype: 'float32'> 
[32mINFO:[0m [34m output.1.output[0m: [34mname[0m: tf.math.multiply_59/Mul:0 [34mshape[0m: (1, 16, 16, 32) [34mdtype[0m: <dtype: 'float32'> 

[32mINFO:[0m [32m53 / 298[0m
[32mINFO:[0m [35monnx_op_type[0m: Mul[35m onnx_op_name[0m: /model.6/m.0/cv2/act/Mul
[32mINFO:[0m [36m input_name.1[0m: /model.6/m.0/cv2/conv/Conv_output_0 [36mshape[0m: [1, 32, 16, 16] [36mdtype[0m: float32
[32mINFO:[0m [36m input_name.2[0m: /model.6/m.0/cv2/act/Sigmoid_output_0 [36mshape[0m: [1, 32, 16, 16] [36mdtype[0m: float32
[32mINFO:[0m [36m output_name.1[0m: /model.6/m.0/cv2/act/Mul_output_0 [36mshape[0m: [1, 32, 16, 16] [36mdtype[0m: float32
[32mINFO:[0m [35mtf_op_type[0m: multiply
[32mINFO:[0m [34m input.1.x[0m: [34mname[0m: tf.math.add_28/Add:0 [34mshape[0m: (1, 16, 16, 32) [34mdtype[0m: <dtype: 'float32'> 
[32mINFO:[0m [34m input.2.y[0m: [34mname[0m: tf.math.sigmoid_14/Sigmoid:0 [34mshape[0m: (1, 16, 16, 32) [34mdtype[0m: <dtype: 'float32'> 
[32mINFO:[0m [34m output.1.output[0m: [34mname[0m: tf.math.multiply_63/Mul:0 [34mshape[0m: (1, 16, 16, 32) [34mdtype[0m: <dtype: 'float32'> 

[32mINFO:[0m [32m54 / 298[0m
[32mINFO:[0m [35monnx_op_type[0m: Conv[35m onnx_op_name[0m: /model.6/m.0/m/m.0/cv1/conv/Conv
[32mINFO:[0m [36m input_name.1[0m: /model.6/m.0/cv1/act/Mul_output_0 [36mshape[0m: [1, 32, 16, 16] [36mdtype[0m: float32
[32mINFO:[0m [36m input_name.2[0m: model.6.m.0.m.0.cv1.conv.weight [36mshape[0m: [32, 32, 3, 3] [36mdtype[0m: float32
[32mINFO:[0m [36m input_name.3[0m: model.6.m.0.m.0.cv1.conv.bias [36mshape[0m: [32] [36mdtype[0m: float32
[32mINFO:[0m [36m output_name.1[0m: /model.6/m.0/m/m.0/cv1/conv/Conv_output_0 [36mshape[0m: [1, 32, 16, 16] [36mdtype[0m: float32
[32mINFO:[0m [35mtf_op_type[0m: convolution_v2
[32mINFO:[0m [34m input.1.input[0m: [34mname[0m: tf.math.multiply_59/Mul:0 [34mshape[0m: (1, 16, 16, 32) [34mdtype[0m: <dtype: 'float32'> 
[32mINFO:[0m [34m input.2.weights[0m: [34mshape[0m: (3, 3, 32, 32) [34mdtype[0m: <dtype: 'float32'> 
[32mINFO:[0m [34m input.3.bias[0m: [34mshape[0m: (32,) [34mdtype[0m: <dtype: 'float32'> 
[32mINFO:[0m [34m input.4.strides[0m: [34mval[0m: [1, 1] 
[32mINFO:[0m [34m input.5.dilations[0m: [34mval[0m: [1, 1] 
[32mINFO:[0m [34m input.6.padding[0m: [34mval[0m: SAME 
[32mINFO:[0m [34m input.7.group[0m: [34mval[0m: 1 
[32mINFO:[0m [34m output.1.output[0m: [34mname[0m: tf.math.add_29/Add:0 [34mshape[0m: (1, 16, 16, 32) [34mdtype[0m: <dtype: 'float32'> 

[32mINFO:[0m [32m55 / 298[0m
[32mINFO:[0m [35monnx_op_type[0m: Sigmoid[35m onnx_op_name[0m: /model.6/m.0/m/m.0/cv1/act/Sigmoid
[32mINFO:[0m [36m input_name.1[0m: /model.6/m.0/m/m.0/cv1/conv/Conv_output_0 [36mshape[0m: [1, 32, 16, 16] [36mdtype[0m: float32
[32mINFO:[0m [36m output_name.1[0m: /model.6/m.0/m/m.0/cv1/act/Sigmoid_output_0 [36mshape[0m: [1, 32, 16, 16] [36mdtype[0m: float32
[32mINFO:[0m [35mtf_op_type[0m: sigmoid
[32mINFO:[0m [34m input.1.x[0m: [34mname[0m: tf.math.add_29/Add:0 [34mshape[0m: (1, 16, 16, 32) [34mdtype[0m: <dtype: 'float32'> 
[32mINFO:[0m [34m output.1.output[0m: [34mname[0m: tf.math.sigmoid_15/Sigmoid:0 [34mshape[0m: (1, 16, 16, 32) [34mdtype[0m: <dtype: 'float32'> 

[32mINFO:[0m [32m56 / 298[0m
[32mINFO:[0m [35monnx_op_type[0m: Mul[35m onnx_op_name[0m: /model.6/m.0/m/m.0/cv1/act/Mul
[32mINFO:[0m [36m input_name.1[0m: /model.6/m.0/m/m.0/cv1/conv/Conv_output_0 [36mshape[0m: [1, 32, 16, 16] [36mdtype[0m: float32
[32mINFO:[0m [36m input_name.2[0m: /model.6/m.0/m/m.0/cv1/act/Sigmoid_output_0 [36mshape[0m: [1, 32, 16, 16] [36mdtype[0m: float32
[32mINFO:[0m [36m output_name.1[0m: /model.6/m.0/m/m.0/cv1/act/Mul_output_0 [36mshape[0m: [1, 32, 16, 16] [36mdtype[0m: float32
[32mINFO:[0m [35mtf_op_type[0m: multiply
[32mINFO:[0m [34m input.1.x[0m: [34mname[0m: tf.math.add_29/Add:0 [34mshape[0m: (1, 16, 16, 32) [34mdtype[0m: <dtype: 'float32'> 
[32mINFO:[0m [34m input.2.y[0m: [34mname[0m: tf.math.sigmoid_15/Sigmoid:0 [34mshape[0m: (1, 16, 16, 32) [34mdtype[0m: <dtype: 'float32'> 
[32mINFO:[0m [34m output.1.output[0m: [34mname[0m: tf.math.multiply_67/Mul:0 [34mshape[0m: (1, 16, 16, 32) [34mdtype[0m: <dtype: 'float32'> 

[32mINFO:[0m [32m57 / 298[0m
[32mINFO:[0m [35monnx_op_type[0m: Conv[35m onnx_op_name[0m: /model.6/m.0/m/m.0/cv2/conv/Conv
[32mINFO:[0m [36m input_name.1[0m: /model.6/m.0/m/m.0/cv1/act/Mul_output_0 [36mshape[0m: [1, 32, 16, 16] [36mdtype[0m: float32
[32mINFO:[0m [36m input_name.2[0m: model.6.m.0.m.0.cv2.conv.weight [36mshape[0m: [32, 32, 3, 3] [36mdtype[0m: float32
[32mINFO:[0m [36m input_name.3[0m: model.6.m.0.m.0.cv2.conv.bias [36mshape[0m: [32] [36mdtype[0m: float32
[32mINFO:[0m [36m output_name.1[0m: /model.6/m.0/m/m.0/cv2/conv/Conv_output_0 [36mshape[0m: [1, 32, 16, 16] [36mdtype[0m: float32
[32mINFO:[0m [35mtf_op_type[0m: convolution_v2
[32mINFO:[0m [34m input.1.input[0m: [34mname[0m: tf.math.multiply_67/Mul:0 [34mshape[0m: (1, 16, 16, 32) [34mdtype[0m: <dtype: 'float32'> 
[32mINFO:[0m [34m input.2.weights[0m: [34mshape[0m: (3, 3, 32, 32) [34mdtype[0m: <dtype: 'float32'> 
[32mINFO:[0m [34m input.3.bias[0m: [34mshape[0m: (32,) [34mdtype[0m: <dtype: 'float32'> 
[32mINFO:[0m [34m input.4.strides[0m: [34mval[0m: [1, 1] 
[32mINFO:[0m [34m input.5.dilations[0m: [34mval[0m: [1, 1] 
[32mINFO:[0m [34m input.6.padding[0m: [34mval[0m: SAME 
[32mINFO:[0m [34m input.7.group[0m: [34mval[0m: 1 
[32mINFO:[0m [34m output.1.output[0m: [34mname[0m: tf.math.add_30/Add:0 [34mshape[0m: (1, 16, 16, 32) [34mdtype[0m: <dtype: 'float32'> 

[32mINFO:[0m [32m58 / 298[0m
[32mINFO:[0m [35monnx_op_type[0m: Sigmoid[35m onnx_op_name[0m: /model.6/m.0/m/m.0/cv2/act/Sigmoid
[32mINFO:[0m [36m input_name.1[0m: /model.6/m.0/m/m.0/cv2/conv/Conv_output_0 [36mshape[0m: [1, 32, 16, 16] [36mdtype[0m: float32
[32mINFO:[0m [36m output_name.1[0m: /model.6/m.0/m/m.0/cv2/act/Sigmoid_output_0 [36mshape[0m: [1, 32, 16, 16] [36mdtype[0m: float32
[32mINFO:[0m [35mtf_op_type[0m: sigmoid
[32mINFO:[0m [34m input.1.x[0m: [34mname[0m: tf.math.add_30/Add:0 [34mshape[0m: (1, 16, 16, 32) [34mdtype[0m: <dtype: 'float32'> 
[32mINFO:[0m [34m output.1.output[0m: [34mname[0m: tf.math.sigmoid_16/Sigmoid:0 [34mshape[0m: (1, 16, 16, 32) [34mdtype[0m: <dtype: 'float32'> 

[32mINFO:[0m [32m59 / 298[0m
[32mINFO:[0m [35monnx_op_type[0m: Mul[35m onnx_op_name[0m: /model.6/m.0/m/m.0/cv2/act/Mul
[32mINFO:[0m [36m input_name.1[0m: /model.6/m.0/m/m.0/cv2/conv/Conv_output_0 [36mshape[0m: [1, 32, 16, 16] [36mdtype[0m: float32
[32mINFO:[0m [36m input_name.2[0m: /model.6/m.0/m/m.0/cv2/act/Sigmoid_output_0 [36mshape[0m: [1, 32, 16, 16] [36mdtype[0m: float32
[32mINFO:[0m [36m output_name.1[0m: /model.6/m.0/m/m.0/cv2/act/Mul_output_0 [36mshape[0m: [1, 32, 16, 16] [36mdtype[0m: float32
[32mINFO:[0m [35mtf_op_type[0m: multiply
[32mINFO:[0m [34m input.1.x[0m: [34mname[0m: tf.math.add_30/Add:0 [34mshape[0m: (1, 16, 16, 32) [34mdtype[0m: <dtype: 'float32'> 
[32mINFO:[0m [34m input.2.y[0m: [34mname[0m: tf.math.sigmoid_16/Sigmoid:0 [34mshape[0m: (1, 16, 16, 32) [34mdtype[0m: <dtype: 'float32'> 
[32mINFO:[0m [34m output.1.output[0m: [34mname[0m: tf.math.multiply_71/Mul:0 [34mshape[0m: (1, 16, 16, 32) [34mdtype[0m: <dtype: 'float32'> 

[32mINFO:[0m [32m60 / 298[0m
[32mINFO:[0m [35monnx_op_type[0m: Add[35m onnx_op_name[0m: /model.6/m.0/m/m.0/Add
[32mINFO:[0m [36m input_name.1[0m: /model.6/m.0/cv1/act/Mul_output_0 [36mshape[0m: [1, 32, 16, 16] [36mdtype[0m: float32
[32mINFO:[0m [36m input_name.2[0m: /model.6/m.0/m/m.0/cv2/act/Mul_output_0 [36mshape[0m: [1, 32, 16, 16] [36mdtype[0m: float32
[32mINFO:[0m [36m output_name.1[0m: /model.6/m.0/m/m.0/Add_output_0 [36mshape[0m: [1, 32, 16, 16] [36mdtype[0m: float32
[32mINFO:[0m [35mtf_op_type[0m: add
[32mINFO:[0m [34m input.1.x[0m: [34mname[0m: tf.compat.v1.transpose_585/transpose:0 [34mshape[0m: (1, 32, 16, 16) [34mdtype[0m: <dtype: 'float32'> 
[32mINFO:[0m [34m input.2.y[0m: [34mname[0m: tf.compat.v1.transpose_586/transpose:0 [34mshape[0m: (1, 32, 16, 16) [34mdtype[0m: <dtype: 'float32'> 
[32mINFO:[0m [34m output.1.output[0m: [34mname[0m: tf.math.add_33/Add:0 [34mshape[0m: (1, 32, 16, 16) [34mdtype[0m: <dtype: 'float32'> 

[32mINFO:[0m [32m61 / 298[0m
[32mINFO:[0m [35monnx_op_type[0m: Conv[35m onnx_op_name[0m: /model.6/m.0/m/m.1/cv1/conv/Conv
[32mINFO:[0m [36m input_name.1[0m: /model.6/m.0/m/m.0/Add_output_0 [36mshape[0m: [1, 32, 16, 16] [36mdtype[0m: float32
[32mINFO:[0m [36m input_name.2[0m: model.6.m.0.m.1.cv1.conv.weight [36mshape[0m: [32, 32, 3, 3] [36mdtype[0m: float32
[32mINFO:[0m [36m input_name.3[0m: model.6.m.0.m.1.cv1.conv.bias [36mshape[0m: [32] [36mdtype[0m: float32
[32mINFO:[0m [36m output_name.1[0m: /model.6/m.0/m/m.1/cv1/conv/Conv_output_0 [36mshape[0m: [1, 32, 16, 16] [36mdtype[0m: float32
[32mINFO:[0m [35mtf_op_type[0m: convolution_v2
[32mINFO:[0m [34m input.1.input[0m: [34mname[0m: tf.compat.v1.transpose_587/transpose:0 [34mshape[0m: (1, 16, 16, 32) [34mdtype[0m: <dtype: 'float32'> 
[32mINFO:[0m [34m input.2.weights[0m: [34mshape[0m: (3, 3, 32, 32) [34mdtype[0m: <dtype: 'float32'> 
[32mINFO:[0m [34m input.3.bias[0m: [34mshape[0m: (32,) [34mdtype[0m: <dtype: 'float32'> 
[32mINFO:[0m [34m input.4.strides[0m: [34mval[0m: [1, 1] 
[32mINFO:[0m [34m input.5.dilations[0m: [34mval[0m: [1, 1] 
[32mINFO:[0m [34m input.6.padding[0m: [34mval[0m: SAME 
[32mINFO:[0m [34m input.7.group[0m: [34mval[0m: 1 
[32mINFO:[0m [34m output.1.output[0m: [34mname[0m: tf.math.add_34/Add:0 [34mshape[0m: (1, 16, 16, 32) [34mdtype[0m: <dtype: 'float32'> 

[32mINFO:[0m [32m62 / 298[0m
[32mINFO:[0m [35monnx_op_type[0m: Sigmoid[35m onnx_op_name[0m: /model.6/m.0/m/m.1/cv1/act/Sigmoid
[32mINFO:[0m [36m input_name.1[0m: /model.6/m.0/m/m.1/cv1/conv/Conv_output_0 [36mshape[0m: [1, 32, 16, 16] [36mdtype[0m: float32
[32mINFO:[0m [36m output_name.1[0m: /model.6/m.0/m/m.1/cv1/act/Sigmoid_output_0 [36mshape[0m: [1, 32, 16, 16] [36mdtype[0m: float32
[32mINFO:[0m [35mtf_op_type[0m: sigmoid
[32mINFO:[0m [34m input.1.x[0m: [34mname[0m: tf.math.add_34/Add:0 [34mshape[0m: (1, 16, 16, 32) [34mdtype[0m: <dtype: 'float32'> 
[32mINFO:[0m [34m output.1.output[0m: [34mname[0m: tf.math.sigmoid_17/Sigmoid:0 [34mshape[0m: (1, 16, 16, 32) [34mdtype[0m: <dtype: 'float32'> 

[32mINFO:[0m [32m63 / 298[0m
[32mINFO:[0m [35monnx_op_type[0m: Mul[35m onnx_op_name[0m: /model.6/m.0/m/m.1/cv1/act/Mul
[32mINFO:[0m [36m input_name.1[0m: /model.6/m.0/m/m.1/cv1/conv/Conv_output_0 [36mshape[0m: [1, 32, 16, 16] [36mdtype[0m: float32
[32mINFO:[0m [36m input_name.2[0m: /model.6/m.0/m/m.1/cv1/act/Sigmoid_output_0 [36mshape[0m: [1, 32, 16, 16] [36mdtype[0m: float32
[32mINFO:[0m [36m output_name.1[0m: /model.6/m.0/m/m.1/cv1/act/Mul_output_0 [36mshape[0m: [1, 32, 16, 16] [36mdtype[0m: float32
[32mINFO:[0m [35mtf_op_type[0m: multiply
[32mINFO:[0m [34m input.1.x[0m: [34mname[0m: tf.math.add_34/Add:0 [34mshape[0m: (1, 16, 16, 32) [34mdtype[0m: <dtype: 'float32'> 
[32mINFO:[0m [34m input.2.y[0m: [34mname[0m: tf.math.sigmoid_17/Sigmoid:0 [34mshape[0m: (1, 16, 16, 32) [34mdtype[0m: <dtype: 'float32'> 
[32mINFO:[0m [34m output.1.output[0m: [34mname[0m: tf.math.multiply_77/Mul:0 [34mshape[0m: (1, 16, 16, 32) [34mdtype[0m: <dtype: 'float32'> 

[32mINFO:[0m [32m64 / 298[0m
[32mINFO:[0m [35monnx_op_type[0m: Conv[35m onnx_op_name[0m: /model.6/m.0/m/m.1/cv2/conv/Conv
[32mINFO:[0m [36m input_name.1[0m: /model.6/m.0/m/m.1/cv1/act/Mul_output_0 [36mshape[0m: [1, 32, 16, 16] [36mdtype[0m: float32
[32mINFO:[0m [36m input_name.2[0m: model.6.m.0.m.1.cv2.conv.weight [36mshape[0m: [32, 32, 3, 3] [36mdtype[0m: float32
[32mINFO:[0m [36m input_name.3[0m: model.6.m.0.m.1.cv2.conv.bias [36mshape[0m: [32] [36mdtype[0m: float32
[32mINFO:[0m [36m output_name.1[0m: /model.6/m.0/m/m.1/cv2/conv/Conv_output_0 [36mshape[0m: [1, 32, 16, 16] [36mdtype[0m: float32
[32mINFO:[0m [35mtf_op_type[0m: convolution_v2
[32mINFO:[0m [34m input.1.input[0m: [34mname[0m: tf.math.multiply_77/Mul:0 [34mshape[0m: (1, 16, 16, 32) [34mdtype[0m: <dtype: 'float32'> 
[32mINFO:[0m [34m input.2.weights[0m: [34mshape[0m: (3, 3, 32, 32) [34mdtype[0m: <dtype: 'float32'> 
[32mINFO:[0m [34m input.3.bias[0m: [34mshape[0m: (32,) [34mdtype[0m: <dtype: 'float32'> 
[32mINFO:[0m [34m input.4.strides[0m: [34mval[0m: [1, 1] 
[32mINFO:[0m [34m input.5.dilations[0m: [34mval[0m: [1, 1] 
[32mINFO:[0m [34m input.6.padding[0m: [34mval[0m: SAME 
[32mINFO:[0m [34m input.7.group[0m: [34mval[0m: 1 
[32mINFO:[0m [34m output.1.output[0m: [34mname[0m: tf.math.add_35/Add:0 [34mshape[0m: (1, 16, 16, 32) [34mdtype[0m: <dtype: 'float32'> 

[32mINFO:[0m [32m65 / 298[0m
[32mINFO:[0m [35monnx_op_type[0m: Sigmoid[35m onnx_op_name[0m: /model.6/m.0/m/m.1/cv2/act/Sigmoid
[32mINFO:[0m [36m input_name.1[0m: /model.6/m.0/m/m.1/cv2/conv/Conv_output_0 [36mshape[0m: [1, 32, 16, 16] [36mdtype[0m: float32
[32mINFO:[0m [36m output_name.1[0m: /model.6/m.0/m/m.1/cv2/act/Sigmoid_output_0 [36mshape[0m: [1, 32, 16, 16] [36mdtype[0m: float32
[32mINFO:[0m [35mtf_op_type[0m: sigmoid
[32mINFO:[0m [34m input.1.x[0m: [34mname[0m: tf.math.add_35/Add:0 [34mshape[0m: (1, 16, 16, 32) [34mdtype[0m: <dtype: 'float32'> 
[32mINFO:[0m [34m output.1.output[0m: [34mname[0m: tf.math.sigmoid_18/Sigmoid:0 [34mshape[0m: (1, 16, 16, 32) [34mdtype[0m: <dtype: 'float32'> 

[32mINFO:[0m [32m66 / 298[0m
[32mINFO:[0m [35monnx_op_type[0m: Mul[35m onnx_op_name[0m: /model.6/m.0/m/m.1/cv2/act/Mul
[32mINFO:[0m [36m input_name.1[0m: /model.6/m.0/m/m.1/cv2/conv/Conv_output_0 [36mshape[0m: [1, 32, 16, 16] [36mdtype[0m: float32
[32mINFO:[0m [36m input_name.2[0m: /model.6/m.0/m/m.1/cv2/act/Sigmoid_output_0 [36mshape[0m: [1, 32, 16, 16] [36mdtype[0m: float32
[32mINFO:[0m [36m output_name.1[0m: /model.6/m.0/m/m.1/cv2/act/Mul_output_0 [36mshape[0m: [1, 32, 16, 16] [36mdtype[0m: float32
[32mINFO:[0m [35mtf_op_type[0m: multiply
[32mINFO:[0m [34m input.1.x[0m: [34mname[0m: tf.math.add_35/Add:0 [34mshape[0m: (1, 16, 16, 32) [34mdtype[0m: <dtype: 'float32'> 
[32mINFO:[0m [34m input.2.y[0m: [34mname[0m: tf.math.sigmoid_18/Sigmoid:0 [34mshape[0m: (1, 16, 16, 32) [34mdtype[0m: <dtype: 'float32'> 
[32mINFO:[0m [34m output.1.output[0m: [34mname[0m: tf.math.multiply_81/Mul:0 [34mshape[0m: (1, 16, 16, 32) [34mdtype[0m: <dtype: 'float32'> 

[32mINFO:[0m [32m67 / 298[0m
[32mINFO:[0m [35monnx_op_type[0m: Add[35m onnx_op_name[0m: /model.6/m.0/m/m.1/Add
[32mINFO:[0m [36m input_name.1[0m: /model.6/m.0/m/m.0/Add_output_0 [36mshape[0m: [1, 32, 16, 16] [36mdtype[0m: float32
[32mINFO:[0m [36m input_name.2[0m: /model.6/m.0/m/m.1/cv2/act/Mul_output_0 [36mshape[0m: [1, 32, 16, 16] [36mdtype[0m: float32
[32mINFO:[0m [36m output_name.1[0m: /model.6/m.0/m/m.1/Add_output_0 [36mshape[0m: [1, 32, 16, 16] [36mdtype[0m: float32
[32mINFO:[0m [35mtf_op_type[0m: add
[32mINFO:[0m [34m input.1.x[0m: [34mname[0m: tf.compat.v1.transpose_592/transpose:0 [34mshape[0m: (1, 32, 16, 16) [34mdtype[0m: <dtype: 'float32'> 
[32mINFO:[0m [34m input.2.y[0m: [34mname[0m: tf.compat.v1.transpose_593/transpose:0 [34mshape[0m: (1, 32, 16, 16) [34mdtype[0m: <dtype: 'float32'> 
[32mINFO:[0m [34m output.1.output[0m: [34mname[0m: tf.math.add_38/Add:0 [34mshape[0m: (1, 32, 16, 16) [34mdtype[0m: <dtype: 'float32'> 

[32mINFO:[0m [32m68 / 298[0m
[32mINFO:[0m [35monnx_op_type[0m: Concat[35m onnx_op_name[0m: /model.6/m.0/Concat
[32mINFO:[0m [36m input_name.1[0m: /model.6/m.0/m/m.1/Add_output_0 [36mshape[0m: [1, 32, 16, 16] [36mdtype[0m: float32
[32mINFO:[0m [36m input_name.2[0m: /model.6/m.0/cv2/act/Mul_output_0 [36mshape[0m: [1, 32, 16, 16] [36mdtype[0m: float32
[32mINFO:[0m [36m output_name.1[0m: /model.6/m.0/Concat_output_0 [36mshape[0m: [1, 64, 16, 16] [36mdtype[0m: float32
[32mINFO:[0m [35mtf_op_type[0m: concat
[32mINFO:[0m [34m input.1.input0[0m: [34mname[0m: tf.math.add_38/Add:0 [34mshape[0m: (1, 32, 16, 16) [34mdtype[0m: <dtype: 'float32'> 
[32mINFO:[0m [34m input.2.input1[0m: [34mname[0m: tf.compat.v1.transpose_594/transpose:0 [34mshape[0m: (1, 32, 16, 16) [34mdtype[0m: <dtype: 'float32'> 
[32mINFO:[0m [34m input.3.axis[0m: [34mval[0m: 1 
[32mINFO:[0m [34m output.1.output[0m: [34mname[0m: tf.concat_196/concat:0 [34mshape[0m: (1, 64, 16, 16) [34mdtype[0m: <dtype: 'float32'> 

[32mINFO:[0m [32m69 / 298[0m
[32mINFO:[0m [35monnx_op_type[0m: Conv[35m onnx_op_name[0m: /model.6/m.0/cv3/conv/Conv
[32mINFO:[0m [36m input_name.1[0m: /model.6/m.0/Concat_output_0 [36mshape[0m: [1, 64, 16, 16] [36mdtype[0m: float32
[32mINFO:[0m [36m input_name.2[0m: model.6.m.0.cv3.conv.weight [36mshape[0m: [64, 64, 1, 1] [36mdtype[0m: float32
[32mINFO:[0m [36m input_name.3[0m: model.6.m.0.cv3.conv.bias [36mshape[0m: [64] [36mdtype[0m: float32
[32mINFO:[0m [36m output_name.1[0m: /model.6/m.0/cv3/conv/Conv_output_0 [36mshape[0m: [1, 64, 16, 16] [36mdtype[0m: float32
[32mINFO:[0m [35mtf_op_type[0m: convolution_v2
[32mINFO:[0m [34m input.1.input[0m: [34mname[0m: tf.compat.v1.transpose_595/transpose:0 [34mshape[0m: (1, 16, 16, 64) [34mdtype[0m: <dtype: 'float32'> 
[32mINFO:[0m [34m input.2.weights[0m: [34mshape[0m: (1, 1, 64, 64) [34mdtype[0m: <dtype: 'float32'> 
[32mINFO:[0m [34m input.3.bias[0m: [34mshape[0m: (64,) [34mdtype[0m: <dtype: 'float32'> 
[32mINFO:[0m [34m input.4.strides[0m: [34mval[0m: [1, 1] 
[32mINFO:[0m [34m input.5.dilations[0m: [34mval[0m: [1, 1] 
[32mINFO:[0m [34m input.6.padding[0m: [34mval[0m: SAME 
[32mINFO:[0m [34m input.7.group[0m: [34mval[0m: 1 
[32mINFO:[0m [34m output.1.output[0m: [34mname[0m: tf.math.add_39/Add:0 [34mshape[0m: (1, 16, 16, 64) [34mdtype[0m: <dtype: 'float32'> 

[32mINFO:[0m [32m70 / 298[0m
[32mINFO:[0m [35monnx_op_type[0m: Sigmoid[35m onnx_op_name[0m: /model.6/m.0/cv3/act/Sigmoid
[32mINFO:[0m [36m input_name.1[0m: /model.6/m.0/cv3/conv/Conv_output_0 [36mshape[0m: [1, 64, 16, 16] [36mdtype[0m: float32
[32mINFO:[0m [36m output_name.1[0m: /model.6/m.0/cv3/act/Sigmoid_output_0 [36mshape[0m: [1, 64, 16, 16] [36mdtype[0m: float32
[32mINFO:[0m [35mtf_op_type[0m: sigmoid
[32mINFO:[0m [34m input.1.x[0m: [34mname[0m: tf.math.add_39/Add:0 [34mshape[0m: (1, 16, 16, 64) [34mdtype[0m: <dtype: 'float32'> 
[32mINFO:[0m [34m output.1.output[0m: [34mname[0m: tf.math.sigmoid_19/Sigmoid:0 [34mshape[0m: (1, 16, 16, 64) [34mdtype[0m: <dtype: 'float32'> 

[32mINFO:[0m [32m71 / 298[0m
[32mINFO:[0m [35monnx_op_type[0m: Mul[35m onnx_op_name[0m: /model.6/m.0/cv3/act/Mul
[32mINFO:[0m [36m input_name.1[0m: /model.6/m.0/cv3/conv/Conv_output_0 [36mshape[0m: [1, 64, 16, 16] [36mdtype[0m: float32
[32mINFO:[0m [36m input_name.2[0m: /model.6/m.0/cv3/act/Sigmoid_output_0 [36mshape[0m: [1, 64, 16, 16] [36mdtype[0m: float32
[32mINFO:[0m [36m output_name.1[0m: /model.6/m.0/cv3/act/Mul_output_0 [36mshape[0m: [1, 64, 16, 16] [36mdtype[0m: float32
[32mINFO:[0m [35mtf_op_type[0m: multiply
[32mINFO:[0m [34m input.1.x[0m: [34mname[0m: tf.math.add_39/Add:0 [34mshape[0m: (1, 16, 16, 64) [34mdtype[0m: <dtype: 'float32'> 
[32mINFO:[0m [34m input.2.y[0m: [34mname[0m: tf.math.sigmoid_19/Sigmoid:0 [34mshape[0m: (1, 16, 16, 64) [34mdtype[0m: <dtype: 'float32'> 
[32mINFO:[0m [34m output.1.output[0m: [34mname[0m: tf.math.multiply_87/Mul:0 [34mshape[0m: (1, 16, 16, 64) [34mdtype[0m: <dtype: 'float32'> 

[32mINFO:[0m [32m72 / 298[0m
[32mINFO:[0m [35monnx_op_type[0m: Concat[35m onnx_op_name[0m: /model.6/Concat
[32mINFO:[0m [36m input_name.1[0m: /model.6/Split_output_0 [36mshape[0m: [1, 64, 16, 16] [36mdtype[0m: float32
[32mINFO:[0m [36m input_name.2[0m: /model.6/Split_output_1 [36mshape[0m: [1, 64, 16, 16] [36mdtype[0m: float32
[32mINFO:[0m [36m input_name.3[0m: /model.6/m.0/cv3/act/Mul_output_0 [36mshape[0m: [1, 64, 16, 16] [36mdtype[0m: float32
[32mINFO:[0m [36m output_name.1[0m: /model.6/Concat_output_0 [36mshape[0m: [1, 192, 16, 16] [36mdtype[0m: float32
[32mINFO:[0m [35mtf_op_type[0m: concat
[32mINFO:[0m [34m input.1.input0[0m: [34mname[0m: tf.split_2/split:0 [34mshape[0m: (1, 16, 16, 64) [34mdtype[0m: <dtype: 'float32'> 
[32mINFO:[0m [34m input.2.input1[0m: [34mname[0m: tf.split_2/split:1 [34mshape[0m: (1, 16, 16, 64) [34mdtype[0m: <dtype: 'float32'> 
[32mINFO:[0m [34m input.3.input2[0m: [34mname[0m: tf.math.multiply_87/Mul:0 [34mshape[0m: (1, 16, 16, 64) [34mdtype[0m: <dtype: 'float32'> 
[32mINFO:[0m [34m input.4.axis[0m: [34mval[0m: 3 
[32mINFO:[0m [34m output.1.output[0m: [34mname[0m: tf.concat_197/concat:0 [34mshape[0m: (1, 16, 16, 192) [34mdtype[0m: <dtype: 'float32'> 

[32mINFO:[0m [32m73 / 298[0m
[32mINFO:[0m [35monnx_op_type[0m: Conv[35m onnx_op_name[0m: /model.6/cv2/conv/Conv
[32mINFO:[0m [36m input_name.1[0m: /model.6/Concat_output_0 [36mshape[0m: [1, 192, 16, 16] [36mdtype[0m: float32
[32mINFO:[0m [36m input_name.2[0m: model.6.cv2.conv.weight [36mshape[0m: [128, 192, 1, 1] [36mdtype[0m: float32
[32mINFO:[0m [36m input_name.3[0m: model.6.cv2.conv.bias [36mshape[0m: [128] [36mdtype[0m: float32
[32mINFO:[0m [36m output_name.1[0m: /model.6/cv2/conv/Conv_output_0 [36mshape[0m: [1, 128, 16, 16] [36mdtype[0m: float32
[32mINFO:[0m [35mtf_op_type[0m: convolution_v2
[32mINFO:[0m [34m input.1.input[0m: [34mname[0m: tf.concat_197/concat:0 [34mshape[0m: (1, 16, 16, 192) [34mdtype[0m: <dtype: 'float32'> 
[32mINFO:[0m [34m input.2.weights[0m: [34mshape[0m: (1, 1, 192, 128) [34mdtype[0m: <dtype: 'float32'> 
[32mINFO:[0m [34m input.3.bias[0m: [34mshape[0m: (128,) [34mdtype[0m: <dtype: 'float32'> 
[32mINFO:[0m [34m input.4.strides[0m: [34mval[0m: [1, 1] 
[32mINFO:[0m [34m input.5.dilations[0m: [34mval[0m: [1, 1] 
[32mINFO:[0m [34m input.6.padding[0m: [34mval[0m: SAME 
[32mINFO:[0m [34m input.7.group[0m: [34mval[0m: 1 
[32mINFO:[0m [34m output.1.output[0m: [34mname[0m: tf.math.add_40/Add:0 [34mshape[0m: (1, 16, 16, 128) [34mdtype[0m: <dtype: 'float32'> 

[32mINFO:[0m [32m74 / 298[0m
[32mINFO:[0m [35monnx_op_type[0m: Sigmoid[35m onnx_op_name[0m: /model.6/cv2/act/Sigmoid
[32mINFO:[0m [36m input_name.1[0m: /model.6/cv2/conv/Conv_output_0 [36mshape[0m: [1, 128, 16, 16] [36mdtype[0m: float32
[32mINFO:[0m [36m output_name.1[0m: /model.6/cv2/act/Sigmoid_output_0 [36mshape[0m: [1, 128, 16, 16] [36mdtype[0m: float32
[32mINFO:[0m [35mtf_op_type[0m: sigmoid
[32mINFO:[0m [34m input.1.x[0m: [34mname[0m: tf.math.add_40/Add:0 [34mshape[0m: (1, 16, 16, 128) [34mdtype[0m: <dtype: 'float32'> 
[32mINFO:[0m [34m output.1.output[0m: [34mname[0m: tf.math.sigmoid_20/Sigmoid:0 [34mshape[0m: (1, 16, 16, 128) [34mdtype[0m: <dtype: 'float32'> 

[32mINFO:[0m [32m75 / 298[0m
[32mINFO:[0m [35monnx_op_type[0m: Mul[35m onnx_op_name[0m: /model.6/cv2/act/Mul
[32mINFO:[0m [36m input_name.1[0m: /model.6/cv2/conv/Conv_output_0 [36mshape[0m: [1, 128, 16, 16] [36mdtype[0m: float32
[32mINFO:[0m [36m input_name.2[0m: /model.6/cv2/act/Sigmoid_output_0 [36mshape[0m: [1, 128, 16, 16] [36mdtype[0m: float32
[32mINFO:[0m [36m output_name.1[0m: /model.6/cv2/act/Mul_output_0 [36mshape[0m: [1, 128, 16, 16] [36mdtype[0m: float32
[32mINFO:[0m [35mtf_op_type[0m: multiply
[32mINFO:[0m [34m input.1.x[0m: [34mname[0m: tf.math.add_40/Add:0 [34mshape[0m: (1, 16, 16, 128) [34mdtype[0m: <dtype: 'float32'> 
[32mINFO:[0m [34m input.2.y[0m: [34mname[0m: tf.math.sigmoid_20/Sigmoid:0 [34mshape[0m: (1, 16, 16, 128) [34mdtype[0m: <dtype: 'float32'> 
[32mINFO:[0m [34m output.1.output[0m: [34mname[0m: tf.math.multiply_91/Mul:0 [34mshape[0m: (1, 16, 16, 128) [34mdtype[0m: <dtype: 'float32'> 

[32mINFO:[0m [32m76 / 298[0m
[32mINFO:[0m [35monnx_op_type[0m: Conv[35m onnx_op_name[0m: /model.7/conv/Conv
[32mINFO:[0m [36m input_name.1[0m: /model.6/cv2/act/Mul_output_0 [36mshape[0m: [1, 128, 16, 16] [36mdtype[0m: float32
[32mINFO:[0m [36m input_name.2[0m: model.7.conv.weight [36mshape[0m: [256, 128, 3, 3] [36mdtype[0m: float32
[32mINFO:[0m [36m input_name.3[0m: model.7.conv.bias [36mshape[0m: [256] [36mdtype[0m: float32
[32mINFO:[0m [36m output_name.1[0m: /model.7/conv/Conv_output_0 [36mshape[0m: [1, 256, 8, 8] [36mdtype[0m: float32
[32mINFO:[0m [35mtf_op_type[0m: convolution_v2
[32mINFO:[0m [34m input.1.input[0m: [34mname[0m: tf.compat.v1.pad_4/Pad:0 [34mshape[0m: (1, 18, 18, 128) [34mdtype[0m: <dtype: 'float32'> 
[32mINFO:[0m [34m input.2.weights[0m: [34mshape[0m: (3, 3, 128, 256) [34mdtype[0m: <dtype: 'float32'> 
[32mINFO:[0m [34m input.3.bias[0m: [34mshape[0m: (256,) [34mdtype[0m: <dtype: 'float32'> 
[32mINFO:[0m [34m input.4.strides[0m: [34mval[0m: [2, 2] 
[32mINFO:[0m [34m input.5.dilations[0m: [34mval[0m: [1, 1] 
[32mINFO:[0m [34m input.6.padding[0m: [34mval[0m: VALID 
[32mINFO:[0m [34m input.7.group[0m: [34mval[0m: 1 
[32mINFO:[0m [34m output.1.output[0m: [34mname[0m: tf.math.add_41/Add:0 [34mshape[0m: (1, 8, 8, 256) [34mdtype[0m: <dtype: 'float32'> 

[32mINFO:[0m [32m77 / 298[0m
[32mINFO:[0m [35monnx_op_type[0m: Sigmoid[35m onnx_op_name[0m: /model.7/act/Sigmoid
[32mINFO:[0m [36m input_name.1[0m: /model.7/conv/Conv_output_0 [36mshape[0m: [1, 256, 8, 8] [36mdtype[0m: float32
[32mINFO:[0m [36m output_name.1[0m: /model.7/act/Sigmoid_output_0 [36mshape[0m: [1, 256, 8, 8] [36mdtype[0m: float32
[32mINFO:[0m [35mtf_op_type[0m: sigmoid
[32mINFO:[0m [34m input.1.x[0m: [34mname[0m: tf.math.add_41/Add:0 [34mshape[0m: (1, 8, 8, 256) [34mdtype[0m: <dtype: 'float32'> 
[32mINFO:[0m [34m output.1.output[0m: [34mname[0m: tf.math.sigmoid_21/Sigmoid:0 [34mshape[0m: (1, 8, 8, 256) [34mdtype[0m: <dtype: 'float32'> 

[32mINFO:[0m [32m78 / 298[0m
[32mINFO:[0m [35monnx_op_type[0m: Mul[35m onnx_op_name[0m: /model.7/act/Mul
[32mINFO:[0m [36m input_name.1[0m: /model.7/conv/Conv_output_0 [36mshape[0m: [1, 256, 8, 8] [36mdtype[0m: float32
[32mINFO:[0m [36m input_name.2[0m: /model.7/act/Sigmoid_output_0 [36mshape[0m: [1, 256, 8, 8] [36mdtype[0m: float32
[32mINFO:[0m [36m output_name.1[0m: /model.7/act/Mul_output_0 [36mshape[0m: [1, 256, 8, 8] [36mdtype[0m: float32
[32mINFO:[0m [35mtf_op_type[0m: multiply
[32mINFO:[0m [34m input.1.x[0m: [34mname[0m: tf.math.add_41/Add:0 [34mshape[0m: (1, 8, 8, 256) [34mdtype[0m: <dtype: 'float32'> 
[32mINFO:[0m [34m input.2.y[0m: [34mname[0m: tf.math.sigmoid_21/Sigmoid:0 [34mshape[0m: (1, 8, 8, 256) [34mdtype[0m: <dtype: 'float32'> 
[32mINFO:[0m [34m output.1.output[0m: [34mname[0m: tf.math.multiply_95/Mul:0 [34mshape[0m: (1, 8, 8, 256) [34mdtype[0m: <dtype: 'float32'> 

[32mINFO:[0m [32m79 / 298[0m
[32mINFO:[0m [35monnx_op_type[0m: Conv[35m onnx_op_name[0m: /model.8/cv1/conv/Conv
[32mINFO:[0m [36m input_name.1[0m: /model.7/act/Mul_output_0 [36mshape[0m: [1, 256, 8, 8] [36mdtype[0m: float32
[32mINFO:[0m [36m input_name.2[0m: model.8.cv1.conv.weight [36mshape[0m: [256, 256, 1, 1] [36mdtype[0m: float32
[32mINFO:[0m [36m input_name.3[0m: model.8.cv1.conv.bias [36mshape[0m: [256] [36mdtype[0m: float32
[32mINFO:[0m [36m output_name.1[0m: /model.8/cv1/conv/Conv_output_0 [36mshape[0m: [1, 256, 8, 8] [36mdtype[0m: float32
[32mINFO:[0m [35mtf_op_type[0m: convolution_v2
[32mINFO:[0m [34m input.1.input[0m: [34mname[0m: tf.math.multiply_95/Mul:0 [34mshape[0m: (1, 8, 8, 256) [34mdtype[0m: <dtype: 'float32'> 
[32mINFO:[0m [34m input.2.weights[0m: [34mshape[0m: (1, 1, 256, 256) [34mdtype[0m: <dtype: 'float32'> 
[32mINFO:[0m [34m input.3.bias[0m: [34mshape[0m: (256,) [34mdtype[0m: <dtype: 'float32'> 
[32mINFO:[0m [34m input.4.strides[0m: [34mval[0m: [1, 1] 
[32mINFO:[0m [34m input.5.dilations[0m: [34mval[0m: [1, 1] 
[32mINFO:[0m [34m input.6.padding[0m: [34mval[0m: SAME 
[32mINFO:[0m [34m input.7.group[0m: [34mval[0m: 1 
[32mINFO:[0m [34m output.1.output[0m: [34mname[0m: tf.math.add_42/Add:0 [34mshape[0m: (1, 8, 8, 256) [34mdtype[0m: <dtype: 'float32'> 

[32mINFO:[0m [32m80 / 298[0m
[32mINFO:[0m [35monnx_op_type[0m: Sigmoid[35m onnx_op_name[0m: /model.8/cv1/act/Sigmoid
[32mINFO:[0m [36m input_name.1[0m: /model.8/cv1/conv/Conv_output_0 [36mshape[0m: [1, 256, 8, 8] [36mdtype[0m: float32
[32mINFO:[0m [36m output_name.1[0m: /model.8/cv1/act/Sigmoid_output_0 [36mshape[0m: [1, 256, 8, 8] [36mdtype[0m: float32
[32mINFO:[0m [35mtf_op_type[0m: sigmoid
[32mINFO:[0m [34m input.1.x[0m: [34mname[0m: tf.math.add_42/Add:0 [34mshape[0m: (1, 8, 8, 256) [34mdtype[0m: <dtype: 'float32'> 
[32mINFO:[0m [34m output.1.output[0m: [34mname[0m: tf.math.sigmoid_22/Sigmoid:0 [34mshape[0m: (1, 8, 8, 256) [34mdtype[0m: <dtype: 'float32'> 

[32mINFO:[0m [32m81 / 298[0m
[32mINFO:[0m [35monnx_op_type[0m: Mul[35m onnx_op_name[0m: /model.8/cv1/act/Mul
[32mINFO:[0m [36m input_name.1[0m: /model.8/cv1/conv/Conv_output_0 [36mshape[0m: [1, 256, 8, 8] [36mdtype[0m: float32
[32mINFO:[0m [36m input_name.2[0m: /model.8/cv1/act/Sigmoid_output_0 [36mshape[0m: [1, 256, 8, 8] [36mdtype[0m: float32
[32mINFO:[0m [36m output_name.1[0m: /model.8/cv1/act/Mul_output_0 [36mshape[0m: [1, 256, 8, 8] [36mdtype[0m: float32
[32mINFO:[0m [35mtf_op_type[0m: multiply
[32mINFO:[0m [34m input.1.x[0m: [34mname[0m: tf.math.add_42/Add:0 [34mshape[0m: (1, 8, 8, 256) [34mdtype[0m: <dtype: 'float32'> 
[32mINFO:[0m [34m input.2.y[0m: [34mname[0m: tf.math.sigmoid_22/Sigmoid:0 [34mshape[0m: (1, 8, 8, 256) [34mdtype[0m: <dtype: 'float32'> 
[32mINFO:[0m [34m output.1.output[0m: [34mname[0m: tf.math.multiply_99/Mul:0 [34mshape[0m: (1, 8, 8, 256) [34mdtype[0m: <dtype: 'float32'> 

[32mINFO:[0m [32m82 / 298[0m
[32mINFO:[0m [35monnx_op_type[0m: Split[35m onnx_op_name[0m: /model.8/Split
[32mINFO:[0m [36m input_name.1[0m: /model.8/cv1/act/Mul_output_0 [36mshape[0m: [1, 256, 8, 8] [36mdtype[0m: float32
[32mINFO:[0m [36m output_name.1[0m: /model.8/Split_output_0 [36mshape[0m: [1, 128, 8, 8] [36mdtype[0m: float32
[32mINFO:[0m [36m output_name.2[0m: /model.8/Split_output_1 [36mshape[0m: [1, 128, 8, 8] [36mdtype[0m: float32
[32mINFO:[0m [35mtf_op_type[0m: split
[32mINFO:[0m [34m input.1.value[0m: [34mname[0m: tf.math.multiply_99/Mul:0 [34mshape[0m: (1, 8, 8, 256) [34mdtype[0m: <dtype: 'float32'> 
[32mINFO:[0m [34m input.2.num_or_size_splits[0m: [34mval[0m: [128, 128] 
[32mINFO:[0m [34m input.3.axis[0m: [34mval[0m: 3 
[32mINFO:[0m [34m input.4.num[0m: 
[32mINFO:[0m [34m output.1.output0[0m: [34mname[0m: tf.split_3/split:0 [34mshape[0m: (1, 8, 8, 128) [34mdtype[0m: <dtype: 'float32'> 
[32mINFO:[0m [34m output.2.output1[0m: [34mname[0m: tf.split_3/split:1 [34mshape[0m: (1, 8, 8, 128) [34mdtype[0m: <dtype: 'float32'> 

[32mINFO:[0m [32m83 / 298[0m
[32mINFO:[0m [35monnx_op_type[0m: Conv[35m onnx_op_name[0m: /model.8/m.0/cv1/conv/Conv
[32mINFO:[0m [36m input_name.1[0m: /model.8/Split_output_1 [36mshape[0m: [1, 128, 8, 8] [36mdtype[0m: float32
[32mINFO:[0m [36m input_name.2[0m: model.8.m.0.cv1.conv.weight [36mshape[0m: [64, 128, 1, 1] [36mdtype[0m: float32
[32mINFO:[0m [36m input_name.3[0m: model.8.m.0.cv1.conv.bias [36mshape[0m: [64] [36mdtype[0m: float32
[32mINFO:[0m [36m output_name.1[0m: /model.8/m.0/cv1/conv/Conv_output_0 [36mshape[0m: [1, 64, 8, 8] [36mdtype[0m: float32
[32mINFO:[0m [35mtf_op_type[0m: convolution_v2
[32mINFO:[0m [34m input.1.input[0m: [34mname[0m: tf.split_3/split:1 [34mshape[0m: (1, 8, 8, 128) [34mdtype[0m: <dtype: 'float32'> 
[32mINFO:[0m [34m input.2.weights[0m: [34mshape[0m: (1, 1, 128, 64) [34mdtype[0m: <dtype: 'float32'> 
[32mINFO:[0m [34m input.3.bias[0m: [34mshape[0m: (64,) [34mdtype[0m: <dtype: 'float32'> 
[32mINFO:[0m [34m input.4.strides[0m: [34mval[0m: [1, 1] 
[32mINFO:[0m [34m input.5.dilations[0m: [34mval[0m: [1, 1] 
[32mINFO:[0m [34m input.6.padding[0m: [34mval[0m: SAME 
[32mINFO:[0m [34m input.7.group[0m: [34mval[0m: 1 
[32mINFO:[0m [34m output.1.output[0m: [34mname[0m: tf.math.add_43/Add:0 [34mshape[0m: (1, 8, 8, 64) [34mdtype[0m: <dtype: 'float32'> 

[32mINFO:[0m [32m84 / 298[0m
[32mINFO:[0m [35monnx_op_type[0m: Conv[35m onnx_op_name[0m: /model.8/m.0/cv2/conv/Conv
[32mINFO:[0m [36m input_name.1[0m: /model.8/Split_output_1 [36mshape[0m: [1, 128, 8, 8] [36mdtype[0m: float32
[32mINFO:[0m [36m input_name.2[0m: model.8.m.0.cv2.conv.weight [36mshape[0m: [64, 128, 1, 1] [36mdtype[0m: float32
[32mINFO:[0m [36m input_name.3[0m: model.8.m.0.cv2.conv.bias [36mshape[0m: [64] [36mdtype[0m: float32
[32mINFO:[0m [36m output_name.1[0m: /model.8/m.0/cv2/conv/Conv_output_0 [36mshape[0m: [1, 64, 8, 8] [36mdtype[0m: float32
[32mINFO:[0m [35mtf_op_type[0m: convolution_v2
[32mINFO:[0m [34m input.1.input[0m: [34mname[0m: tf.split_3/split:1 [34mshape[0m: (1, 8, 8, 128) [34mdtype[0m: <dtype: 'float32'> 
[32mINFO:[0m [34m input.2.weights[0m: [34mshape[0m: (1, 1, 128, 64) [34mdtype[0m: <dtype: 'float32'> 
[32mINFO:[0m [34m input.3.bias[0m: [34mshape[0m: (64,) [34mdtype[0m: <dtype: 'float32'> 
[32mINFO:[0m [34m input.4.strides[0m: [34mval[0m: [1, 1] 
[32mINFO:[0m [34m input.5.dilations[0m: [34mval[0m: [1, 1] 
[32mINFO:[0m [34m input.6.padding[0m: [34mval[0m: SAME 
[32mINFO:[0m [34m input.7.group[0m: [34mval[0m: 1 
[32mINFO:[0m [34m output.1.output[0m: [34mname[0m: tf.math.add_44/Add:0 [34mshape[0m: (1, 8, 8, 64) [34mdtype[0m: <dtype: 'float32'> 

[32mINFO:[0m [32m85 / 298[0m
[32mINFO:[0m [35monnx_op_type[0m: Sigmoid[35m onnx_op_name[0m: /model.8/m.0/cv1/act/Sigmoid
[32mINFO:[0m [36m input_name.1[0m: /model.8/m.0/cv1/conv/Conv_output_0 [36mshape[0m: [1, 64, 8, 8] [36mdtype[0m: float32
[32mINFO:[0m [36m output_name.1[0m: /model.8/m.0/cv1/act/Sigmoid_output_0 [36mshape[0m: [1, 64, 8, 8] [36mdtype[0m: float32
[32mINFO:[0m [35mtf_op_type[0m: sigmoid
[32mINFO:[0m [34m input.1.x[0m: [34mname[0m: tf.math.add_43/Add:0 [34mshape[0m: (1, 8, 8, 64) [34mdtype[0m: <dtype: 'float32'> 
[32mINFO:[0m [34m output.1.output[0m: [34mname[0m: tf.math.sigmoid_23/Sigmoid:0 [34mshape[0m: (1, 8, 8, 64) [34mdtype[0m: <dtype: 'float32'> 

[32mINFO:[0m [32m86 / 298[0m
[32mINFO:[0m [35monnx_op_type[0m: Sigmoid[35m onnx_op_name[0m: /model.8/m.0/cv2/act/Sigmoid
[32mINFO:[0m [36m input_name.1[0m: /model.8/m.0/cv2/conv/Conv_output_0 [36mshape[0m: [1, 64, 8, 8] [36mdtype[0m: float32
[32mINFO:[0m [36m output_name.1[0m: /model.8/m.0/cv2/act/Sigmoid_output_0 [36mshape[0m: [1, 64, 8, 8] [36mdtype[0m: float32
[32mINFO:[0m [35mtf_op_type[0m: sigmoid
[32mINFO:[0m [34m input.1.x[0m: [34mname[0m: tf.math.add_44/Add:0 [34mshape[0m: (1, 8, 8, 64) [34mdtype[0m: <dtype: 'float32'> 
[32mINFO:[0m [34m output.1.output[0m: [34mname[0m: tf.math.sigmoid_24/Sigmoid:0 [34mshape[0m: (1, 8, 8, 64) [34mdtype[0m: <dtype: 'float32'> 

[32mINFO:[0m [32m87 / 298[0m
[32mINFO:[0m [35monnx_op_type[0m: Mul[35m onnx_op_name[0m: /model.8/m.0/cv1/act/Mul
[32mINFO:[0m [36m input_name.1[0m: /model.8/m.0/cv1/conv/Conv_output_0 [36mshape[0m: [1, 64, 8, 8] [36mdtype[0m: float32
[32mINFO:[0m [36m input_name.2[0m: /model.8/m.0/cv1/act/Sigmoid_output_0 [36mshape[0m: [1, 64, 8, 8] [36mdtype[0m: float32
[32mINFO:[0m [36m output_name.1[0m: /model.8/m.0/cv1/act/Mul_output_0 [36mshape[0m: [1, 64, 8, 8] [36mdtype[0m: float32
[32mINFO:[0m [35mtf_op_type[0m: multiply
[32mINFO:[0m [34m input.1.x[0m: [34mname[0m: tf.math.add_43/Add:0 [34mshape[0m: (1, 8, 8, 64) [34mdtype[0m: <dtype: 'float32'> 
[32mINFO:[0m [34m input.2.y[0m: [34mname[0m: tf.math.sigmoid_23/Sigmoid:0 [34mshape[0m: (1, 8, 8, 64) [34mdtype[0m: <dtype: 'float32'> 
[32mINFO:[0m [34m output.1.output[0m: [34mname[0m: tf.math.multiply_103/Mul:0 [34mshape[0m: (1, 8, 8, 64) [34mdtype[0m: <dtype: 'float32'> 

[32mINFO:[0m [32m88 / 298[0m
[32mINFO:[0m [35monnx_op_type[0m: Mul[35m onnx_op_name[0m: /model.8/m.0/cv2/act/Mul
[32mINFO:[0m [36m input_name.1[0m: /model.8/m.0/cv2/conv/Conv_output_0 [36mshape[0m: [1, 64, 8, 8] [36mdtype[0m: float32
[32mINFO:[0m [36m input_name.2[0m: /model.8/m.0/cv2/act/Sigmoid_output_0 [36mshape[0m: [1, 64, 8, 8] [36mdtype[0m: float32
[32mINFO:[0m [36m output_name.1[0m: /model.8/m.0/cv2/act/Mul_output_0 [36mshape[0m: [1, 64, 8, 8] [36mdtype[0m: float32
[32mINFO:[0m [35mtf_op_type[0m: multiply
[32mINFO:[0m [34m input.1.x[0m: [34mname[0m: tf.math.add_44/Add:0 [34mshape[0m: (1, 8, 8, 64) [34mdtype[0m: <dtype: 'float32'> 
[32mINFO:[0m [34m input.2.y[0m: [34mname[0m: tf.math.sigmoid_24/Sigmoid:0 [34mshape[0m: (1, 8, 8, 64) [34mdtype[0m: <dtype: 'float32'> 
[32mINFO:[0m [34m output.1.output[0m: [34mname[0m: tf.math.multiply_107/Mul:0 [34mshape[0m: (1, 8, 8, 64) [34mdtype[0m: <dtype: 'float32'> 

[32mINFO:[0m [32m89 / 298[0m
[32mINFO:[0m [35monnx_op_type[0m: Conv[35m onnx_op_name[0m: /model.8/m.0/m/m.0/cv1/conv/Conv
[32mINFO:[0m [36m input_name.1[0m: /model.8/m.0/cv1/act/Mul_output_0 [36mshape[0m: [1, 64, 8, 8] [36mdtype[0m: float32
[32mINFO:[0m [36m input_name.2[0m: model.8.m.0.m.0.cv1.conv.weight [36mshape[0m: [64, 64, 3, 3] [36mdtype[0m: float32
[32mINFO:[0m [36m input_name.3[0m: model.8.m.0.m.0.cv1.conv.bias [36mshape[0m: [64] [36mdtype[0m: float32
[32mINFO:[0m [36m output_name.1[0m: /model.8/m.0/m/m.0/cv1/conv/Conv_output_0 [36mshape[0m: [1, 64, 8, 8] [36mdtype[0m: float32
[32mINFO:[0m [35mtf_op_type[0m: convolution_v2
[32mINFO:[0m [34m input.1.input[0m: [34mname[0m: tf.math.multiply_103/Mul:0 [34mshape[0m: (1, 8, 8, 64) [34mdtype[0m: <dtype: 'float32'> 
[32mINFO:[0m [34m input.2.weights[0m: [34mshape[0m: (3, 3, 64, 64) [34mdtype[0m: <dtype: 'float32'> 
[32mINFO:[0m [34m input.3.bias[0m: [34mshape[0m: (64,) [34mdtype[0m: <dtype: 'float32'> 
[32mINFO:[0m [34m input.4.strides[0m: [34mval[0m: [1, 1] 
[32mINFO:[0m [34m input.5.dilations[0m: [34mval[0m: [1, 1] 
[32mINFO:[0m [34m input.6.padding[0m: [34mval[0m: SAME 
[32mINFO:[0m [34m input.7.group[0m: [34mval[0m: 1 
[32mINFO:[0m [34m output.1.output[0m: [34mname[0m: tf.math.add_45/Add:0 [34mshape[0m: (1, 8, 8, 64) [34mdtype[0m: <dtype: 'float32'> 

[32mINFO:[0m [32m90 / 298[0m
[32mINFO:[0m [35monnx_op_type[0m: Sigmoid[35m onnx_op_name[0m: /model.8/m.0/m/m.0/cv1/act/Sigmoid
[32mINFO:[0m [36m input_name.1[0m: /model.8/m.0/m/m.0/cv1/conv/Conv_output_0 [36mshape[0m: [1, 64, 8, 8] [36mdtype[0m: float32
[32mINFO:[0m [36m output_name.1[0m: /model.8/m.0/m/m.0/cv1/act/Sigmoid_output_0 [36mshape[0m: [1, 64, 8, 8] [36mdtype[0m: float32
[32mINFO:[0m [35mtf_op_type[0m: sigmoid
[32mINFO:[0m [34m input.1.x[0m: [34mname[0m: tf.math.add_45/Add:0 [34mshape[0m: (1, 8, 8, 64) [34mdtype[0m: <dtype: 'float32'> 
[32mINFO:[0m [34m output.1.output[0m: [34mname[0m: tf.math.sigmoid_25/Sigmoid:0 [34mshape[0m: (1, 8, 8, 64) [34mdtype[0m: <dtype: 'float32'> 

[32mINFO:[0m [32m91 / 298[0m
[32mINFO:[0m [35monnx_op_type[0m: Mul[35m onnx_op_name[0m: /model.8/m.0/m/m.0/cv1/act/Mul
[32mINFO:[0m [36m input_name.1[0m: /model.8/m.0/m/m.0/cv1/conv/Conv_output_0 [36mshape[0m: [1, 64, 8, 8] [36mdtype[0m: float32
[32mINFO:[0m [36m input_name.2[0m: /model.8/m.0/m/m.0/cv1/act/Sigmoid_output_0 [36mshape[0m: [1, 64, 8, 8] [36mdtype[0m: float32
[32mINFO:[0m [36m output_name.1[0m: /model.8/m.0/m/m.0/cv1/act/Mul_output_0 [36mshape[0m: [1, 64, 8, 8] [36mdtype[0m: float32
[32mINFO:[0m [35mtf_op_type[0m: multiply
[32mINFO:[0m [34m input.1.x[0m: [34mname[0m: tf.math.add_45/Add:0 [34mshape[0m: (1, 8, 8, 64) [34mdtype[0m: <dtype: 'float32'> 
[32mINFO:[0m [34m input.2.y[0m: [34mname[0m: tf.math.sigmoid_25/Sigmoid:0 [34mshape[0m: (1, 8, 8, 64) [34mdtype[0m: <dtype: 'float32'> 
[32mINFO:[0m [34m output.1.output[0m: [34mname[0m: tf.math.multiply_111/Mul:0 [34mshape[0m: (1, 8, 8, 64) [34mdtype[0m: <dtype: 'float32'> 

[32mINFO:[0m [32m92 / 298[0m
[32mINFO:[0m [35monnx_op_type[0m: Conv[35m onnx_op_name[0m: /model.8/m.0/m/m.0/cv2/conv/Conv
[32mINFO:[0m [36m input_name.1[0m: /model.8/m.0/m/m.0/cv1/act/Mul_output_0 [36mshape[0m: [1, 64, 8, 8] [36mdtype[0m: float32
[32mINFO:[0m [36m input_name.2[0m: model.8.m.0.m.0.cv2.conv.weight [36mshape[0m: [64, 64, 3, 3] [36mdtype[0m: float32
[32mINFO:[0m [36m input_name.3[0m: model.8.m.0.m.0.cv2.conv.bias [36mshape[0m: [64] [36mdtype[0m: float32
[32mINFO:[0m [36m output_name.1[0m: /model.8/m.0/m/m.0/cv2/conv/Conv_output_0 [36mshape[0m: [1, 64, 8, 8] [36mdtype[0m: float32
[32mINFO:[0m [35mtf_op_type[0m: convolution_v2
[32mINFO:[0m [34m input.1.input[0m: [34mname[0m: tf.math.multiply_111/Mul:0 [34mshape[0m: (1, 8, 8, 64) [34mdtype[0m: <dtype: 'float32'> 
[32mINFO:[0m [34m input.2.weights[0m: [34mshape[0m: (3, 3, 64, 64) [34mdtype[0m: <dtype: 'float32'> 
[32mINFO:[0m [34m input.3.bias[0m: [34mshape[0m: (64,) [34mdtype[0m: <dtype: 'float32'> 
[32mINFO:[0m [34m input.4.strides[0m: [34mval[0m: [1, 1] 
[32mINFO:[0m [34m input.5.dilations[0m: [34mval[0m: [1, 1] 
[32mINFO:[0m [34m input.6.padding[0m: [34mval[0m: SAME 
[32mINFO:[0m [34m input.7.group[0m: [34mval[0m: 1 
[32mINFO:[0m [34m output.1.output[0m: [34mname[0m: tf.math.add_46/Add:0 [34mshape[0m: (1, 8, 8, 64) [34mdtype[0m: <dtype: 'float32'> 

[32mINFO:[0m [32m93 / 298[0m
[32mINFO:[0m [35monnx_op_type[0m: Sigmoid[35m onnx_op_name[0m: /model.8/m.0/m/m.0/cv2/act/Sigmoid
[32mINFO:[0m [36m input_name.1[0m: /model.8/m.0/m/m.0/cv2/conv/Conv_output_0 [36mshape[0m: [1, 64, 8, 8] [36mdtype[0m: float32
[32mINFO:[0m [36m output_name.1[0m: /model.8/m.0/m/m.0/cv2/act/Sigmoid_output_0 [36mshape[0m: [1, 64, 8, 8] [36mdtype[0m: float32
[32mINFO:[0m [35mtf_op_type[0m: sigmoid
[32mINFO:[0m [34m input.1.x[0m: [34mname[0m: tf.math.add_46/Add:0 [34mshape[0m: (1, 8, 8, 64) [34mdtype[0m: <dtype: 'float32'> 
[32mINFO:[0m [34m output.1.output[0m: [34mname[0m: tf.math.sigmoid_26/Sigmoid:0 [34mshape[0m: (1, 8, 8, 64) [34mdtype[0m: <dtype: 'float32'> 

[32mINFO:[0m [32m94 / 298[0m
[32mINFO:[0m [35monnx_op_type[0m: Mul[35m onnx_op_name[0m: /model.8/m.0/m/m.0/cv2/act/Mul
[32mINFO:[0m [36m input_name.1[0m: /model.8/m.0/m/m.0/cv2/conv/Conv_output_0 [36mshape[0m: [1, 64, 8, 8] [36mdtype[0m: float32
[32mINFO:[0m [36m input_name.2[0m: /model.8/m.0/m/m.0/cv2/act/Sigmoid_output_0 [36mshape[0m: [1, 64, 8, 8] [36mdtype[0m: float32
[32mINFO:[0m [36m output_name.1[0m: /model.8/m.0/m/m.0/cv2/act/Mul_output_0 [36mshape[0m: [1, 64, 8, 8] [36mdtype[0m: float32
[32mINFO:[0m [35mtf_op_type[0m: multiply
[32mINFO:[0m [34m input.1.x[0m: [34mname[0m: tf.math.add_46/Add:0 [34mshape[0m: (1, 8, 8, 64) [34mdtype[0m: <dtype: 'float32'> 
[32mINFO:[0m [34m input.2.y[0m: [34mname[0m: tf.math.sigmoid_26/Sigmoid:0 [34mshape[0m: (1, 8, 8, 64) [34mdtype[0m: <dtype: 'float32'> 
[32mINFO:[0m [34m output.1.output[0m: [34mname[0m: tf.math.multiply_115/Mul:0 [34mshape[0m: (1, 8, 8, 64) [34mdtype[0m: <dtype: 'float32'> 

[32mINFO:[0m [32m95 / 298[0m
[32mINFO:[0m [35monnx_op_type[0m: Add[35m onnx_op_name[0m: /model.8/m.0/m/m.0/Add
[32mINFO:[0m [36m input_name.1[0m: /model.8/m.0/cv1/act/Mul_output_0 [36mshape[0m: [1, 64, 8, 8] [36mdtype[0m: float32
[32mINFO:[0m [36m input_name.2[0m: /model.8/m.0/m/m.0/cv2/act/Mul_output_0 [36mshape[0m: [1, 64, 8, 8] [36mdtype[0m: float32
[32mINFO:[0m [36m output_name.1[0m: /model.8/m.0/m/m.0/Add_output_0 [36mshape[0m: [1, 64, 8, 8] [36mdtype[0m: float32
[32mINFO:[0m [35mtf_op_type[0m: add
[32mINFO:[0m [34m input.1.x[0m: [34mname[0m: tf.compat.v1.transpose_605/transpose:0 [34mshape[0m: (1, 64, 8, 8) [34mdtype[0m: <dtype: 'float32'> 
[32mINFO:[0m [34m input.2.y[0m: [34mname[0m: tf.compat.v1.transpose_606/transpose:0 [34mshape[0m: (1, 64, 8, 8) [34mdtype[0m: <dtype: 'float32'> 
[32mINFO:[0m [34m output.1.output[0m: [34mname[0m: tf.math.add_49/Add:0 [34mshape[0m: (1, 64, 8, 8) [34mdtype[0m: <dtype: 'float32'> 

[32mINFO:[0m [32m96 / 298[0m
[32mINFO:[0m [35monnx_op_type[0m: Conv[35m onnx_op_name[0m: /model.8/m.0/m/m.1/cv1/conv/Conv
[32mINFO:[0m [36m input_name.1[0m: /model.8/m.0/m/m.0/Add_output_0 [36mshape[0m: [1, 64, 8, 8] [36mdtype[0m: float32
[32mINFO:[0m [36m input_name.2[0m: model.8.m.0.m.1.cv1.conv.weight [36mshape[0m: [64, 64, 3, 3] [36mdtype[0m: float32
[32mINFO:[0m [36m input_name.3[0m: model.8.m.0.m.1.cv1.conv.bias [36mshape[0m: [64] [36mdtype[0m: float32
[32mINFO:[0m [36m output_name.1[0m: /model.8/m.0/m/m.1/cv1/conv/Conv_output_0 [36mshape[0m: [1, 64, 8, 8] [36mdtype[0m: float32
[32mINFO:[0m [35mtf_op_type[0m: convolution_v2
[32mINFO:[0m [34m input.1.input[0m: [34mname[0m: tf.compat.v1.transpose_607/transpose:0 [34mshape[0m: (1, 8, 8, 64) [34mdtype[0m: <dtype: 'float32'> 
[32mINFO:[0m [34m input.2.weights[0m: [34mshape[0m: (3, 3, 64, 64) [34mdtype[0m: <dtype: 'float32'> 
[32mINFO:[0m [34m input.3.bias[0m: [34mshape[0m: (64,) [34mdtype[0m: <dtype: 'float32'> 
[32mINFO:[0m [34m input.4.strides[0m: [34mval[0m: [1, 1] 
[32mINFO:[0m [34m input.5.dilations[0m: [34mval[0m: [1, 1] 
[32mINFO:[0m [34m input.6.padding[0m: [34mval[0m: SAME 
[32mINFO:[0m [34m input.7.group[0m: [34mval[0m: 1 
[32mINFO:[0m [34m output.1.output[0m: [34mname[0m: tf.math.add_50/Add:0 [34mshape[0m: (1, 8, 8, 64) [34mdtype[0m: <dtype: 'float32'> 

[32mINFO:[0m [32m97 / 298[0m
[32mINFO:[0m [35monnx_op_type[0m: Sigmoid[35m onnx_op_name[0m: /model.8/m.0/m/m.1/cv1/act/Sigmoid
[32mINFO:[0m [36m input_name.1[0m: /model.8/m.0/m/m.1/cv1/conv/Conv_output_0 [36mshape[0m: [1, 64, 8, 8] [36mdtype[0m: float32
[32mINFO:[0m [36m output_name.1[0m: /model.8/m.0/m/m.1/cv1/act/Sigmoid_output_0 [36mshape[0m: [1, 64, 8, 8] [36mdtype[0m: float32
[32mINFO:[0m [35mtf_op_type[0m: sigmoid
[32mINFO:[0m [34m input.1.x[0m: [34mname[0m: tf.math.add_50/Add:0 [34mshape[0m: (1, 8, 8, 64) [34mdtype[0m: <dtype: 'float32'> 
[32mINFO:[0m [34m output.1.output[0m: [34mname[0m: tf.math.sigmoid_27/Sigmoid:0 [34mshape[0m: (1, 8, 8, 64) [34mdtype[0m: <dtype: 'float32'> 

[32mINFO:[0m [32m98 / 298[0m
[32mINFO:[0m [35monnx_op_type[0m: Mul[35m onnx_op_name[0m: /model.8/m.0/m/m.1/cv1/act/Mul
[32mINFO:[0m [36m input_name.1[0m: /model.8/m.0/m/m.1/cv1/conv/Conv_output_0 [36mshape[0m: [1, 64, 8, 8] [36mdtype[0m: float32
[32mINFO:[0m [36m input_name.2[0m: /model.8/m.0/m/m.1/cv1/act/Sigmoid_output_0 [36mshape[0m: [1, 64, 8, 8] [36mdtype[0m: float32
[32mINFO:[0m [36m output_name.1[0m: /model.8/m.0/m/m.1/cv1/act/Mul_output_0 [36mshape[0m: [1, 64, 8, 8] [36mdtype[0m: float32
[32mINFO:[0m [35mtf_op_type[0m: multiply
[32mINFO:[0m [34m input.1.x[0m: [34mname[0m: tf.math.add_50/Add:0 [34mshape[0m: (1, 8, 8, 64) [34mdtype[0m: <dtype: 'float32'> 
[32mINFO:[0m [34m input.2.y[0m: [34mname[0m: tf.math.sigmoid_27/Sigmoid:0 [34mshape[0m: (1, 8, 8, 64) [34mdtype[0m: <dtype: 'float32'> 
[32mINFO:[0m [34m output.1.output[0m: [34mname[0m: tf.math.multiply_121/Mul:0 [34mshape[0m: (1, 8, 8, 64) [34mdtype[0m: <dtype: 'float32'> 

[32mINFO:[0m [32m99 / 298[0m
[32mINFO:[0m [35monnx_op_type[0m: Conv[35m onnx_op_name[0m: /model.8/m.0/m/m.1/cv2/conv/Conv
[32mINFO:[0m [36m input_name.1[0m: /model.8/m.0/m/m.1/cv1/act/Mul_output_0 [36mshape[0m: [1, 64, 8, 8] [36mdtype[0m: float32
[32mINFO:[0m [36m input_name.2[0m: model.8.m.0.m.1.cv2.conv.weight [36mshape[0m: [64, 64, 3, 3] [36mdtype[0m: float32
[32mINFO:[0m [36m input_name.3[0m: model.8.m.0.m.1.cv2.conv.bias [36mshape[0m: [64] [36mdtype[0m: float32
[32mINFO:[0m [36m output_name.1[0m: /model.8/m.0/m/m.1/cv2/conv/Conv_output_0 [36mshape[0m: [1, 64, 8, 8] [36mdtype[0m: float32
[32mINFO:[0m [35mtf_op_type[0m: convolution_v2
[32mINFO:[0m [34m input.1.input[0m: [34mname[0m: tf.math.multiply_121/Mul:0 [34mshape[0m: (1, 8, 8, 64) [34mdtype[0m: <dtype: 'float32'> 
[32mINFO:[0m [34m input.2.weights[0m: [34mshape[0m: (3, 3, 64, 64) [34mdtype[0m: <dtype: 'float32'> 
[32mINFO:[0m [34m input.3.bias[0m: [34mshape[0m: (64,) [34mdtype[0m: <dtype: 'float32'> 
[32mINFO:[0m [34m input.4.strides[0m: [34mval[0m: [1, 1] 
[32mINFO:[0m [34m input.5.dilations[0m: [34mval[0m: [1, 1] 
[32mINFO:[0m [34m input.6.padding[0m: [34mval[0m: SAME 
[32mINFO:[0m [34m input.7.group[0m: [34mval[0m: 1 
[32mINFO:[0m [34m output.1.output[0m: [34mname[0m: tf.math.add_51/Add:0 [34mshape[0m: (1, 8, 8, 64) [34mdtype[0m: <dtype: 'float32'> 

[32mINFO:[0m [32m100 / 298[0m
[32mINFO:[0m [35monnx_op_type[0m: Sigmoid[35m onnx_op_name[0m: /model.8/m.0/m/m.1/cv2/act/Sigmoid
[32mINFO:[0m [36m input_name.1[0m: /model.8/m.0/m/m.1/cv2/conv/Conv_output_0 [36mshape[0m: [1, 64, 8, 8] [36mdtype[0m: float32
[32mINFO:[0m [36m output_name.1[0m: /model.8/m.0/m/m.1/cv2/act/Sigmoid_output_0 [36mshape[0m: [1, 64, 8, 8] [36mdtype[0m: float32
[32mINFO:[0m [35mtf_op_type[0m: sigmoid
[32mINFO:[0m [34m input.1.x[0m: [34mname[0m: tf.math.add_51/Add:0 [34mshape[0m: (1, 8, 8, 64) [34mdtype[0m: <dtype: 'float32'> 
[32mINFO:[0m [34m output.1.output[0m: [34mname[0m: tf.math.sigmoid_28/Sigmoid:0 [34mshape[0m: (1, 8, 8, 64) [34mdtype[0m: <dtype: 'float32'> 

[32mINFO:[0m [32m101 / 298[0m
[32mINFO:[0m [35monnx_op_type[0m: Mul[35m onnx_op_name[0m: /model.8/m.0/m/m.1/cv2/act/Mul
[32mINFO:[0m [36m input_name.1[0m: /model.8/m.0/m/m.1/cv2/conv/Conv_output_0 [36mshape[0m: [1, 64, 8, 8] [36mdtype[0m: float32
[32mINFO:[0m [36m input_name.2[0m: /model.8/m.0/m/m.1/cv2/act/Sigmoid_output_0 [36mshape[0m: [1, 64, 8, 8] [36mdtype[0m: float32
[32mINFO:[0m [36m output_name.1[0m: /model.8/m.0/m/m.1/cv2/act/Mul_output_0 [36mshape[0m: [1, 64, 8, 8] [36mdtype[0m: float32
[32mINFO:[0m [35mtf_op_type[0m: multiply
[32mINFO:[0m [34m input.1.x[0m: [34mname[0m: tf.math.add_51/Add:0 [34mshape[0m: (1, 8, 8, 64) [34mdtype[0m: <dtype: 'float32'> 
[32mINFO:[0m [34m input.2.y[0m: [34mname[0m: tf.math.sigmoid_28/Sigmoid:0 [34mshape[0m: (1, 8, 8, 64) [34mdtype[0m: <dtype: 'float32'> 
[32mINFO:[0m [34m output.1.output[0m: [34mname[0m: tf.math.multiply_125/Mul:0 [34mshape[0m: (1, 8, 8, 64) [34mdtype[0m: <dtype: 'float32'> 

[32mINFO:[0m [32m102 / 298[0m
[32mINFO:[0m [35monnx_op_type[0m: Add[35m onnx_op_name[0m: /model.8/m.0/m/m.1/Add
[32mINFO:[0m [36m input_name.1[0m: /model.8/m.0/m/m.0/Add_output_0 [36mshape[0m: [1, 64, 8, 8] [36mdtype[0m: float32
[32mINFO:[0m [36m input_name.2[0m: /model.8/m.0/m/m.1/cv2/act/Mul_output_0 [36mshape[0m: [1, 64, 8, 8] [36mdtype[0m: float32
[32mINFO:[0m [36m output_name.1[0m: /model.8/m.0/m/m.1/Add_output_0 [36mshape[0m: [1, 64, 8, 8] [36mdtype[0m: float32
[32mINFO:[0m [35mtf_op_type[0m: add
[32mINFO:[0m [34m input.1.x[0m: [34mname[0m: tf.compat.v1.transpose_612/transpose:0 [34mshape[0m: (1, 64, 8, 8) [34mdtype[0m: <dtype: 'float32'> 
[32mINFO:[0m [34m input.2.y[0m: [34mname[0m: tf.compat.v1.transpose_613/transpose:0 [34mshape[0m: (1, 64, 8, 8) [34mdtype[0m: <dtype: 'float32'> 
[32mINFO:[0m [34m output.1.output[0m: [34mname[0m: tf.math.add_54/Add:0 [34mshape[0m: (1, 64, 8, 8) [34mdtype[0m: <dtype: 'float32'> 

[32mINFO:[0m [32m103 / 298[0m
[32mINFO:[0m [35monnx_op_type[0m: Concat[35m onnx_op_name[0m: /model.8/m.0/Concat
[32mINFO:[0m [36m input_name.1[0m: /model.8/m.0/m/m.1/Add_output_0 [36mshape[0m: [1, 64, 8, 8] [36mdtype[0m: float32
[32mINFO:[0m [36m input_name.2[0m: /model.8/m.0/cv2/act/Mul_output_0 [36mshape[0m: [1, 64, 8, 8] [36mdtype[0m: float32
[32mINFO:[0m [36m output_name.1[0m: /model.8/m.0/Concat_output_0 [36mshape[0m: [1, 128, 8, 8] [36mdtype[0m: float32
[32mINFO:[0m [35mtf_op_type[0m: concat
[32mINFO:[0m [34m input.1.input0[0m: [34mname[0m: tf.math.add_54/Add:0 [34mshape[0m: (1, 64, 8, 8) [34mdtype[0m: <dtype: 'float32'> 
[32mINFO:[0m [34m input.2.input1[0m: [34mname[0m: tf.compat.v1.transpose_614/transpose:0 [34mshape[0m: (1, 64, 8, 8) [34mdtype[0m: <dtype: 'float32'> 
[32mINFO:[0m [34m input.3.axis[0m: [34mval[0m: 1 
[32mINFO:[0m [34m output.1.output[0m: [34mname[0m: tf.concat_199/concat:0 [34mshape[0m: (1, 128, 8, 8) [34mdtype[0m: <dtype: 'float32'> 

[32mINFO:[0m [32m104 / 298[0m
[32mINFO:[0m [35monnx_op_type[0m: Conv[35m onnx_op_name[0m: /model.8/m.0/cv3/conv/Conv
[32mINFO:[0m [36m input_name.1[0m: /model.8/m.0/Concat_output_0 [36mshape[0m: [1, 128, 8, 8] [36mdtype[0m: float32
[32mINFO:[0m [36m input_name.2[0m: model.8.m.0.cv3.conv.weight [36mshape[0m: [128, 128, 1, 1] [36mdtype[0m: float32
[32mINFO:[0m [36m input_name.3[0m: model.8.m.0.cv3.conv.bias [36mshape[0m: [128] [36mdtype[0m: float32
[32mINFO:[0m [36m output_name.1[0m: /model.8/m.0/cv3/conv/Conv_output_0 [36mshape[0m: [1, 128, 8, 8] [36mdtype[0m: float32
[32mINFO:[0m [35mtf_op_type[0m: convolution_v2
[32mINFO:[0m [34m input.1.input[0m: [34mname[0m: tf.compat.v1.transpose_615/transpose:0 [34mshape[0m: (1, 8, 8, 128) [34mdtype[0m: <dtype: 'float32'> 
[32mINFO:[0m [34m input.2.weights[0m: [34mshape[0m: (1, 1, 128, 128) [34mdtype[0m: <dtype: 'float32'> 
[32mINFO:[0m [34m input.3.bias[0m: [34mshape[0m: (128,) [34mdtype[0m: <dtype: 'float32'> 
[32mINFO:[0m [34m input.4.strides[0m: [34mval[0m: [1, 1] 
[32mINFO:[0m [34m input.5.dilations[0m: [34mval[0m: [1, 1] 
[32mINFO:[0m [34m input.6.padding[0m: [34mval[0m: SAME 
[32mINFO:[0m [34m input.7.group[0m: [34mval[0m: 1 
[32mINFO:[0m [34m output.1.output[0m: [34mname[0m: tf.math.add_55/Add:0 [34mshape[0m: (1, 8, 8, 128) [34mdtype[0m: <dtype: 'float32'> 

[32mINFO:[0m [32m105 / 298[0m
[32mINFO:[0m [35monnx_op_type[0m: Sigmoid[35m onnx_op_name[0m: /model.8/m.0/cv3/act/Sigmoid
[32mINFO:[0m [36m input_name.1[0m: /model.8/m.0/cv3/conv/Conv_output_0 [36mshape[0m: [1, 128, 8, 8] [36mdtype[0m: float32
[32mINFO:[0m [36m output_name.1[0m: /model.8/m.0/cv3/act/Sigmoid_output_0 [36mshape[0m: [1, 128, 8, 8] [36mdtype[0m: float32
[32mINFO:[0m [35mtf_op_type[0m: sigmoid
[32mINFO:[0m [34m input.1.x[0m: [34mname[0m: tf.math.add_55/Add:0 [34mshape[0m: (1, 8, 8, 128) [34mdtype[0m: <dtype: 'float32'> 
[32mINFO:[0m [34m output.1.output[0m: [34mname[0m: tf.math.sigmoid_29/Sigmoid:0 [34mshape[0m: (1, 8, 8, 128) [34mdtype[0m: <dtype: 'float32'> 

[32mINFO:[0m [32m106 / 298[0m
[32mINFO:[0m [35monnx_op_type[0m: Mul[35m onnx_op_name[0m: /model.8/m.0/cv3/act/Mul
[32mINFO:[0m [36m input_name.1[0m: /model.8/m.0/cv3/conv/Conv_output_0 [36mshape[0m: [1, 128, 8, 8] [36mdtype[0m: float32
[32mINFO:[0m [36m input_name.2[0m: /model.8/m.0/cv3/act/Sigmoid_output_0 [36mshape[0m: [1, 128, 8, 8] [36mdtype[0m: float32
[32mINFO:[0m [36m output_name.1[0m: /model.8/m.0/cv3/act/Mul_output_0 [36mshape[0m: [1, 128, 8, 8] [36mdtype[0m: float32
[32mINFO:[0m [35mtf_op_type[0m: multiply
[32mINFO:[0m [34m input.1.x[0m: [34mname[0m: tf.math.add_55/Add:0 [34mshape[0m: (1, 8, 8, 128) [34mdtype[0m: <dtype: 'float32'> 
[32mINFO:[0m [34m input.2.y[0m: [34mname[0m: tf.math.sigmoid_29/Sigmoid:0 [34mshape[0m: (1, 8, 8, 128) [34mdtype[0m: <dtype: 'float32'> 
[32mINFO:[0m [34m output.1.output[0m: [34mname[0m: tf.math.multiply_131/Mul:0 [34mshape[0m: (1, 8, 8, 128) [34mdtype[0m: <dtype: 'float32'> 

[32mINFO:[0m [32m107 / 298[0m
[32mINFO:[0m [35monnx_op_type[0m: Concat[35m onnx_op_name[0m: /model.8/Concat
[32mINFO:[0m [36m input_name.1[0m: /model.8/Split_output_0 [36mshape[0m: [1, 128, 8, 8] [36mdtype[0m: float32
[32mINFO:[0m [36m input_name.2[0m: /model.8/Split_output_1 [36mshape[0m: [1, 128, 8, 8] [36mdtype[0m: float32
[32mINFO:[0m [36m input_name.3[0m: /model.8/m.0/cv3/act/Mul_output_0 [36mshape[0m: [1, 128, 8, 8] [36mdtype[0m: float32
[32mINFO:[0m [36m output_name.1[0m: /model.8/Concat_output_0 [36mshape[0m: [1, 384, 8, 8] [36mdtype[0m: float32
[32mINFO:[0m [35mtf_op_type[0m: concat
[32mINFO:[0m [34m input.1.input0[0m: [34mname[0m: tf.split_3/split:0 [34mshape[0m: (1, 8, 8, 128) [34mdtype[0m: <dtype: 'float32'> 
[32mINFO:[0m [34m input.2.input1[0m: [34mname[0m: tf.split_3/split:1 [34mshape[0m: (1, 8, 8, 128) [34mdtype[0m: <dtype: 'float32'> 
[32mINFO:[0m [34m input.3.input2[0m: [34mname[0m: tf.math.multiply_131/Mul:0 [34mshape[0m: (1, 8, 8, 128) [34mdtype[0m: <dtype: 'float32'> 
[32mINFO:[0m [34m input.4.axis[0m: [34mval[0m: 3 
[32mINFO:[0m [34m output.1.output[0m: [34mname[0m: tf.concat_200/concat:0 [34mshape[0m: (1, 8, 8, 384) [34mdtype[0m: <dtype: 'float32'> 

[32mINFO:[0m [32m108 / 298[0m
[32mINFO:[0m [35monnx_op_type[0m: Conv[35m onnx_op_name[0m: /model.8/cv2/conv/Conv
[32mINFO:[0m [36m input_name.1[0m: /model.8/Concat_output_0 [36mshape[0m: [1, 384, 8, 8] [36mdtype[0m: float32
[32mINFO:[0m [36m input_name.2[0m: model.8.cv2.conv.weight [36mshape[0m: [256, 384, 1, 1] [36mdtype[0m: float32
[32mINFO:[0m [36m input_name.3[0m: model.8.cv2.conv.bias [36mshape[0m: [256] [36mdtype[0m: float32
[32mINFO:[0m [36m output_name.1[0m: /model.8/cv2/conv/Conv_output_0 [36mshape[0m: [1, 256, 8, 8] [36mdtype[0m: float32
[32mINFO:[0m [35mtf_op_type[0m: convolution_v2
[32mINFO:[0m [34m input.1.input[0m: [34mname[0m: tf.concat_200/concat:0 [34mshape[0m: (1, 8, 8, 384) [34mdtype[0m: <dtype: 'float32'> 
[32mINFO:[0m [34m input.2.weights[0m: [34mshape[0m: (1, 1, 384, 256) [34mdtype[0m: <dtype: 'float32'> 
[32mINFO:[0m [34m input.3.bias[0m: [34mshape[0m: (256,) [34mdtype[0m: <dtype: 'float32'> 
[32mINFO:[0m [34m input.4.strides[0m: [34mval[0m: [1, 1] 
[32mINFO:[0m [34m input.5.dilations[0m: [34mval[0m: [1, 1] 
[32mINFO:[0m [34m input.6.padding[0m: [34mval[0m: SAME 
[32mINFO:[0m [34m input.7.group[0m: [34mval[0m: 1 
[32mINFO:[0m [34m output.1.output[0m: [34mname[0m: tf.math.add_56/Add:0 [34mshape[0m: (1, 8, 8, 256) [34mdtype[0m: <dtype: 'float32'> 

[32mINFO:[0m [32m109 / 298[0m
[32mINFO:[0m [35monnx_op_type[0m: Sigmoid[35m onnx_op_name[0m: /model.8/cv2/act/Sigmoid
[32mINFO:[0m [36m input_name.1[0m: /model.8/cv2/conv/Conv_output_0 [36mshape[0m: [1, 256, 8, 8] [36mdtype[0m: float32
[32mINFO:[0m [36m output_name.1[0m: /model.8/cv2/act/Sigmoid_output_0 [36mshape[0m: [1, 256, 8, 8] [36mdtype[0m: float32
[32mINFO:[0m [35mtf_op_type[0m: sigmoid
[32mINFO:[0m [34m input.1.x[0m: [34mname[0m: tf.math.add_56/Add:0 [34mshape[0m: (1, 8, 8, 256) [34mdtype[0m: <dtype: 'float32'> 
[32mINFO:[0m [34m output.1.output[0m: [34mname[0m: tf.math.sigmoid_30/Sigmoid:0 [34mshape[0m: (1, 8, 8, 256) [34mdtype[0m: <dtype: 'float32'> 

[32mINFO:[0m [32m110 / 298[0m
[32mINFO:[0m [35monnx_op_type[0m: Mul[35m onnx_op_name[0m: /model.8/cv2/act/Mul
[32mINFO:[0m [36m input_name.1[0m: /model.8/cv2/conv/Conv_output_0 [36mshape[0m: [1, 256, 8, 8] [36mdtype[0m: float32
[32mINFO:[0m [36m input_name.2[0m: /model.8/cv2/act/Sigmoid_output_0 [36mshape[0m: [1, 256, 8, 8] [36mdtype[0m: float32
[32mINFO:[0m [36m output_name.1[0m: /model.8/cv2/act/Mul_output_0 [36mshape[0m: [1, 256, 8, 8] [36mdtype[0m: float32
[32mINFO:[0m [35mtf_op_type[0m: multiply
[32mINFO:[0m [34m input.1.x[0m: [34mname[0m: tf.math.add_56/Add:0 [34mshape[0m: (1, 8, 8, 256) [34mdtype[0m: <dtype: 'float32'> 
[32mINFO:[0m [34m input.2.y[0m: [34mname[0m: tf.math.sigmoid_30/Sigmoid:0 [34mshape[0m: (1, 8, 8, 256) [34mdtype[0m: <dtype: 'float32'> 
[32mINFO:[0m [34m output.1.output[0m: [34mname[0m: tf.math.multiply_135/Mul:0 [34mshape[0m: (1, 8, 8, 256) [34mdtype[0m: <dtype: 'float32'> 

[32mINFO:[0m [32m111 / 298[0m
[32mINFO:[0m [35monnx_op_type[0m: Conv[35m onnx_op_name[0m: /model.9/cv1/conv/Conv
[32mINFO:[0m [36m input_name.1[0m: /model.8/cv2/act/Mul_output_0 [36mshape[0m: [1, 256, 8, 8] [36mdtype[0m: float32
[32mINFO:[0m [36m input_name.2[0m: model.9.cv1.conv.weight [36mshape[0m: [128, 256, 1, 1] [36mdtype[0m: float32
[32mINFO:[0m [36m input_name.3[0m: model.9.cv1.conv.bias [36mshape[0m: [128] [36mdtype[0m: float32
[32mINFO:[0m [36m output_name.1[0m: /model.9/cv1/conv/Conv_output_0 [36mshape[0m: [1, 128, 8, 8] [36mdtype[0m: float32
[32mINFO:[0m [35mtf_op_type[0m: convolution_v2
[32mINFO:[0m [34m input.1.input[0m: [34mname[0m: tf.math.multiply_135/Mul:0 [34mshape[0m: (1, 8, 8, 256) [34mdtype[0m: <dtype: 'float32'> 
[32mINFO:[0m [34m input.2.weights[0m: [34mshape[0m: (1, 1, 256, 128) [34mdtype[0m: <dtype: 'float32'> 
[32mINFO:[0m [34m input.3.bias[0m: [34mshape[0m: (128,) [34mdtype[0m: <dtype: 'float32'> 
[32mINFO:[0m [34m input.4.strides[0m: [34mval[0m: [1, 1] 
[32mINFO:[0m [34m input.5.dilations[0m: [34mval[0m: [1, 1] 
[32mINFO:[0m [34m input.6.padding[0m: [34mval[0m: SAME 
[32mINFO:[0m [34m input.7.group[0m: [34mval[0m: 1 
[32mINFO:[0m [34m output.1.output[0m: [34mname[0m: tf.math.add_57/Add:0 [34mshape[0m: (1, 8, 8, 128) [34mdtype[0m: <dtype: 'float32'> 

[32mINFO:[0m [32m112 / 298[0m
[32mINFO:[0m [35monnx_op_type[0m: MaxPool[35m onnx_op_name[0m: /model.9/m/MaxPool
[32mINFO:[0m [36m input_name.1[0m: /model.9/cv1/conv/Conv_output_0 [36mshape[0m: [1, 128, 8, 8] [36mdtype[0m: float32
[32mINFO:[0m [36m output_name.1[0m: /model.9/m/MaxPool_output_0 [36mshape[0m: [1, 128, 8, 8] [36mdtype[0m: float32
[32mINFO:[0m [35mtf_op_type[0m: pool_v2
[32mINFO:[0m [34m input.1.input[0m: [34mname[0m: tf.math.add_57/Add:0 [34mshape[0m: (1, 8, 8, 128) [34mdtype[0m: <dtype: 'float32'> 
[32mINFO:[0m [34m input.2.filters[0m: 
[32mINFO:[0m [34m input.3.kernel_shape[0m: [34mval[0m: [5, 5] 
[32mINFO:[0m [34m input.4.strides[0m: [34mval[0m: [1, 1] 
[32mINFO:[0m [34m input.5.dilations[0m: [34mval[0m: [1, 1] 
[32mINFO:[0m [34m input.6.padding[0m: [34mval[0m: [2, 2, 2, 2] 
[32mINFO:[0m [34m input.7.ceil_mode[0m: [34mval[0m: False 
[32mINFO:[0m [34m output.1.output0[0m: [34mname[0m: tf.compat.v1.nn.pool/max_pool:0 [34mshape[0m: (1, 8, 8, 128) [34mdtype[0m: <dtype: 'float32'> 
[32mINFO:[0m [34m output.2.output1[0m: 

[32mINFO:[0m [32m113 / 298[0m
[32mINFO:[0m [35monnx_op_type[0m: MaxPool[35m onnx_op_name[0m: /model.9/m_1/MaxPool
[32mINFO:[0m [36m input_name.1[0m: /model.9/m/MaxPool_output_0 [36mshape[0m: [1, 128, 8, 8] [36mdtype[0m: float32
[32mINFO:[0m [36m output_name.1[0m: /model.9/m_1/MaxPool_output_0 [36mshape[0m: [1, 128, 8, 8] [36mdtype[0m: float32
[32mINFO:[0m [35mtf_op_type[0m: pool_v2
[32mINFO:[0m [34m input.1.input[0m: [34mname[0m: tf.compat.v1.nn.pool/max_pool:0 [34mshape[0m: (1, 8, 8, 128) [34mdtype[0m: <dtype: 'float32'> 
[32mINFO:[0m [34m input.2.filters[0m: 
[32mINFO:[0m [34m input.3.kernel_shape[0m: [34mval[0m: [5, 5] 
[32mINFO:[0m [34m input.4.strides[0m: [34mval[0m: [1, 1] 
[32mINFO:[0m [34m input.5.dilations[0m: [34mval[0m: [1, 1] 
[32mINFO:[0m [34m input.6.padding[0m: [34mval[0m: [2, 2, 2, 2] 
[32mINFO:[0m [34m input.7.ceil_mode[0m: [34mval[0m: False 
[32mINFO:[0m [34m output.1.output0[0m: [34mname[0m: tf.compat.v1.nn.pool_1/max_pool:0 [34mshape[0m: (1, 8, 8, 128) [34mdtype[0m: <dtype: 'float32'> 
[32mINFO:[0m [34m output.2.output1[0m: 

[32mINFO:[0m [32m114 / 298[0m
[32mINFO:[0m [35monnx_op_type[0m: MaxPool[35m onnx_op_name[0m: /model.9/m_2/MaxPool
[32mINFO:[0m [36m input_name.1[0m: /model.9/m_1/MaxPool_output_0 [36mshape[0m: [1, 128, 8, 8] [36mdtype[0m: float32
[32mINFO:[0m [36m output_name.1[0m: /model.9/m_2/MaxPool_output_0 [36mshape[0m: [1, 128, 8, 8] [36mdtype[0m: float32
[32mINFO:[0m [35mtf_op_type[0m: pool_v2
[32mINFO:[0m [34m input.1.input[0m: [34mname[0m: tf.compat.v1.nn.pool_1/max_pool:0 [34mshape[0m: (1, 8, 8, 128) [34mdtype[0m: <dtype: 'float32'> 
[32mINFO:[0m [34m input.2.filters[0m: 
[32mINFO:[0m [34m input.3.kernel_shape[0m: [34mval[0m: [5, 5] 
[32mINFO:[0m [34m input.4.strides[0m: [34mval[0m: [1, 1] 
[32mINFO:[0m [34m input.5.dilations[0m: [34mval[0m: [1, 1] 
[32mINFO:[0m [34m input.6.padding[0m: [34mval[0m: [2, 2, 2, 2] 
[32mINFO:[0m [34m input.7.ceil_mode[0m: [34mval[0m: False 
[32mINFO:[0m [34m output.1.output0[0m: [34mname[0m: tf.compat.v1.nn.pool_2/max_pool:0 [34mshape[0m: (1, 8, 8, 128) [34mdtype[0m: <dtype: 'float32'> 
[32mINFO:[0m [34m output.2.output1[0m: 

[32mINFO:[0m [32m115 / 298[0m
[32mINFO:[0m [35monnx_op_type[0m: Concat[35m onnx_op_name[0m: /model.9/Concat
[32mINFO:[0m [36m input_name.1[0m: /model.9/cv1/conv/Conv_output_0 [36mshape[0m: [1, 128, 8, 8] [36mdtype[0m: float32
[32mINFO:[0m [36m input_name.2[0m: /model.9/m/MaxPool_output_0 [36mshape[0m: [1, 128, 8, 8] [36mdtype[0m: float32
[32mINFO:[0m [36m input_name.3[0m: /model.9/m_1/MaxPool_output_0 [36mshape[0m: [1, 128, 8, 8] [36mdtype[0m: float32
[32mINFO:[0m [36m input_name.4[0m: /model.9/m_2/MaxPool_output_0 [36mshape[0m: [1, 128, 8, 8] [36mdtype[0m: float32
[32mINFO:[0m [36m output_name.1[0m: /model.9/Concat_output_0 [36mshape[0m: [1, 512, 8, 8] [36mdtype[0m: float32
[32mINFO:[0m [35mtf_op_type[0m: concat
[32mINFO:[0m [34m input.1.input0[0m: [34mname[0m: tf.math.add_57/Add:0 [34mshape[0m: (1, 8, 8, 128) [34mdtype[0m: <dtype: 'float32'> 
[32mINFO:[0m [34m input.2.input1[0m: [34mname[0m: tf.compat.v1.nn.pool/max_pool:0 [34mshape[0m: (1, 8, 8, 128) [34mdtype[0m: <dtype: 'float32'> 
[32mINFO:[0m [34m input.3.input2[0m: [34mname[0m: tf.compat.v1.nn.pool_1/max_pool:0 [34mshape[0m: (1, 8, 8, 128) [34mdtype[0m: <dtype: 'float32'> 
[32mINFO:[0m [34m input.4.input3[0m: [34mname[0m: tf.compat.v1.nn.pool_2/max_pool:0 [34mshape[0m: (1, 8, 8, 128) [34mdtype[0m: <dtype: 'float32'> 
[32mINFO:[0m [34m input.5.axis[0m: [34mval[0m: 3 
[32mINFO:[0m [34m output.1.output[0m: [34mname[0m: tf.concat_201/concat:0 [34mshape[0m: (1, 8, 8, 512) [34mdtype[0m: <dtype: 'float32'> 

[32mINFO:[0m [32m116 / 298[0m
[32mINFO:[0m [35monnx_op_type[0m: Conv[35m onnx_op_name[0m: /model.9/cv2/conv/Conv
[32mINFO:[0m [36m input_name.1[0m: /model.9/Concat_output_0 [36mshape[0m: [1, 512, 8, 8] [36mdtype[0m: float32
[32mINFO:[0m [36m input_name.2[0m: model.9.cv2.conv.weight [36mshape[0m: [256, 512, 1, 1] [36mdtype[0m: float32
[32mINFO:[0m [36m input_name.3[0m: model.9.cv2.conv.bias [36mshape[0m: [256] [36mdtype[0m: float32
[32mINFO:[0m [36m output_name.1[0m: /model.9/cv2/conv/Conv_output_0 [36mshape[0m: [1, 256, 8, 8] [36mdtype[0m: float32
[32mINFO:[0m [35mtf_op_type[0m: convolution_v2
[32mINFO:[0m [34m input.1.input[0m: [34mname[0m: tf.concat_201/concat:0 [34mshape[0m: (1, 8, 8, 512) [34mdtype[0m: <dtype: 'float32'> 
[32mINFO:[0m [34m input.2.weights[0m: [34mshape[0m: (1, 1, 512, 256) [34mdtype[0m: <dtype: 'float32'> 
[32mINFO:[0m [34m input.3.bias[0m: [34mshape[0m: (256,) [34mdtype[0m: <dtype: 'float32'> 
[32mINFO:[0m [34m input.4.strides[0m: [34mval[0m: [1, 1] 
[32mINFO:[0m [34m input.5.dilations[0m: [34mval[0m: [1, 1] 
[32mINFO:[0m [34m input.6.padding[0m: [34mval[0m: SAME 
[32mINFO:[0m [34m input.7.group[0m: [34mval[0m: 1 
[32mINFO:[0m [34m output.1.output[0m: [34mname[0m: tf.math.add_58/Add:0 [34mshape[0m: (1, 8, 8, 256) [34mdtype[0m: <dtype: 'float32'> 

[32mINFO:[0m [32m117 / 298[0m
[32mINFO:[0m [35monnx_op_type[0m: Sigmoid[35m onnx_op_name[0m: /model.9/cv2/act/Sigmoid
[32mINFO:[0m [36m input_name.1[0m: /model.9/cv2/conv/Conv_output_0 [36mshape[0m: [1, 256, 8, 8] [36mdtype[0m: float32
[32mINFO:[0m [36m output_name.1[0m: /model.9/cv2/act/Sigmoid_output_0 [36mshape[0m: [1, 256, 8, 8] [36mdtype[0m: float32
[32mINFO:[0m [35mtf_op_type[0m: sigmoid
[32mINFO:[0m [34m input.1.x[0m: [34mname[0m: tf.math.add_58/Add:0 [34mshape[0m: (1, 8, 8, 256) [34mdtype[0m: <dtype: 'float32'> 
[32mINFO:[0m [34m output.1.output[0m: [34mname[0m: tf.math.sigmoid_31/Sigmoid:0 [34mshape[0m: (1, 8, 8, 256) [34mdtype[0m: <dtype: 'float32'> 

[32mINFO:[0m [32m118 / 298[0m
[32mINFO:[0m [35monnx_op_type[0m: Mul[35m onnx_op_name[0m: /model.9/cv2/act/Mul
[32mINFO:[0m [36m input_name.1[0m: /model.9/cv2/conv/Conv_output_0 [36mshape[0m: [1, 256, 8, 8] [36mdtype[0m: float32
[32mINFO:[0m [36m input_name.2[0m: /model.9/cv2/act/Sigmoid_output_0 [36mshape[0m: [1, 256, 8, 8] [36mdtype[0m: float32
[32mINFO:[0m [36m output_name.1[0m: /model.9/cv2/act/Mul_output_0 [36mshape[0m: [1, 256, 8, 8] [36mdtype[0m: float32
[32mINFO:[0m [35mtf_op_type[0m: multiply
[32mINFO:[0m [34m input.1.x[0m: [34mname[0m: tf.math.add_58/Add:0 [34mshape[0m: (1, 8, 8, 256) [34mdtype[0m: <dtype: 'float32'> 
[32mINFO:[0m [34m input.2.y[0m: [34mname[0m: tf.math.sigmoid_31/Sigmoid:0 [34mshape[0m: (1, 8, 8, 256) [34mdtype[0m: <dtype: 'float32'> 
[32mINFO:[0m [34m output.1.output[0m: [34mname[0m: tf.math.multiply_139/Mul:0 [34mshape[0m: (1, 8, 8, 256) [34mdtype[0m: <dtype: 'float32'> 

[32mINFO:[0m [32m119 / 298[0m
[32mINFO:[0m [35monnx_op_type[0m: Conv[35m onnx_op_name[0m: /model.10/cv1/conv/Conv
[32mINFO:[0m [36m input_name.1[0m: /model.9/cv2/act/Mul_output_0 [36mshape[0m: [1, 256, 8, 8] [36mdtype[0m: float32
[32mINFO:[0m [36m input_name.2[0m: model.10.cv1.conv.weight [36mshape[0m: [256, 256, 1, 1] [36mdtype[0m: float32
[32mINFO:[0m [36m input_name.3[0m: model.10.cv1.conv.bias [36mshape[0m: [256] [36mdtype[0m: float32
[32mINFO:[0m [36m output_name.1[0m: /model.10/cv1/conv/Conv_output_0 [36mshape[0m: [1, 256, 8, 8] [36mdtype[0m: float32
[32mINFO:[0m [35mtf_op_type[0m: convolution_v2
[32mINFO:[0m [34m input.1.input[0m: [34mname[0m: tf.math.multiply_139/Mul:0 [34mshape[0m: (1, 8, 8, 256) [34mdtype[0m: <dtype: 'float32'> 
[32mINFO:[0m [34m input.2.weights[0m: [34mshape[0m: (1, 1, 256, 256) [34mdtype[0m: <dtype: 'float32'> 
[32mINFO:[0m [34m input.3.bias[0m: [34mshape[0m: (256,) [34mdtype[0m: <dtype: 'float32'> 
[32mINFO:[0m [34m input.4.strides[0m: [34mval[0m: [1, 1] 
[32mINFO:[0m [34m input.5.dilations[0m: [34mval[0m: [1, 1] 
[32mINFO:[0m [34m input.6.padding[0m: [34mval[0m: SAME 
[32mINFO:[0m [34m input.7.group[0m: [34mval[0m: 1 
[32mINFO:[0m [34m output.1.output[0m: [34mname[0m: tf.math.add_59/Add:0 [34mshape[0m: (1, 8, 8, 256) [34mdtype[0m: <dtype: 'float32'> 

[32mINFO:[0m [32m120 / 298[0m
[32mINFO:[0m [35monnx_op_type[0m: Sigmoid[35m onnx_op_name[0m: /model.10/cv1/act/Sigmoid
[32mINFO:[0m [36m input_name.1[0m: /model.10/cv1/conv/Conv_output_0 [36mshape[0m: [1, 256, 8, 8] [36mdtype[0m: float32
[32mINFO:[0m [36m output_name.1[0m: /model.10/cv1/act/Sigmoid_output_0 [36mshape[0m: [1, 256, 8, 8] [36mdtype[0m: float32
[32mINFO:[0m [35mtf_op_type[0m: sigmoid
[32mINFO:[0m [34m input.1.x[0m: [34mname[0m: tf.math.add_59/Add:0 [34mshape[0m: (1, 8, 8, 256) [34mdtype[0m: <dtype: 'float32'> 
[32mINFO:[0m [34m output.1.output[0m: [34mname[0m: tf.math.sigmoid_32/Sigmoid:0 [34mshape[0m: (1, 8, 8, 256) [34mdtype[0m: <dtype: 'float32'> 

[32mINFO:[0m [32m121 / 298[0m
[32mINFO:[0m [35monnx_op_type[0m: Mul[35m onnx_op_name[0m: /model.10/cv1/act/Mul
[32mINFO:[0m [36m input_name.1[0m: /model.10/cv1/conv/Conv_output_0 [36mshape[0m: [1, 256, 8, 8] [36mdtype[0m: float32
[32mINFO:[0m [36m input_name.2[0m: /model.10/cv1/act/Sigmoid_output_0 [36mshape[0m: [1, 256, 8, 8] [36mdtype[0m: float32
[32mINFO:[0m [36m output_name.1[0m: /model.10/cv1/act/Mul_output_0 [36mshape[0m: [1, 256, 8, 8] [36mdtype[0m: float32
[32mINFO:[0m [35mtf_op_type[0m: multiply
[32mINFO:[0m [34m input.1.x[0m: [34mname[0m: tf.math.add_59/Add:0 [34mshape[0m: (1, 8, 8, 256) [34mdtype[0m: <dtype: 'float32'> 
[32mINFO:[0m [34m input.2.y[0m: [34mname[0m: tf.math.sigmoid_32/Sigmoid:0 [34mshape[0m: (1, 8, 8, 256) [34mdtype[0m: <dtype: 'float32'> 
[32mINFO:[0m [34m output.1.output[0m: [34mname[0m: tf.math.multiply_143/Mul:0 [34mshape[0m: (1, 8, 8, 256) [34mdtype[0m: <dtype: 'float32'> 

[32mINFO:[0m [32m122 / 298[0m
[32mINFO:[0m [35monnx_op_type[0m: Split[35m onnx_op_name[0m: /model.10/Split
[32mINFO:[0m [36m input_name.1[0m: /model.10/cv1/act/Mul_output_0 [36mshape[0m: [1, 256, 8, 8] [36mdtype[0m: float32
[32mINFO:[0m [36m output_name.1[0m: /model.10/Split_output_0 [36mshape[0m: [1, 128, 8, 8] [36mdtype[0m: float32
[32mINFO:[0m [36m output_name.2[0m: /model.10/Split_output_1 [36mshape[0m: [1, 128, 8, 8] [36mdtype[0m: float32
[32mINFO:[0m [35mtf_op_type[0m: split
[32mINFO:[0m [34m input.1.value[0m: [34mname[0m: tf.math.multiply_143/Mul:0 [34mshape[0m: (1, 8, 8, 256) [34mdtype[0m: <dtype: 'float32'> 
[32mINFO:[0m [34m input.2.num_or_size_splits[0m: [34mval[0m: [128, 128] 
[32mINFO:[0m [34m input.3.axis[0m: [34mval[0m: 3 
[32mINFO:[0m [34m input.4.num[0m: 
[32mINFO:[0m [34m output.1.output0[0m: [34mname[0m: tf.split_4/split:0 [34mshape[0m: (1, 8, 8, 128) [34mdtype[0m: <dtype: 'float32'> 
[32mINFO:[0m [34m output.2.output1[0m: [34mname[0m: tf.split_4/split:1 [34mshape[0m: (1, 8, 8, 128) [34mdtype[0m: <dtype: 'float32'> 

[32mINFO:[0m [32m123 / 298[0m
[32mINFO:[0m [35monnx_op_type[0m: Conv[35m onnx_op_name[0m: /model.10/m/m.0/attn/qkv/conv/Conv
[32mINFO:[0m [36m input_name.1[0m: /model.10/Split_output_1 [36mshape[0m: [1, 128, 8, 8] [36mdtype[0m: float32
[32mINFO:[0m [36m input_name.2[0m: model.10.m.0.attn.qkv.conv.weight [36mshape[0m: [256, 128, 1, 1] [36mdtype[0m: float32
[32mINFO:[0m [36m input_name.3[0m: model.10.m.0.attn.qkv.conv.bias [36mshape[0m: [256] [36mdtype[0m: float32
[32mINFO:[0m [36m output_name.1[0m: /model.10/m/m.0/attn/qkv/conv/Conv_output_0 [36mshape[0m: [1, 256, 8, 8] [36mdtype[0m: float32
[32mINFO:[0m [35mtf_op_type[0m: convolution_v2
[32mINFO:[0m [34m input.1.input[0m: [34mname[0m: tf.split_4/split:1 [34mshape[0m: (1, 8, 8, 128) [34mdtype[0m: <dtype: 'float32'> 
[32mINFO:[0m [34m input.2.weights[0m: [34mshape[0m: (1, 1, 128, 256) [34mdtype[0m: <dtype: 'float32'> 
[32mINFO:[0m [34m input.3.bias[0m: [34mshape[0m: (256,) [34mdtype[0m: <dtype: 'float32'> 
[32mINFO:[0m [34m input.4.strides[0m: [34mval[0m: [1, 1] 
[32mINFO:[0m [34m input.5.dilations[0m: [34mval[0m: [1, 1] 
[32mINFO:[0m [34m input.6.padding[0m: [34mval[0m: SAME 
[32mINFO:[0m [34m input.7.group[0m: [34mval[0m: 1 
[32mINFO:[0m [34m output.1.output[0m: [34mname[0m: tf.math.add_60/Add:0 [34mshape[0m: (1, 8, 8, 256) [34mdtype[0m: <dtype: 'float32'> 

[32mINFO:[0m [32m124 / 298[0m
[32mINFO:[0m [35monnx_op_type[0m: Reshape[35m onnx_op_name[0m: /model.10/m/m.0/attn/Reshape
[32mINFO:[0m [36m input_name.1[0m: /model.10/m/m.0/attn/qkv/conv/Conv_output_0 [36mshape[0m: [1, 256, 8, 8] [36mdtype[0m: float32
[32mINFO:[0m [36m input_name.2[0m: /model.10/m/m.0/attn/Constant_output_0 [36mshape[0m: [4] [36mdtype[0m: int64
[32mINFO:[0m [36m output_name.1[0m: /model.10/m/m.0/attn/Reshape_output_0 [36mshape[0m: [1, 2, 128, 64] [36mdtype[0m: float32
[32mINFO:[0m [35mtf_op_type[0m: reshape
[32mINFO:[0m [34m input.1.tensor[0m: [34mname[0m: tf.compat.v1.transpose_622/transpose:0 [34mshape[0m: (1, 256, 8, 8) [34mdtype[0m: <dtype: 'float32'> 
[32mINFO:[0m [34m input.2.shape[0m: [34mval[0m: [1, 2, 128, 64] 
[32mINFO:[0m [34m output.1.output[0m: [34mname[0m: tf.reshape_25/Reshape:0 [34mshape[0m: (1, 2, 128, 64) [34mdtype[0m: <dtype: 'float32'> 

[32mINFO:[0m [32m125 / 298[0m
[32mINFO:[0m [35monnx_op_type[0m: Split[35m onnx_op_name[0m: /model.10/m/m.0/attn/Split
[32mINFO:[0m [36m input_name.1[0m: /model.10/m/m.0/attn/Reshape_output_0 [36mshape[0m: [1, 2, 128, 64] [36mdtype[0m: float32
[32mINFO:[0m [36m output_name.1[0m: /model.10/m/m.0/attn/Split_output_0 [36mshape[0m: [1, 2, 32, 64] [36mdtype[0m: float32
[32mINFO:[0m [36m output_name.2[0m: /model.10/m/m.0/attn/Split_output_1 [36mshape[0m: [1, 2, 32, 64] [36mdtype[0m: float32
[32mINFO:[0m [36m output_name.3[0m: /model.10/m/m.0/attn/Split_output_2 [36mshape[0m: [1, 2, 64, 64] [36mdtype[0m: float32
[32mINFO:[0m [35mtf_op_type[0m: split
[32mINFO:[0m [34m input.1.value[0m: [34mname[0m: tf.reshape_25/Reshape:0 [34mshape[0m: (1, 2, 128, 64) [34mdtype[0m: <dtype: 'float32'> 
[32mINFO:[0m [34m input.2.num_or_size_splits[0m: [34mval[0m: [32, 32, 64] 
[32mINFO:[0m [34m input.3.axis[0m: [34mval[0m: 2 
[32mINFO:[0m [34m input.4.num[0m: 
[32mINFO:[0m [34m output.1.output0[0m: [34mname[0m: tf.strided_slice/StridedSlice:0 [34mshape[0m: (1, 2, 32, 64) [34mdtype[0m: <dtype: 'float32'> 
[32mINFO:[0m [34m output.2.output1[0m: [34mname[0m: tf.strided_slice_1/StridedSlice:0 [34mshape[0m: (1, 2, 32, 64) [34mdtype[0m: <dtype: 'float32'> 
[32mINFO:[0m [34m output.3.output2[0m: [34mname[0m: tf.strided_slice_2/StridedSlice:0 [34mshape[0m: (1, 2, 64, 64) [34mdtype[0m: <dtype: 'float32'> 

[32mINFO:[0m [32m126 / 298[0m
[32mINFO:[0m [35monnx_op_type[0m: Mul[35m onnx_op_name[0m: /model.10/m/m.0/attn/Mul
[32mINFO:[0m [36m input_name.1[0m: /model.10/m/m.0/attn/Split_output_0 [36mshape[0m: [1, 2, 32, 64] [36mdtype[0m: float32
[32mINFO:[0m [36m input_name.2[0m: /model.10/m/m.0/attn/Constant_1_output_0 [36mshape[0m: [] [36mdtype[0m: float32
[32mINFO:[0m [36m output_name.1[0m: /model.10/m/m.0/attn/Mul_output_0 [36mshape[0m: [1, 2, 32, 64] [36mdtype[0m: float32
[32mINFO:[0m [35mtf_op_type[0m: multiply
[32mINFO:[0m [34m input.1.x[0m: [34mname[0m: tf.strided_slice/StridedSlice:0 [34mshape[0m: (1, 2, 32, 64) [34mdtype[0m: <dtype: 'float32'> 
[32mINFO:[0m [34m input.2.y[0m: [34mshape[0m: () [34mdtype[0m: float32 
[32mINFO:[0m [34m output.1.output[0m: [34mname[0m: tf.math.multiply_145/Mul:0 [34mshape[0m: (1, 2, 32, 64) [34mdtype[0m: <dtype: 'float32'> 

[32mINFO:[0m [32m127 / 298[0m
[32mINFO:[0m [35monnx_op_type[0m: Reshape[35m onnx_op_name[0m: /model.10/m/m.0/attn/Reshape_2
[32mINFO:[0m [36m input_name.1[0m: /model.10/m/m.0/attn/Split_output_2 [36mshape[0m: [1, 2, 64, 64] [36mdtype[0m: float32
[32mINFO:[0m [36m input_name.2[0m: /model.10/m/m.0/attn/Constant_3_output_0 [36mshape[0m: [4] [36mdtype[0m: int64
[32mINFO:[0m [36m output_name.1[0m: /model.10/m/m.0/attn/Reshape_2_output_0 [36mshape[0m: [1, 128, 8, 8] [36mdtype[0m: float32
[32mINFO:[0m [35mtf_op_type[0m: reshape
[32mINFO:[0m [34m input.1.tensor[0m: [34mname[0m: tf.strided_slice_2/StridedSlice:0 [34mshape[0m: (1, 2, 64, 64) [34mdtype[0m: <dtype: 'float32'> 
[32mINFO:[0m [34m input.2.shape[0m: [34mval[0m: [1, 128, 8, 8] 
[32mINFO:[0m [34m output.1.output[0m: [34mname[0m: tf.reshape_51/Reshape:0 [34mshape[0m: (1, 128, 8, 8) [34mdtype[0m: <dtype: 'float32'> 

[32mINFO:[0m [32m128 / 298[0m
[32mINFO:[0m [35monnx_op_type[0m: Transpose[35m onnx_op_name[0m: /model.10/m/m.0/attn/Transpose
[32mINFO:[0m [36m input_name.1[0m: /model.10/m/m.0/attn/Mul_output_0 [36mshape[0m: [1, 2, 32, 64] [36mdtype[0m: float32
[32mINFO:[0m [36m output_name.1[0m: /model.10/m/m.0/attn/Transpose_output_0 [36mshape[0m: [1, 2, 64, 32] [36mdtype[0m: float32
[32mINFO:[0m [35mtf_op_type[0m: transpose_v2
[32mINFO:[0m [34m input.1.a[0m: [34mname[0m: tf.math.multiply_145/Mul:0 [34mshape[0m: (1, 2, 32, 64) [34mdtype[0m: <dtype: 'float32'> 
[32mINFO:[0m [34m input.2.perm[0m: [34mval[0m: [0, 1, 3, 2] 
[32mINFO:[0m [34m output.1.output[0m: [34mname[0m: tf.compat.v1.transpose_675/transpose:0 [34mshape[0m: (1, 2, 64, 32) [34mdtype[0m: <dtype: 'float32'> 

[32mINFO:[0m [32m129 / 298[0m
[32mINFO:[0m [35monnx_op_type[0m: Conv[35m onnx_op_name[0m: /model.10/m/m.0/attn/pe/conv/Conv
[32mINFO:[0m [36m input_name.1[0m: /model.10/m/m.0/attn/Reshape_2_output_0 [36mshape[0m: [1, 128, 8, 8] [36mdtype[0m: float32
[32mINFO:[0m [36m input_name.2[0m: model.10.m.0.attn.pe.conv.weight [36mshape[0m: [128, 1, 3, 3] [36mdtype[0m: float32
[32mINFO:[0m [36m input_name.3[0m: model.10.m.0.attn.pe.conv.bias [36mshape[0m: [128] [36mdtype[0m: float32
[32mINFO:[0m [36m output_name.1[0m: /model.10/m/m.0/attn/pe/conv/Conv_output_0 [36mshape[0m: [1, 128, 8, 8] [36mdtype[0m: float32
[32mINFO:[0m [35mtf_op_type[0m: GroupedConvolution2D
[32mINFO:[0m [34m input.1.input[0m: [34mname[0m: tf.compat.v1.transpose_676/transpose:0 [34mshape[0m: (1, 8, 8, 128) [34mdtype[0m: <dtype: 'float32'> 
[32mINFO:[0m [34m input.2.weights[0m: [34mshape[0m: (3, 3, 1, 128) [34mdtype[0m: <dtype: 'float32'> 
[32mINFO:[0m [34m input.3.bias[0m: [34mshape[0m: (128,) [34mdtype[0m: <dtype: 'float32'> 
[32mINFO:[0m [34m input.4.strides[0m: [34mval[0m: [1, 1] 
[32mINFO:[0m [34m input.5.dilations[0m: [34mval[0m: [1, 1] 
[32mINFO:[0m [34m input.6.padding[0m: [34mval[0m: SAME 
[32mINFO:[0m [34m input.7.group[0m: [34mval[0m: 128 
[32mINFO:[0m [34m output.1.output[0m: [34mname[0m: tf.math.add_61/Add:0 [34mshape[0m: (1, 8, 8, 128) [34mdtype[0m: <dtype: 'float32'> 

[32mINFO:[0m [32m130 / 298[0m
[32mINFO:[0m [35monnx_op_type[0m: MatMul[35m onnx_op_name[0m: /model.10/m/m.0/attn/MatMul
[32mINFO:[0m [36m input_name.1[0m: /model.10/m/m.0/attn/Transpose_output_0 [36mshape[0m: [1, 2, 64, 32] [36mdtype[0m: float32
[32mINFO:[0m [36m input_name.2[0m: /model.10/m/m.0/attn/Split_output_1 [36mshape[0m: [1, 2, 32, 64] [36mdtype[0m: float32
[32mINFO:[0m [36m output_name.1[0m: /model.10/m/m.0/attn/MatMul_output_0 [36mshape[0m: [1, 2, 64, 64] [36mdtype[0m: float32
[32mINFO:[0m [35mtf_op_type[0m: matmul
[32mINFO:[0m [34m input.1.a[0m: [34mname[0m: tf.compat.v1.transpose_675/transpose:0 [34mshape[0m: (1, 2, 64, 32) [34mdtype[0m: <dtype: 'float32'> 
[32mINFO:[0m [34m input.2.b[0m: [34mname[0m: tf.strided_slice_1/StridedSlice:0 [34mshape[0m: (1, 2, 32, 64) [34mdtype[0m: <dtype: 'float32'> 
[32mINFO:[0m [34m input.3.output_type[0m: [34mname[0m: float32 [34mshape[0m: () 
[32mINFO:[0m [34m output.1.output[0m: [34mname[0m: tf.linalg.matmul_8/MatMul:0 [34mshape[0m: (1, 2, 64, 64) [34mdtype[0m: <dtype: 'float32'> 

[32mINFO:[0m [32m131 / 298[0m
[32mINFO:[0m [35monnx_op_type[0m: Softmax[35m onnx_op_name[0m: /model.10/m/m.0/attn/Softmax
[32mINFO:[0m [36m input_name.1[0m: /model.10/m/m.0/attn/MatMul_output_0 [36mshape[0m: [1, 2, 64, 64] [36mdtype[0m: float32
[32mINFO:[0m [36m output_name.1[0m: /model.10/m/m.0/attn/Softmax_output_0 [36mshape[0m: [1, 2, 64, 64] [36mdtype[0m: float32
[32mINFO:[0m [35mtf_op_type[0m: softmax_v2
[32mINFO:[0m [34m input.1.logits[0m: [34mname[0m: tf.linalg.matmul_8/MatMul:0 [34mshape[0m: (1, 2, 64, 64) [34mdtype[0m: <dtype: 'float32'> 
[32mINFO:[0m [34m input.2.axis[0m: [34mval[0m: 3 
[32mINFO:[0m [34m output.1.output[0m: [34mname[0m: tf.nn.softmax_1/wa/model.10/m/m.0/attn/Softmax:0 [34mshape[0m: (1, 2, 64, 64) [34mdtype[0m: <dtype: 'float32'> 

[32mINFO:[0m [32m132 / 298[0m
[32mINFO:[0m [35monnx_op_type[0m: Transpose[35m onnx_op_name[0m: /model.10/m/m.0/attn/Transpose_1
[32mINFO:[0m [36m input_name.1[0m: /model.10/m/m.0/attn/Softmax_output_0 [36mshape[0m: [1, 2, 64, 64] [36mdtype[0m: float32
[32mINFO:[0m [36m output_name.1[0m: /model.10/m/m.0/attn/Transpose_1_output_0 [36mshape[0m: [1, 2, 64, 64] [36mdtype[0m: float32
[32mINFO:[0m [35mtf_op_type[0m: transpose_v2
[32mINFO:[0m [34m input.1.a[0m: [34mname[0m: tf.nn.softmax_1/wa/model.10/m/m.0/attn/Softmax:0 [34mshape[0m: (1, 2, 64, 64) [34mdtype[0m: <dtype: 'float32'> 
[32mINFO:[0m [34m input.2.perm[0m: [34mval[0m: [0, 1, 3, 2] 
[32mINFO:[0m [34m output.1.output[0m: [34mname[0m: tf.compat.v1.transpose_689/transpose:0 [34mshape[0m: (1, 2, 64, 64) [34mdtype[0m: <dtype: 'float32'> 

[32mINFO:[0m [32m133 / 298[0m
[32mINFO:[0m [35monnx_op_type[0m: MatMul[35m onnx_op_name[0m: /model.10/m/m.0/attn/MatMul_1
[32mINFO:[0m [36m input_name.1[0m: /model.10/m/m.0/attn/Split_output_2 [36mshape[0m: [1, 2, 64, 64] [36mdtype[0m: float32
[32mINFO:[0m [36m input_name.2[0m: /model.10/m/m.0/attn/Transpose_1_output_0 [36mshape[0m: [1, 2, 64, 64] [36mdtype[0m: float32
[32mINFO:[0m [36m output_name.1[0m: /model.10/m/m.0/attn/MatMul_1_output_0 [36mshape[0m: [1, 2, 64, 64] [36mdtype[0m: float32
[32mINFO:[0m [35mtf_op_type[0m: matmul
[32mINFO:[0m [34m input.1.a[0m: [34mname[0m: tf.strided_slice_2/StridedSlice:0 [34mshape[0m: (1, 2, 64, 64) [34mdtype[0m: <dtype: 'float32'> 
[32mINFO:[0m [34m input.2.b[0m: [34mname[0m: tf.compat.v1.transpose_689/transpose:0 [34mshape[0m: (1, 2, 64, 64) [34mdtype[0m: <dtype: 'float32'> 
[32mINFO:[0m [34m input.3.output_type[0m: [34mname[0m: float32 [34mshape[0m: () 
[32mINFO:[0m [34m output.1.output[0m: [34mname[0m: tf.linalg.matmul_33/MatMul:0 [34mshape[0m: (1, 2, 64, 64) [34mdtype[0m: <dtype: 'float32'> 

[32mINFO:[0m [32m134 / 298[0m
[32mINFO:[0m [35monnx_op_type[0m: Reshape[35m onnx_op_name[0m: /model.10/m/m.0/attn/Reshape_1
[32mINFO:[0m [36m input_name.1[0m: /model.10/m/m.0/attn/MatMul_1_output_0 [36mshape[0m: [1, 2, 64, 64] [36mdtype[0m: float32
[32mINFO:[0m [36m input_name.2[0m: /model.10/m/m.0/attn/Constant_3_output_0 [36mshape[0m: (4,) [36mdtype[0m: int64
[32mINFO:[0m [36m output_name.1[0m: /model.10/m/m.0/attn/Reshape_1_output_0 [36mshape[0m: [1, 128, 8, 8] [36mdtype[0m: float32
[32mINFO:[0m [35mtf_op_type[0m: reshape
[32mINFO:[0m [34m input.1.tensor[0m: [34mname[0m: tf.linalg.matmul_33/MatMul:0 [34mshape[0m: (1, 2, 64, 64) [34mdtype[0m: <dtype: 'float32'> 
[32mINFO:[0m [34m input.2.shape[0m: [34mval[0m: [1, 128, 8, 8] 
[32mINFO:[0m [34m output.1.output[0m: [34mname[0m: tf.reshape_77/Reshape:0 [34mshape[0m: (1, 128, 8, 8) [34mdtype[0m: <dtype: 'float32'> 

[32mINFO:[0m [32m135 / 298[0m
[32mINFO:[0m [35monnx_op_type[0m: Add[35m onnx_op_name[0m: /model.10/m/m.0/attn/Add
[32mINFO:[0m [36m input_name.1[0m: /model.10/m/m.0/attn/Reshape_1_output_0 [36mshape[0m: [1, 128, 8, 8] [36mdtype[0m: float32
[32mINFO:[0m [36m input_name.2[0m: /model.10/m/m.0/attn/pe/conv/Conv_output_0 [36mshape[0m: [1, 128, 8, 8] [36mdtype[0m: float32
[32mINFO:[0m [36m output_name.1[0m: /model.10/m/m.0/attn/Add_output_0 [36mshape[0m: [1, 128, 8, 8] [36mdtype[0m: float32
[32mINFO:[0m [35mtf_op_type[0m: add
[32mINFO:[0m [34m input.1.x[0m: [34mname[0m: tf.compat.v1.transpose_759/transpose:0 [34mshape[0m: (1, 128, 8, 8) [34mdtype[0m: <dtype: 'float32'> 
[32mINFO:[0m [34m input.2.y[0m: [34mname[0m: tf.compat.v1.transpose_760/transpose:0 [34mshape[0m: (1, 128, 8, 8) [34mdtype[0m: <dtype: 'float32'> 
[32mINFO:[0m [34m output.1.output[0m: [34mname[0m: tf.math.add_64/Add:0 [34mshape[0m: (1, 128, 8, 8) [34mdtype[0m: <dtype: 'float32'> 

[32mINFO:[0m [32m136 / 298[0m
[32mINFO:[0m [35monnx_op_type[0m: Conv[35m onnx_op_name[0m: /model.10/m/m.0/attn/proj/conv/Conv
[32mINFO:[0m [36m input_name.1[0m: /model.10/m/m.0/attn/Add_output_0 [36mshape[0m: [1, 128, 8, 8] [36mdtype[0m: float32
[32mINFO:[0m [36m input_name.2[0m: model.10.m.0.attn.proj.conv.weight [36mshape[0m: [128, 128, 1, 1] [36mdtype[0m: float32
[32mINFO:[0m [36m input_name.3[0m: model.10.m.0.attn.proj.conv.bias [36mshape[0m: [128] [36mdtype[0m: float32
[32mINFO:[0m [36m output_name.1[0m: /model.10/m/m.0/attn/proj/conv/Conv_output_0 [36mshape[0m: [1, 128, 8, 8] [36mdtype[0m: float32
[32mINFO:[0m [35mtf_op_type[0m: convolution_v2
[32mINFO:[0m [34m input.1.input[0m: [34mname[0m: tf.compat.v1.transpose_761/transpose:0 [34mshape[0m: (1, 8, 8, 128) [34mdtype[0m: <dtype: 'float32'> 
[32mINFO:[0m [34m input.2.weights[0m: [34mshape[0m: (1, 1, 128, 128) [34mdtype[0m: <dtype: 'float32'> 
[32mINFO:[0m [34m input.3.bias[0m: [34mshape[0m: (128,) [34mdtype[0m: <dtype: 'float32'> 
[32mINFO:[0m [34m input.4.strides[0m: [34mval[0m: [1, 1] 
[32mINFO:[0m [34m input.5.dilations[0m: [34mval[0m: [1, 1] 
[32mINFO:[0m [34m input.6.padding[0m: [34mval[0m: SAME 
[32mINFO:[0m [34m input.7.group[0m: [34mval[0m: 1 
[32mINFO:[0m [34m output.1.output[0m: [34mname[0m: tf.math.add_65/Add:0 [34mshape[0m: (1, 8, 8, 128) [34mdtype[0m: <dtype: 'float32'> 

[32mINFO:[0m [32m137 / 298[0m
[32mINFO:[0m [35monnx_op_type[0m: Add[35m onnx_op_name[0m: /model.10/m/m.0/Add
[32mINFO:[0m [36m input_name.1[0m: /model.10/Split_output_1 [36mshape[0m: [1, 128, 8, 8] [36mdtype[0m: float32
[32mINFO:[0m [36m input_name.2[0m: /model.10/m/m.0/attn/proj/conv/Conv_output_0 [36mshape[0m: [1, 128, 8, 8] [36mdtype[0m: float32
[32mINFO:[0m [36m output_name.1[0m: /model.10/m/m.0/Add_output_0 [36mshape[0m: [1, 128, 8, 8] [36mdtype[0m: float32
[32mINFO:[0m [35mtf_op_type[0m: add
[32mINFO:[0m [34m input.1.x[0m: [34mname[0m: tf.compat.v1.transpose_763/transpose:0 [34mshape[0m: (1, 128, 8, 8) [34mdtype[0m: <dtype: 'float32'> 
[32mINFO:[0m [34m input.2.y[0m: [34mname[0m: tf.compat.v1.transpose_764/transpose:0 [34mshape[0m: (1, 128, 8, 8) [34mdtype[0m: <dtype: 'float32'> 
[32mINFO:[0m [34m output.1.output[0m: [34mname[0m: tf.math.add_68/Add:0 [34mshape[0m: (1, 128, 8, 8) [34mdtype[0m: <dtype: 'float32'> 

[32mINFO:[0m [32m138 / 298[0m
[32mINFO:[0m [35monnx_op_type[0m: Conv[35m onnx_op_name[0m: /model.10/m/m.0/ffn/ffn.0/conv/Conv
[32mINFO:[0m [36m input_name.1[0m: /model.10/m/m.0/Add_output_0 [36mshape[0m: [1, 128, 8, 8] [36mdtype[0m: float32
[32mINFO:[0m [36m input_name.2[0m: model.10.m.0.ffn.0.conv.weight [36mshape[0m: [256, 128, 1, 1] [36mdtype[0m: float32
[32mINFO:[0m [36m input_name.3[0m: model.10.m.0.ffn.0.conv.bias [36mshape[0m: [256] [36mdtype[0m: float32
[32mINFO:[0m [36m output_name.1[0m: /model.10/m/m.0/ffn/ffn.0/conv/Conv_output_0 [36mshape[0m: [1, 256, 8, 8] [36mdtype[0m: float32
[32mINFO:[0m [35mtf_op_type[0m: convolution_v2
[32mINFO:[0m [34m input.1.input[0m: [34mname[0m: tf.compat.v1.transpose_765/transpose:0 [34mshape[0m: (1, 8, 8, 128) [34mdtype[0m: <dtype: 'float32'> 
[32mINFO:[0m [34m input.2.weights[0m: [34mshape[0m: (1, 1, 128, 256) [34mdtype[0m: <dtype: 'float32'> 
[32mINFO:[0m [34m input.3.bias[0m: [34mshape[0m: (256,) [34mdtype[0m: <dtype: 'float32'> 
[32mINFO:[0m [34m input.4.strides[0m: [34mval[0m: [1, 1] 
[32mINFO:[0m [34m input.5.dilations[0m: [34mval[0m: [1, 1] 
[32mINFO:[0m [34m input.6.padding[0m: [34mval[0m: SAME 
[32mINFO:[0m [34m input.7.group[0m: [34mval[0m: 1 
[32mINFO:[0m [34m output.1.output[0m: [34mname[0m: tf.math.add_69/Add:0 [34mshape[0m: (1, 8, 8, 256) [34mdtype[0m: <dtype: 'float32'> 

[32mINFO:[0m [32m139 / 298[0m
[32mINFO:[0m [35monnx_op_type[0m: Sigmoid[35m onnx_op_name[0m: /model.10/m/m.0/ffn/ffn.0/act/Sigmoid
[32mINFO:[0m [36m input_name.1[0m: /model.10/m/m.0/ffn/ffn.0/conv/Conv_output_0 [36mshape[0m: [1, 256, 8, 8] [36mdtype[0m: float32
[32mINFO:[0m [36m output_name.1[0m: /model.10/m/m.0/ffn/ffn.0/act/Sigmoid_output_0 [36mshape[0m: [1, 256, 8, 8] [36mdtype[0m: float32
[32mINFO:[0m [35mtf_op_type[0m: sigmoid
[32mINFO:[0m [34m input.1.x[0m: [34mname[0m: tf.math.add_69/Add:0 [34mshape[0m: (1, 8, 8, 256) [34mdtype[0m: <dtype: 'float32'> 
[32mINFO:[0m [34m output.1.output[0m: [34mname[0m: tf.math.sigmoid_33/Sigmoid:0 [34mshape[0m: (1, 8, 8, 256) [34mdtype[0m: <dtype: 'float32'> 

[32mINFO:[0m [32m140 / 298[0m
[32mINFO:[0m [35monnx_op_type[0m: Mul[35m onnx_op_name[0m: /model.10/m/m.0/ffn/ffn.0/act/Mul
[32mINFO:[0m [36m input_name.1[0m: /model.10/m/m.0/ffn/ffn.0/conv/Conv_output_0 [36mshape[0m: [1, 256, 8, 8] [36mdtype[0m: float32
[32mINFO:[0m [36m input_name.2[0m: /model.10/m/m.0/ffn/ffn.0/act/Sigmoid_output_0 [36mshape[0m: [1, 256, 8, 8] [36mdtype[0m: float32
[32mINFO:[0m [36m output_name.1[0m: /model.10/m/m.0/ffn/ffn.0/act/Mul_output_0 [36mshape[0m: [1, 256, 8, 8] [36mdtype[0m: float32
[32mINFO:[0m [35mtf_op_type[0m: multiply
[32mINFO:[0m [34m input.1.x[0m: [34mname[0m: tf.math.add_69/Add:0 [34mshape[0m: (1, 8, 8, 256) [34mdtype[0m: <dtype: 'float32'> 
[32mINFO:[0m [34m input.2.y[0m: [34mname[0m: tf.math.sigmoid_33/Sigmoid:0 [34mshape[0m: (1, 8, 8, 256) [34mdtype[0m: <dtype: 'float32'> 
[32mINFO:[0m [34m output.1.output[0m: [34mname[0m: tf.math.multiply_153/Mul:0 [34mshape[0m: (1, 8, 8, 256) [34mdtype[0m: <dtype: 'float32'> 

[32mINFO:[0m [32m141 / 298[0m
[32mINFO:[0m [35monnx_op_type[0m: Conv[35m onnx_op_name[0m: /model.10/m/m.0/ffn/ffn.1/conv/Conv
[32mINFO:[0m [36m input_name.1[0m: /model.10/m/m.0/ffn/ffn.0/act/Mul_output_0 [36mshape[0m: [1, 256, 8, 8] [36mdtype[0m: float32
[32mINFO:[0m [36m input_name.2[0m: model.10.m.0.ffn.1.conv.weight [36mshape[0m: [128, 256, 1, 1] [36mdtype[0m: float32
[32mINFO:[0m [36m input_name.3[0m: model.10.m.0.ffn.1.conv.bias [36mshape[0m: [128] [36mdtype[0m: float32
[32mINFO:[0m [36m output_name.1[0m: /model.10/m/m.0/ffn/ffn.1/conv/Conv_output_0 [36mshape[0m: [1, 128, 8, 8] [36mdtype[0m: float32
[32mINFO:[0m [35mtf_op_type[0m: convolution_v2
[32mINFO:[0m [34m input.1.input[0m: [34mname[0m: tf.math.multiply_153/Mul:0 [34mshape[0m: (1, 8, 8, 256) [34mdtype[0m: <dtype: 'float32'> 
[32mINFO:[0m [34m input.2.weights[0m: [34mshape[0m: (1, 1, 256, 128) [34mdtype[0m: <dtype: 'float32'> 
[32mINFO:[0m [34m input.3.bias[0m: [34mshape[0m: (128,) [34mdtype[0m: <dtype: 'float32'> 
[32mINFO:[0m [34m input.4.strides[0m: [34mval[0m: [1, 1] 
[32mINFO:[0m [34m input.5.dilations[0m: [34mval[0m: [1, 1] 
[32mINFO:[0m [34m input.6.padding[0m: [34mval[0m: SAME 
[32mINFO:[0m [34m input.7.group[0m: [34mval[0m: 1 
[32mINFO:[0m [34m output.1.output[0m: [34mname[0m: tf.math.add_70/Add:0 [34mshape[0m: (1, 8, 8, 128) [34mdtype[0m: <dtype: 'float32'> 

[32mINFO:[0m [32m142 / 298[0m
[32mINFO:[0m [35monnx_op_type[0m: Add[35m onnx_op_name[0m: /model.10/m/m.0/Add_1
[32mINFO:[0m [36m input_name.1[0m: /model.10/m/m.0/Add_output_0 [36mshape[0m: [1, 128, 8, 8] [36mdtype[0m: float32
[32mINFO:[0m [36m input_name.2[0m: /model.10/m/m.0/ffn/ffn.1/conv/Conv_output_0 [36mshape[0m: [1, 128, 8, 8] [36mdtype[0m: float32
[32mINFO:[0m [36m output_name.1[0m: /model.10/m/m.0/Add_1_output_0 [36mshape[0m: [1, 128, 8, 8] [36mdtype[0m: float32
[32mINFO:[0m [35mtf_op_type[0m: add
[32mINFO:[0m [34m input.1.x[0m: [34mname[0m: tf.compat.v1.transpose_769/transpose:0 [34mshape[0m: (1, 128, 8, 8) [34mdtype[0m: <dtype: 'float32'> 
[32mINFO:[0m [34m input.2.y[0m: [34mname[0m: tf.compat.v1.transpose_770/transpose:0 [34mshape[0m: (1, 128, 8, 8) [34mdtype[0m: <dtype: 'float32'> 
[32mINFO:[0m [34m output.1.output[0m: [34mname[0m: tf.math.add_73/Add:0 [34mshape[0m: (1, 128, 8, 8) [34mdtype[0m: <dtype: 'float32'> 

[32mINFO:[0m [32m143 / 298[0m
[32mINFO:[0m [35monnx_op_type[0m: Concat[35m onnx_op_name[0m: /model.10/Concat
[32mINFO:[0m [36m input_name.1[0m: /model.10/Split_output_0 [36mshape[0m: [1, 128, 8, 8] [36mdtype[0m: float32
[32mINFO:[0m [36m input_name.2[0m: /model.10/m/m.0/Add_1_output_0 [36mshape[0m: [1, 128, 8, 8] [36mdtype[0m: float32
[32mINFO:[0m [36m output_name.1[0m: /model.10/Concat_output_0 [36mshape[0m: [1, 256, 8, 8] [36mdtype[0m: float32
[32mINFO:[0m [35mtf_op_type[0m: concat
[32mINFO:[0m [34m input.1.input0[0m: [34mname[0m: tf.compat.v1.transpose_771/transpose:0 [34mshape[0m: (1, 128, 8, 8) [34mdtype[0m: <dtype: 'float32'> 
[32mINFO:[0m [34m input.2.input1[0m: [34mname[0m: tf.math.add_73/Add:0 [34mshape[0m: (1, 128, 8, 8) [34mdtype[0m: <dtype: 'float32'> 
[32mINFO:[0m [34m input.3.axis[0m: [34mval[0m: 1 
[32mINFO:[0m [34m output.1.output[0m: [34mname[0m: tf.concat_203/concat:0 [34mshape[0m: (1, 256, 8, 8) [34mdtype[0m: <dtype: 'float32'> 

[32mINFO:[0m [32m144 / 298[0m
[32mINFO:[0m [35monnx_op_type[0m: Conv[35m onnx_op_name[0m: /model.10/cv2/conv/Conv
[32mINFO:[0m [36m input_name.1[0m: /model.10/Concat_output_0 [36mshape[0m: [1, 256, 8, 8] [36mdtype[0m: float32
[32mINFO:[0m [36m input_name.2[0m: model.10.cv2.conv.weight [36mshape[0m: [256, 256, 1, 1] [36mdtype[0m: float32
[32mINFO:[0m [36m input_name.3[0m: model.10.cv2.conv.bias [36mshape[0m: [256] [36mdtype[0m: float32
[32mINFO:[0m [36m output_name.1[0m: /model.10/cv2/conv/Conv_output_0 [36mshape[0m: [1, 256, 8, 8] [36mdtype[0m: float32
[32mINFO:[0m [35mtf_op_type[0m: convolution_v2
[32mINFO:[0m [34m input.1.input[0m: [34mname[0m: tf.compat.v1.transpose_772/transpose:0 [34mshape[0m: (1, 8, 8, 256) [34mdtype[0m: <dtype: 'float32'> 
[32mINFO:[0m [34m input.2.weights[0m: [34mshape[0m: (1, 1, 256, 256) [34mdtype[0m: <dtype: 'float32'> 
[32mINFO:[0m [34m input.3.bias[0m: [34mshape[0m: (256,) [34mdtype[0m: <dtype: 'float32'> 
[32mINFO:[0m [34m input.4.strides[0m: [34mval[0m: [1, 1] 
[32mINFO:[0m [34m input.5.dilations[0m: [34mval[0m: [1, 1] 
[32mINFO:[0m [34m input.6.padding[0m: [34mval[0m: SAME 
[32mINFO:[0m [34m input.7.group[0m: [34mval[0m: 1 
[32mINFO:[0m [34m output.1.output[0m: [34mname[0m: tf.math.add_74/Add:0 [34mshape[0m: (1, 8, 8, 256) [34mdtype[0m: <dtype: 'float32'> 

[32mINFO:[0m [32m145 / 298[0m
[32mINFO:[0m [35monnx_op_type[0m: Sigmoid[35m onnx_op_name[0m: /model.10/cv2/act/Sigmoid
[32mINFO:[0m [36m input_name.1[0m: /model.10/cv2/conv/Conv_output_0 [36mshape[0m: [1, 256, 8, 8] [36mdtype[0m: float32
[32mINFO:[0m [36m output_name.1[0m: /model.10/cv2/act/Sigmoid_output_0 [36mshape[0m: [1, 256, 8, 8] [36mdtype[0m: float32
[32mINFO:[0m [35mtf_op_type[0m: sigmoid
[32mINFO:[0m [34m input.1.x[0m: [34mname[0m: tf.math.add_74/Add:0 [34mshape[0m: (1, 8, 8, 256) [34mdtype[0m: <dtype: 'float32'> 
[32mINFO:[0m [34m output.1.output[0m: [34mname[0m: tf.math.sigmoid_34/Sigmoid:0 [34mshape[0m: (1, 8, 8, 256) [34mdtype[0m: <dtype: 'float32'> 

[32mINFO:[0m [32m146 / 298[0m
[32mINFO:[0m [35monnx_op_type[0m: Mul[35m onnx_op_name[0m: /model.10/cv2/act/Mul
[32mINFO:[0m [36m input_name.1[0m: /model.10/cv2/conv/Conv_output_0 [36mshape[0m: [1, 256, 8, 8] [36mdtype[0m: float32
[32mINFO:[0m [36m input_name.2[0m: /model.10/cv2/act/Sigmoid_output_0 [36mshape[0m: [1, 256, 8, 8] [36mdtype[0m: float32
[32mINFO:[0m [36m output_name.1[0m: /model.10/cv2/act/Mul_output_0 [36mshape[0m: [1, 256, 8, 8] [36mdtype[0m: float32
[32mINFO:[0m [35mtf_op_type[0m: multiply
[32mINFO:[0m [34m input.1.x[0m: [34mname[0m: tf.math.add_74/Add:0 [34mshape[0m: (1, 8, 8, 256) [34mdtype[0m: <dtype: 'float32'> 
[32mINFO:[0m [34m input.2.y[0m: [34mname[0m: tf.math.sigmoid_34/Sigmoid:0 [34mshape[0m: (1, 8, 8, 256) [34mdtype[0m: <dtype: 'float32'> 
[32mINFO:[0m [34m output.1.output[0m: [34mname[0m: tf.math.multiply_159/Mul:0 [34mshape[0m: (1, 8, 8, 256) [34mdtype[0m: <dtype: 'float32'> 

[32mINFO:[0m [32m147 / 298[0m
[32mINFO:[0m [35monnx_op_type[0m: Resize[35m onnx_op_name[0m: /model.11/Resize
[32mINFO:[0m [36m input_name.1[0m: /model.10/cv2/act/Mul_output_0 [36mshape[0m: [1, 256, 8, 8] [36mdtype[0m: float32
[32mINFO:[0m [36m input_name.2[0m: /model.11/Constant_1_output_0 [36mshape[0m: [0] [36mdtype[0m: float32
[32mINFO:[0m [36m input_name.3[0m: /model.11/Constant_output_0 [36mshape[0m: [4] [36mdtype[0m: float32
[32mINFO:[0m [36m output_name.1[0m: /model.11/Resize_output_0 [36mshape[0m: [1, 256, 16, 16] [36mdtype[0m: float32
[32mINFO:[0m [35mtf_op_type[0m: upsampling2d_nearest
[32mINFO:[0m [34m input.1.images[0m: [34mname[0m: tf.math.multiply_159/Mul:0 [34mshape[0m: (1, 8, 8, 256) [34mdtype[0m: <dtype: 'float32'> 
[32mINFO:[0m [34m input.2.boxes[0m: 
[32mINFO:[0m [34m input.3.box_indices[0m: 
[32mINFO:[0m [34m input.4.new_size/crop_size[0m: [34mval[0m: [16, 16] 
[32mINFO:[0m [34m input.5.method[0m: [34mval[0m: nearest 
[32mINFO:[0m [34m input.6.extrapolation_value[0m: [34mval[0m: 0.0 
[32mINFO:[0m [34m input.7.align_corners[0m: [34mval[0m: False 
[32mINFO:[0m [34m output.1.output[0m: [34mname[0m: tf.compat.v1.image.resize_nearest_neighbor/ResizeNearestNeighbor:0 [34mshape[0m: (1, 16, 16, 256) [34mdtype[0m: <dtype: 'float32'> 

[32mINFO:[0m [32m148 / 298[0m
[32mINFO:[0m [35monnx_op_type[0m: Concat[35m onnx_op_name[0m: /model.12/Concat
[32mINFO:[0m [36m input_name.1[0m: /model.11/Resize_output_0 [36mshape[0m: [1, 256, 16, 16] [36mdtype[0m: float32
[32mINFO:[0m [36m input_name.2[0m: /model.6/cv2/act/Mul_output_0 [36mshape[0m: [1, 128, 16, 16] [36mdtype[0m: float32
[32mINFO:[0m [36m output_name.1[0m: /model.12/Concat_output_0 [36mshape[0m: [1, 384, 16, 16] [36mdtype[0m: float32
[32mINFO:[0m [35mtf_op_type[0m: concat
[32mINFO:[0m [34m input.1.input0[0m: [34mname[0m: tf.compat.v1.image.resize_nearest_neighbor/ResizeNearestNeighbor:0 [34mshape[0m: (1, 16, 16, 256) [34mdtype[0m: <dtype: 'float32'> 
[32mINFO:[0m [34m input.2.input1[0m: [34mname[0m: tf.math.multiply_91/Mul:0 [34mshape[0m: (1, 16, 16, 128) [34mdtype[0m: <dtype: 'float32'> 
[32mINFO:[0m [34m input.3.axis[0m: [34mval[0m: 3 
[32mINFO:[0m [34m output.1.output[0m: [34mname[0m: tf.concat_204/concat:0 [34mshape[0m: (1, 16, 16, 384) [34mdtype[0m: <dtype: 'float32'> 

[32mINFO:[0m [32m149 / 298[0m
[32mINFO:[0m [35monnx_op_type[0m: Conv[35m onnx_op_name[0m: /model.13/cv1/conv/Conv
[32mINFO:[0m [36m input_name.1[0m: /model.12/Concat_output_0 [36mshape[0m: [1, 384, 16, 16] [36mdtype[0m: float32
[32mINFO:[0m [36m input_name.2[0m: model.13.cv1.conv.weight [36mshape[0m: [128, 384, 1, 1] [36mdtype[0m: float32
[32mINFO:[0m [36m input_name.3[0m: model.13.cv1.conv.bias [36mshape[0m: [128] [36mdtype[0m: float32
[32mINFO:[0m [36m output_name.1[0m: /model.13/cv1/conv/Conv_output_0 [36mshape[0m: [1, 128, 16, 16] [36mdtype[0m: float32
[32mINFO:[0m [35mtf_op_type[0m: convolution_v2
[32mINFO:[0m [34m input.1.input[0m: [34mname[0m: tf.concat_204/concat:0 [34mshape[0m: (1, 16, 16, 384) [34mdtype[0m: <dtype: 'float32'> 
[32mINFO:[0m [34m input.2.weights[0m: [34mshape[0m: (1, 1, 384, 128) [34mdtype[0m: <dtype: 'float32'> 
[32mINFO:[0m [34m input.3.bias[0m: [34mshape[0m: (128,) [34mdtype[0m: <dtype: 'float32'> 
[32mINFO:[0m [34m input.4.strides[0m: [34mval[0m: [1, 1] 
[32mINFO:[0m [34m input.5.dilations[0m: [34mval[0m: [1, 1] 
[32mINFO:[0m [34m input.6.padding[0m: [34mval[0m: SAME 
[32mINFO:[0m [34m input.7.group[0m: [34mval[0m: 1 
[32mINFO:[0m [34m output.1.output[0m: [34mname[0m: tf.math.add_75/Add:0 [34mshape[0m: (1, 16, 16, 128) [34mdtype[0m: <dtype: 'float32'> 

[32mINFO:[0m [32m150 / 298[0m
[32mINFO:[0m [35monnx_op_type[0m: Sigmoid[35m onnx_op_name[0m: /model.13/cv1/act/Sigmoid
[32mINFO:[0m [36m input_name.1[0m: /model.13/cv1/conv/Conv_output_0 [36mshape[0m: [1, 128, 16, 16] [36mdtype[0m: float32
[32mINFO:[0m [36m output_name.1[0m: /model.13/cv1/act/Sigmoid_output_0 [36mshape[0m: [1, 128, 16, 16] [36mdtype[0m: float32
[32mINFO:[0m [35mtf_op_type[0m: sigmoid
[32mINFO:[0m [34m input.1.x[0m: [34mname[0m: tf.math.add_75/Add:0 [34mshape[0m: (1, 16, 16, 128) [34mdtype[0m: <dtype: 'float32'> 
[32mINFO:[0m [34m output.1.output[0m: [34mname[0m: tf.math.sigmoid_35/Sigmoid:0 [34mshape[0m: (1, 16, 16, 128) [34mdtype[0m: <dtype: 'float32'> 

[32mINFO:[0m [32m151 / 298[0m
[32mINFO:[0m [35monnx_op_type[0m: Mul[35m onnx_op_name[0m: /model.13/cv1/act/Mul
[32mINFO:[0m [36m input_name.1[0m: /model.13/cv1/conv/Conv_output_0 [36mshape[0m: [1, 128, 16, 16] [36mdtype[0m: float32
[32mINFO:[0m [36m input_name.2[0m: /model.13/cv1/act/Sigmoid_output_0 [36mshape[0m: [1, 128, 16, 16] [36mdtype[0m: float32
[32mINFO:[0m [36m output_name.1[0m: /model.13/cv1/act/Mul_output_0 [36mshape[0m: [1, 128, 16, 16] [36mdtype[0m: float32
[32mINFO:[0m [35mtf_op_type[0m: multiply
[32mINFO:[0m [34m input.1.x[0m: [34mname[0m: tf.math.add_75/Add:0 [34mshape[0m: (1, 16, 16, 128) [34mdtype[0m: <dtype: 'float32'> 
[32mINFO:[0m [34m input.2.y[0m: [34mname[0m: tf.math.sigmoid_35/Sigmoid:0 [34mshape[0m: (1, 16, 16, 128) [34mdtype[0m: <dtype: 'float32'> 
[32mINFO:[0m [34m output.1.output[0m: [34mname[0m: tf.math.multiply_163/Mul:0 [34mshape[0m: (1, 16, 16, 128) [34mdtype[0m: <dtype: 'float32'> 

[32mINFO:[0m [32m152 / 298[0m
[32mINFO:[0m [35monnx_op_type[0m: Split[35m onnx_op_name[0m: /model.13/Split
[32mINFO:[0m [36m input_name.1[0m: /model.13/cv1/act/Mul_output_0 [36mshape[0m: [1, 128, 16, 16] [36mdtype[0m: float32
[32mINFO:[0m [36m output_name.1[0m: /model.13/Split_output_0 [36mshape[0m: [1, 64, 16, 16] [36mdtype[0m: float32
[32mINFO:[0m [36m output_name.2[0m: /model.13/Split_output_1 [36mshape[0m: [1, 64, 16, 16] [36mdtype[0m: float32
[32mINFO:[0m [35mtf_op_type[0m: split
[32mINFO:[0m [34m input.1.value[0m: [34mname[0m: tf.math.multiply_163/Mul:0 [34mshape[0m: (1, 16, 16, 128) [34mdtype[0m: <dtype: 'float32'> 
[32mINFO:[0m [34m input.2.num_or_size_splits[0m: [34mval[0m: [64, 64] 
[32mINFO:[0m [34m input.3.axis[0m: [34mval[0m: 3 
[32mINFO:[0m [34m input.4.num[0m: 
[32mINFO:[0m [34m output.1.output0[0m: [34mname[0m: tf.split_5/split:0 [34mshape[0m: (1, 16, 16, 64) [34mdtype[0m: <dtype: 'float32'> 
[32mINFO:[0m [34m output.2.output1[0m: [34mname[0m: tf.split_5/split:1 [34mshape[0m: (1, 16, 16, 64) [34mdtype[0m: <dtype: 'float32'> 

[32mINFO:[0m [32m153 / 298[0m
[32mINFO:[0m [35monnx_op_type[0m: Conv[35m onnx_op_name[0m: /model.13/m.0/cv1/conv/Conv
[32mINFO:[0m [36m input_name.1[0m: /model.13/Split_output_1 [36mshape[0m: [1, 64, 16, 16] [36mdtype[0m: float32
[32mINFO:[0m [36m input_name.2[0m: model.13.m.0.cv1.conv.weight [36mshape[0m: [32, 64, 3, 3] [36mdtype[0m: float32
[32mINFO:[0m [36m input_name.3[0m: model.13.m.0.cv1.conv.bias [36mshape[0m: [32] [36mdtype[0m: float32
[32mINFO:[0m [36m output_name.1[0m: /model.13/m.0/cv1/conv/Conv_output_0 [36mshape[0m: [1, 32, 16, 16] [36mdtype[0m: float32
[32mINFO:[0m [35mtf_op_type[0m: convolution_v2
[32mINFO:[0m [34m input.1.input[0m: [34mname[0m: tf.split_5/split:1 [34mshape[0m: (1, 16, 16, 64) [34mdtype[0m: <dtype: 'float32'> 
[32mINFO:[0m [34m input.2.weights[0m: [34mshape[0m: (3, 3, 64, 32) [34mdtype[0m: <dtype: 'float32'> 
[32mINFO:[0m [34m input.3.bias[0m: [34mshape[0m: (32,) [34mdtype[0m: <dtype: 'float32'> 
[32mINFO:[0m [34m input.4.strides[0m: [34mval[0m: [1, 1] 
[32mINFO:[0m [34m input.5.dilations[0m: [34mval[0m: [1, 1] 
[32mINFO:[0m [34m input.6.padding[0m: [34mval[0m: SAME 
[32mINFO:[0m [34m input.7.group[0m: [34mval[0m: 1 
[32mINFO:[0m [34m output.1.output[0m: [34mname[0m: tf.math.add_76/Add:0 [34mshape[0m: (1, 16, 16, 32) [34mdtype[0m: <dtype: 'float32'> 

[32mINFO:[0m [32m154 / 298[0m
[32mINFO:[0m [35monnx_op_type[0m: Sigmoid[35m onnx_op_name[0m: /model.13/m.0/cv1/act/Sigmoid
[32mINFO:[0m [36m input_name.1[0m: /model.13/m.0/cv1/conv/Conv_output_0 [36mshape[0m: [1, 32, 16, 16] [36mdtype[0m: float32
[32mINFO:[0m [36m output_name.1[0m: /model.13/m.0/cv1/act/Sigmoid_output_0 [36mshape[0m: [1, 32, 16, 16] [36mdtype[0m: float32
[32mINFO:[0m [35mtf_op_type[0m: sigmoid
[32mINFO:[0m [34m input.1.x[0m: [34mname[0m: tf.math.add_76/Add:0 [34mshape[0m: (1, 16, 16, 32) [34mdtype[0m: <dtype: 'float32'> 
[32mINFO:[0m [34m output.1.output[0m: [34mname[0m: tf.math.sigmoid_36/Sigmoid:0 [34mshape[0m: (1, 16, 16, 32) [34mdtype[0m: <dtype: 'float32'> 

[32mINFO:[0m [32m155 / 298[0m
[32mINFO:[0m [35monnx_op_type[0m: Mul[35m onnx_op_name[0m: /model.13/m.0/cv1/act/Mul
[32mINFO:[0m [36m input_name.1[0m: /model.13/m.0/cv1/conv/Conv_output_0 [36mshape[0m: [1, 32, 16, 16] [36mdtype[0m: float32
[32mINFO:[0m [36m input_name.2[0m: /model.13/m.0/cv1/act/Sigmoid_output_0 [36mshape[0m: [1, 32, 16, 16] [36mdtype[0m: float32
[32mINFO:[0m [36m output_name.1[0m: /model.13/m.0/cv1/act/Mul_output_0 [36mshape[0m: [1, 32, 16, 16] [36mdtype[0m: float32
[32mINFO:[0m [35mtf_op_type[0m: multiply
[32mINFO:[0m [34m input.1.x[0m: [34mname[0m: tf.math.add_76/Add:0 [34mshape[0m: (1, 16, 16, 32) [34mdtype[0m: <dtype: 'float32'> 
[32mINFO:[0m [34m input.2.y[0m: [34mname[0m: tf.math.sigmoid_36/Sigmoid:0 [34mshape[0m: (1, 16, 16, 32) [34mdtype[0m: <dtype: 'float32'> 
[32mINFO:[0m [34m output.1.output[0m: [34mname[0m: tf.math.multiply_167/Mul:0 [34mshape[0m: (1, 16, 16, 32) [34mdtype[0m: <dtype: 'float32'> 

[32mINFO:[0m [32m156 / 298[0m
[32mINFO:[0m [35monnx_op_type[0m: Conv[35m onnx_op_name[0m: /model.13/m.0/cv2/conv/Conv
[32mINFO:[0m [36m input_name.1[0m: /model.13/m.0/cv1/act/Mul_output_0 [36mshape[0m: [1, 32, 16, 16] [36mdtype[0m: float32
[32mINFO:[0m [36m input_name.2[0m: model.13.m.0.cv2.conv.weight [36mshape[0m: [64, 32, 3, 3] [36mdtype[0m: float32
[32mINFO:[0m [36m input_name.3[0m: model.13.m.0.cv2.conv.bias [36mshape[0m: [64] [36mdtype[0m: float32
[32mINFO:[0m [36m output_name.1[0m: /model.13/m.0/cv2/conv/Conv_output_0 [36mshape[0m: [1, 64, 16, 16] [36mdtype[0m: float32
[32mINFO:[0m [35mtf_op_type[0m: convolution_v2
[32mINFO:[0m [34m input.1.input[0m: [34mname[0m: tf.math.multiply_167/Mul:0 [34mshape[0m: (1, 16, 16, 32) [34mdtype[0m: <dtype: 'float32'> 
[32mINFO:[0m [34m input.2.weights[0m: [34mshape[0m: (3, 3, 32, 64) [34mdtype[0m: <dtype: 'float32'> 
[32mINFO:[0m [34m input.3.bias[0m: [34mshape[0m: (64,) [34mdtype[0m: <dtype: 'float32'> 
[32mINFO:[0m [34m input.4.strides[0m: [34mval[0m: [1, 1] 
[32mINFO:[0m [34m input.5.dilations[0m: [34mval[0m: [1, 1] 
[32mINFO:[0m [34m input.6.padding[0m: [34mval[0m: SAME 
[32mINFO:[0m [34m input.7.group[0m: [34mval[0m: 1 
[32mINFO:[0m [34m output.1.output[0m: [34mname[0m: tf.math.add_77/Add:0 [34mshape[0m: (1, 16, 16, 64) [34mdtype[0m: <dtype: 'float32'> 

[32mINFO:[0m [32m157 / 298[0m
[32mINFO:[0m [35monnx_op_type[0m: Sigmoid[35m onnx_op_name[0m: /model.13/m.0/cv2/act/Sigmoid
[32mINFO:[0m [36m input_name.1[0m: /model.13/m.0/cv2/conv/Conv_output_0 [36mshape[0m: [1, 64, 16, 16] [36mdtype[0m: float32
[32mINFO:[0m [36m output_name.1[0m: /model.13/m.0/cv2/act/Sigmoid_output_0 [36mshape[0m: [1, 64, 16, 16] [36mdtype[0m: float32
[32mINFO:[0m [35mtf_op_type[0m: sigmoid
[32mINFO:[0m [34m input.1.x[0m: [34mname[0m: tf.math.add_77/Add:0 [34mshape[0m: (1, 16, 16, 64) [34mdtype[0m: <dtype: 'float32'> 
[32mINFO:[0m [34m output.1.output[0m: [34mname[0m: tf.math.sigmoid_37/Sigmoid:0 [34mshape[0m: (1, 16, 16, 64) [34mdtype[0m: <dtype: 'float32'> 

[32mINFO:[0m [32m158 / 298[0m
[32mINFO:[0m [35monnx_op_type[0m: Mul[35m onnx_op_name[0m: /model.13/m.0/cv2/act/Mul
[32mINFO:[0m [36m input_name.1[0m: /model.13/m.0/cv2/conv/Conv_output_0 [36mshape[0m: [1, 64, 16, 16] [36mdtype[0m: float32
[32mINFO:[0m [36m input_name.2[0m: /model.13/m.0/cv2/act/Sigmoid_output_0 [36mshape[0m: [1, 64, 16, 16] [36mdtype[0m: float32
[32mINFO:[0m [36m output_name.1[0m: /model.13/m.0/cv2/act/Mul_output_0 [36mshape[0m: [1, 64, 16, 16] [36mdtype[0m: float32
[32mINFO:[0m [35mtf_op_type[0m: multiply
[32mINFO:[0m [34m input.1.x[0m: [34mname[0m: tf.math.add_77/Add:0 [34mshape[0m: (1, 16, 16, 64) [34mdtype[0m: <dtype: 'float32'> 
[32mINFO:[0m [34m input.2.y[0m: [34mname[0m: tf.math.sigmoid_37/Sigmoid:0 [34mshape[0m: (1, 16, 16, 64) [34mdtype[0m: <dtype: 'float32'> 
[32mINFO:[0m [34m output.1.output[0m: [34mname[0m: tf.math.multiply_171/Mul:0 [34mshape[0m: (1, 16, 16, 64) [34mdtype[0m: <dtype: 'float32'> 

[32mINFO:[0m [32m159 / 298[0m
[32mINFO:[0m [35monnx_op_type[0m: Add[35m onnx_op_name[0m: /model.13/m.0/Add
[32mINFO:[0m [36m input_name.1[0m: /model.13/Split_output_1 [36mshape[0m: [1, 64, 16, 16] [36mdtype[0m: float32
[32mINFO:[0m [36m input_name.2[0m: /model.13/m.0/cv2/act/Mul_output_0 [36mshape[0m: [1, 64, 16, 16] [36mdtype[0m: float32
[32mINFO:[0m [36m output_name.1[0m: /model.13/m.0/Add_output_0 [36mshape[0m: [1, 64, 16, 16] [36mdtype[0m: float32
[32mINFO:[0m [35mtf_op_type[0m: add
[32mINFO:[0m [34m input.1.x[0m: [34mname[0m: tf.compat.v1.transpose_778/transpose:0 [34mshape[0m: (1, 64, 16, 16) [34mdtype[0m: <dtype: 'float32'> 
[32mINFO:[0m [34m input.2.y[0m: [34mname[0m: tf.compat.v1.transpose_779/transpose:0 [34mshape[0m: (1, 64, 16, 16) [34mdtype[0m: <dtype: 'float32'> 
[32mINFO:[0m [34m output.1.output[0m: [34mname[0m: tf.math.add_80/Add:0 [34mshape[0m: (1, 64, 16, 16) [34mdtype[0m: <dtype: 'float32'> 

[32mINFO:[0m [32m160 / 298[0m
[32mINFO:[0m [35monnx_op_type[0m: Concat[35m onnx_op_name[0m: /model.13/Concat
[32mINFO:[0m [36m input_name.1[0m: /model.13/Split_output_0 [36mshape[0m: [1, 64, 16, 16] [36mdtype[0m: float32
[32mINFO:[0m [36m input_name.2[0m: /model.13/Split_output_1 [36mshape[0m: [1, 64, 16, 16] [36mdtype[0m: float32
[32mINFO:[0m [36m input_name.3[0m: /model.13/m.0/Add_output_0 [36mshape[0m: [1, 64, 16, 16] [36mdtype[0m: float32
[32mINFO:[0m [36m output_name.1[0m: /model.13/Concat_output_0 [36mshape[0m: [1, 192, 16, 16] [36mdtype[0m: float32
[32mINFO:[0m [35mtf_op_type[0m: concat
[32mINFO:[0m [34m input.1.input0[0m: [34mname[0m: tf.compat.v1.transpose_780/transpose:0 [34mshape[0m: (1, 64, 16, 16) [34mdtype[0m: <dtype: 'float32'> 
[32mINFO:[0m [34m input.2.input1[0m: [34mname[0m: tf.compat.v1.transpose_781/transpose:0 [34mshape[0m: (1, 64, 16, 16) [34mdtype[0m: <dtype: 'float32'> 
[32mINFO:[0m [34m input.3.input2[0m: [34mname[0m: tf.math.add_80/Add:0 [34mshape[0m: (1, 64, 16, 16) [34mdtype[0m: <dtype: 'float32'> 
[32mINFO:[0m [34m input.4.axis[0m: [34mval[0m: 1 
[32mINFO:[0m [34m output.1.output[0m: [34mname[0m: tf.concat_206/concat:0 [34mshape[0m: (1, 192, 16, 16) [34mdtype[0m: <dtype: 'float32'> 

[32mINFO:[0m [32m161 / 298[0m
[32mINFO:[0m [35monnx_op_type[0m: Conv[35m onnx_op_name[0m: /model.13/cv2/conv/Conv
[32mINFO:[0m [36m input_name.1[0m: /model.13/Concat_output_0 [36mshape[0m: [1, 192, 16, 16] [36mdtype[0m: float32
[32mINFO:[0m [36m input_name.2[0m: model.13.cv2.conv.weight [36mshape[0m: [128, 192, 1, 1] [36mdtype[0m: float32
[32mINFO:[0m [36m input_name.3[0m: model.13.cv2.conv.bias [36mshape[0m: [128] [36mdtype[0m: float32
[32mINFO:[0m [36m output_name.1[0m: /model.13/cv2/conv/Conv_output_0 [36mshape[0m: [1, 128, 16, 16] [36mdtype[0m: float32
[32mINFO:[0m [35mtf_op_type[0m: convolution_v2
[32mINFO:[0m [34m input.1.input[0m: [34mname[0m: tf.compat.v1.transpose_782/transpose:0 [34mshape[0m: (1, 16, 16, 192) [34mdtype[0m: <dtype: 'float32'> 
[32mINFO:[0m [34m input.2.weights[0m: [34mshape[0m: (1, 1, 192, 128) [34mdtype[0m: <dtype: 'float32'> 
[32mINFO:[0m [34m input.3.bias[0m: [34mshape[0m: (128,) [34mdtype[0m: <dtype: 'float32'> 
[32mINFO:[0m [34m input.4.strides[0m: [34mval[0m: [1, 1] 
[32mINFO:[0m [34m input.5.dilations[0m: [34mval[0m: [1, 1] 
[32mINFO:[0m [34m input.6.padding[0m: [34mval[0m: SAME 
[32mINFO:[0m [34m input.7.group[0m: [34mval[0m: 1 
[32mINFO:[0m [34m output.1.output[0m: [34mname[0m: tf.math.add_81/Add:0 [34mshape[0m: (1, 16, 16, 128) [34mdtype[0m: <dtype: 'float32'> 

[32mINFO:[0m [32m162 / 298[0m
[32mINFO:[0m [35monnx_op_type[0m: Sigmoid[35m onnx_op_name[0m: /model.13/cv2/act/Sigmoid
[32mINFO:[0m [36m input_name.1[0m: /model.13/cv2/conv/Conv_output_0 [36mshape[0m: [1, 128, 16, 16] [36mdtype[0m: float32
[32mINFO:[0m [36m output_name.1[0m: /model.13/cv2/act/Sigmoid_output_0 [36mshape[0m: [1, 128, 16, 16] [36mdtype[0m: float32
[32mINFO:[0m [35mtf_op_type[0m: sigmoid
[32mINFO:[0m [34m input.1.x[0m: [34mname[0m: tf.math.add_81/Add:0 [34mshape[0m: (1, 16, 16, 128) [34mdtype[0m: <dtype: 'float32'> 
[32mINFO:[0m [34m output.1.output[0m: [34mname[0m: tf.math.sigmoid_38/Sigmoid:0 [34mshape[0m: (1, 16, 16, 128) [34mdtype[0m: <dtype: 'float32'> 

[32mINFO:[0m [32m163 / 298[0m
[32mINFO:[0m [35monnx_op_type[0m: Mul[35m onnx_op_name[0m: /model.13/cv2/act/Mul
[32mINFO:[0m [36m input_name.1[0m: /model.13/cv2/conv/Conv_output_0 [36mshape[0m: [1, 128, 16, 16] [36mdtype[0m: float32
[32mINFO:[0m [36m input_name.2[0m: /model.13/cv2/act/Sigmoid_output_0 [36mshape[0m: [1, 128, 16, 16] [36mdtype[0m: float32
[32mINFO:[0m [36m output_name.1[0m: /model.13/cv2/act/Mul_output_0 [36mshape[0m: [1, 128, 16, 16] [36mdtype[0m: float32
[32mINFO:[0m [35mtf_op_type[0m: multiply
[32mINFO:[0m [34m input.1.x[0m: [34mname[0m: tf.math.add_81/Add:0 [34mshape[0m: (1, 16, 16, 128) [34mdtype[0m: <dtype: 'float32'> 
[32mINFO:[0m [34m input.2.y[0m: [34mname[0m: tf.math.sigmoid_38/Sigmoid:0 [34mshape[0m: (1, 16, 16, 128) [34mdtype[0m: <dtype: 'float32'> 
[32mINFO:[0m [34m output.1.output[0m: [34mname[0m: tf.math.multiply_177/Mul:0 [34mshape[0m: (1, 16, 16, 128) [34mdtype[0m: <dtype: 'float32'> 

[32mINFO:[0m [32m164 / 298[0m
[32mINFO:[0m [35monnx_op_type[0m: Resize[35m onnx_op_name[0m: /model.14/Resize
[32mINFO:[0m [36m input_name.1[0m: /model.13/cv2/act/Mul_output_0 [36mshape[0m: [1, 128, 16, 16] [36mdtype[0m: float32
[32mINFO:[0m [36m input_name.2[0m: /model.11/Constant_1_output_0 [36mshape[0m: (0,) [36mdtype[0m: float32
[32mINFO:[0m [36m input_name.3[0m: /model.11/Constant_output_0 [36mshape[0m: (4,) [36mdtype[0m: float32
[32mINFO:[0m [36m output_name.1[0m: /model.14/Resize_output_0 [36mshape[0m: [1, 128, 32, 32] [36mdtype[0m: float32
[32mINFO:[0m [35mtf_op_type[0m: upsampling2d_nearest
[32mINFO:[0m [34m input.1.images[0m: [34mname[0m: tf.math.multiply_177/Mul:0 [34mshape[0m: (1, 16, 16, 128) [34mdtype[0m: <dtype: 'float32'> 
[32mINFO:[0m [34m input.2.boxes[0m: 
[32mINFO:[0m [34m input.3.box_indices[0m: 
[32mINFO:[0m [34m input.4.new_size/crop_size[0m: [34mval[0m: [32, 32] 
[32mINFO:[0m [34m input.5.method[0m: [34mval[0m: nearest 
[32mINFO:[0m [34m input.6.extrapolation_value[0m: [34mval[0m: 0.0 
[32mINFO:[0m [34m input.7.align_corners[0m: [34mval[0m: False 
[32mINFO:[0m [34m output.1.output[0m: [34mname[0m: tf.compat.v1.image.resize_nearest_neighbor_1/ResizeNearestNeighbor:0 [34mshape[0m: (1, 32, 32, 128) [34mdtype[0m: <dtype: 'float32'> 

[32mINFO:[0m [32m165 / 298[0m
[32mINFO:[0m [35monnx_op_type[0m: Concat[35m onnx_op_name[0m: /model.15/Concat
[32mINFO:[0m [36m input_name.1[0m: /model.14/Resize_output_0 [36mshape[0m: [1, 128, 32, 32] [36mdtype[0m: float32
[32mINFO:[0m [36m input_name.2[0m: /model.4/cv2/act/Mul_output_0 [36mshape[0m: [1, 128, 32, 32] [36mdtype[0m: float32
[32mINFO:[0m [36m output_name.1[0m: /model.15/Concat_output_0 [36mshape[0m: [1, 256, 32, 32] [36mdtype[0m: float32
[32mINFO:[0m [35mtf_op_type[0m: concat
[32mINFO:[0m [34m input.1.input0[0m: [34mname[0m: tf.compat.v1.image.resize_nearest_neighbor_1/ResizeNearestNeighbor:0 [34mshape[0m: (1, 32, 32, 128) [34mdtype[0m: <dtype: 'float32'> 
[32mINFO:[0m [34m input.2.input1[0m: [34mname[0m: tf.math.multiply_47/Mul:0 [34mshape[0m: (1, 32, 32, 128) [34mdtype[0m: <dtype: 'float32'> 
[32mINFO:[0m [34m input.3.axis[0m: [34mval[0m: 3 
[32mINFO:[0m [34m output.1.output[0m: [34mname[0m: tf.concat_207/concat:0 [34mshape[0m: (1, 32, 32, 256) [34mdtype[0m: <dtype: 'float32'> 

[32mINFO:[0m [32m166 / 298[0m
[32mINFO:[0m [35monnx_op_type[0m: Conv[35m onnx_op_name[0m: /model.16/cv1/conv/Conv
[32mINFO:[0m [36m input_name.1[0m: /model.15/Concat_output_0 [36mshape[0m: [1, 256, 32, 32] [36mdtype[0m: float32
[32mINFO:[0m [36m input_name.2[0m: model.16.cv1.conv.weight [36mshape[0m: [64, 256, 1, 1] [36mdtype[0m: float32
[32mINFO:[0m [36m input_name.3[0m: model.16.cv1.conv.bias [36mshape[0m: [64] [36mdtype[0m: float32
[32mINFO:[0m [36m output_name.1[0m: /model.16/cv1/conv/Conv_output_0 [36mshape[0m: [1, 64, 32, 32] [36mdtype[0m: float32
[32mINFO:[0m [35mtf_op_type[0m: convolution_v2
[32mINFO:[0m [34m input.1.input[0m: [34mname[0m: tf.concat_207/concat:0 [34mshape[0m: (1, 32, 32, 256) [34mdtype[0m: <dtype: 'float32'> 
[32mINFO:[0m [34m input.2.weights[0m: [34mshape[0m: (1, 1, 256, 64) [34mdtype[0m: <dtype: 'float32'> 
[32mINFO:[0m [34m input.3.bias[0m: [34mshape[0m: (64,) [34mdtype[0m: <dtype: 'float32'> 
[32mINFO:[0m [34m input.4.strides[0m: [34mval[0m: [1, 1] 
[32mINFO:[0m [34m input.5.dilations[0m: [34mval[0m: [1, 1] 
[32mINFO:[0m [34m input.6.padding[0m: [34mval[0m: SAME 
[32mINFO:[0m [34m input.7.group[0m: [34mval[0m: 1 
[32mINFO:[0m [34m output.1.output[0m: [34mname[0m: tf.math.add_82/Add:0 [34mshape[0m: (1, 32, 32, 64) [34mdtype[0m: <dtype: 'float32'> 

[32mINFO:[0m [32m167 / 298[0m
[32mINFO:[0m [35monnx_op_type[0m: Sigmoid[35m onnx_op_name[0m: /model.16/cv1/act/Sigmoid
[32mINFO:[0m [36m input_name.1[0m: /model.16/cv1/conv/Conv_output_0 [36mshape[0m: [1, 64, 32, 32] [36mdtype[0m: float32
[32mINFO:[0m [36m output_name.1[0m: /model.16/cv1/act/Sigmoid_output_0 [36mshape[0m: [1, 64, 32, 32] [36mdtype[0m: float32
[32mINFO:[0m [35mtf_op_type[0m: sigmoid
[32mINFO:[0m [34m input.1.x[0m: [34mname[0m: tf.math.add_82/Add:0 [34mshape[0m: (1, 32, 32, 64) [34mdtype[0m: <dtype: 'float32'> 
[32mINFO:[0m [34m output.1.output[0m: [34mname[0m: tf.math.sigmoid_39/Sigmoid:0 [34mshape[0m: (1, 32, 32, 64) [34mdtype[0m: <dtype: 'float32'> 

[32mINFO:[0m [32m168 / 298[0m
[32mINFO:[0m [35monnx_op_type[0m: Mul[35m onnx_op_name[0m: /model.16/cv1/act/Mul
[32mINFO:[0m [36m input_name.1[0m: /model.16/cv1/conv/Conv_output_0 [36mshape[0m: [1, 64, 32, 32] [36mdtype[0m: float32
[32mINFO:[0m [36m input_name.2[0m: /model.16/cv1/act/Sigmoid_output_0 [36mshape[0m: [1, 64, 32, 32] [36mdtype[0m: float32
[32mINFO:[0m [36m output_name.1[0m: /model.16/cv1/act/Mul_output_0 [36mshape[0m: [1, 64, 32, 32] [36mdtype[0m: float32
[32mINFO:[0m [35mtf_op_type[0m: multiply
[32mINFO:[0m [34m input.1.x[0m: [34mname[0m: tf.math.add_82/Add:0 [34mshape[0m: (1, 32, 32, 64) [34mdtype[0m: <dtype: 'float32'> 
[32mINFO:[0m [34m input.2.y[0m: [34mname[0m: tf.math.sigmoid_39/Sigmoid:0 [34mshape[0m: (1, 32, 32, 64) [34mdtype[0m: <dtype: 'float32'> 
[32mINFO:[0m [34m output.1.output[0m: [34mname[0m: tf.math.multiply_181/Mul:0 [34mshape[0m: (1, 32, 32, 64) [34mdtype[0m: <dtype: 'float32'> 

[32mINFO:[0m [32m169 / 298[0m
[32mINFO:[0m [35monnx_op_type[0m: Split[35m onnx_op_name[0m: /model.16/Split
[32mINFO:[0m [36m input_name.1[0m: /model.16/cv1/act/Mul_output_0 [36mshape[0m: [1, 64, 32, 32] [36mdtype[0m: float32
[32mINFO:[0m [36m output_name.1[0m: /model.16/Split_output_0 [36mshape[0m: [1, 32, 32, 32] [36mdtype[0m: float32
[32mINFO:[0m [36m output_name.2[0m: /model.16/Split_output_1 [36mshape[0m: [1, 32, 32, 32] [36mdtype[0m: float32
[32mINFO:[0m [35mtf_op_type[0m: split
[32mINFO:[0m [34m input.1.value[0m: [34mname[0m: tf.math.multiply_181/Mul:0 [34mshape[0m: (1, 32, 32, 64) [34mdtype[0m: <dtype: 'float32'> 
[32mINFO:[0m [34m input.2.num_or_size_splits[0m: [34mval[0m: [32, 32] 
[32mINFO:[0m [34m input.3.axis[0m: [34mval[0m: 3 
[32mINFO:[0m [34m input.4.num[0m: 
[32mINFO:[0m [34m output.1.output0[0m: [34mname[0m: tf.split_6/split:0 [34mshape[0m: (1, 32, 32, 32) [34mdtype[0m: <dtype: 'float32'> 
[32mINFO:[0m [34m output.2.output1[0m: [34mname[0m: tf.split_6/split:1 [34mshape[0m: (1, 32, 32, 32) [34mdtype[0m: <dtype: 'float32'> 

[32mINFO:[0m [32m170 / 298[0m
[32mINFO:[0m [35monnx_op_type[0m: Conv[35m onnx_op_name[0m: /model.16/m.0/cv1/conv/Conv
[32mINFO:[0m [36m input_name.1[0m: /model.16/Split_output_1 [36mshape[0m: [1, 32, 32, 32] [36mdtype[0m: float32
[32mINFO:[0m [36m input_name.2[0m: model.16.m.0.cv1.conv.weight [36mshape[0m: [16, 32, 3, 3] [36mdtype[0m: float32
[32mINFO:[0m [36m input_name.3[0m: model.16.m.0.cv1.conv.bias [36mshape[0m: [16] [36mdtype[0m: float32
[32mINFO:[0m [36m output_name.1[0m: /model.16/m.0/cv1/conv/Conv_output_0 [36mshape[0m: [1, 16, 32, 32] [36mdtype[0m: float32
[32mINFO:[0m [35mtf_op_type[0m: convolution_v2
[32mINFO:[0m [34m input.1.input[0m: [34mname[0m: tf.compat.v1.transpose_785/transpose:0 [34mshape[0m: (1, 32, 32, 32) [34mdtype[0m: <dtype: 'float32'> 
[32mINFO:[0m [34m input.2.weights[0m: [34mshape[0m: (3, 3, 32, 16) [34mdtype[0m: <dtype: 'float32'> 
[32mINFO:[0m [34m input.3.bias[0m: [34mshape[0m: (16,) [34mdtype[0m: <dtype: 'float32'> 
[32mINFO:[0m [34m input.4.strides[0m: [34mval[0m: [1, 1] 
[32mINFO:[0m [34m input.5.dilations[0m: [34mval[0m: [1, 1] 
[32mINFO:[0m [34m input.6.padding[0m: [34mval[0m: SAME 
[32mINFO:[0m [34m input.7.group[0m: [34mval[0m: 1 
[32mINFO:[0m [34m output.1.output[0m: [34mname[0m: tf.math.add_85/Add:0 [34mshape[0m: (1, 32, 32, 16) [34mdtype[0m: <dtype: 'float32'> 

[32mINFO:[0m [32m171 / 298[0m
[32mINFO:[0m [35monnx_op_type[0m: Sigmoid[35m onnx_op_name[0m: /model.16/m.0/cv1/act/Sigmoid
[32mINFO:[0m [36m input_name.1[0m: /model.16/m.0/cv1/conv/Conv_output_0 [36mshape[0m: [1, 16, 32, 32] [36mdtype[0m: float32
[32mINFO:[0m [36m output_name.1[0m: /model.16/m.0/cv1/act/Sigmoid_output_0 [36mshape[0m: [1, 16, 32, 32] [36mdtype[0m: float32
[32mINFO:[0m [35mtf_op_type[0m: sigmoid
[32mINFO:[0m [34m input.1.x[0m: [34mname[0m: tf.math.add_85/Add:0 [34mshape[0m: (1, 32, 32, 16) [34mdtype[0m: <dtype: 'float32'> 
[32mINFO:[0m [34m output.1.output[0m: [34mname[0m: tf.math.sigmoid_40/Sigmoid:0 [34mshape[0m: (1, 32, 32, 16) [34mdtype[0m: <dtype: 'float32'> 

[32mINFO:[0m [32m172 / 298[0m
[32mINFO:[0m [35monnx_op_type[0m: Mul[35m onnx_op_name[0m: /model.16/m.0/cv1/act/Mul
[32mINFO:[0m [36m input_name.1[0m: /model.16/m.0/cv1/conv/Conv_output_0 [36mshape[0m: [1, 16, 32, 32] [36mdtype[0m: float32
[32mINFO:[0m [36m input_name.2[0m: /model.16/m.0/cv1/act/Sigmoid_output_0 [36mshape[0m: [1, 16, 32, 32] [36mdtype[0m: float32
[32mINFO:[0m [36m output_name.1[0m: /model.16/m.0/cv1/act/Mul_output_0 [36mshape[0m: [1, 16, 32, 32] [36mdtype[0m: float32
[32mINFO:[0m [35mtf_op_type[0m: multiply
[32mINFO:[0m [34m input.1.x[0m: [34mname[0m: tf.math.add_85/Add:0 [34mshape[0m: (1, 32, 32, 16) [34mdtype[0m: <dtype: 'float32'> 
[32mINFO:[0m [34m input.2.y[0m: [34mname[0m: tf.math.sigmoid_40/Sigmoid:0 [34mshape[0m: (1, 32, 32, 16) [34mdtype[0m: <dtype: 'float32'> 
[32mINFO:[0m [34m output.1.output[0m: [34mname[0m: tf.math.multiply_185/Mul:0 [34mshape[0m: (1, 32, 32, 16) [34mdtype[0m: <dtype: 'float32'> 

[32mINFO:[0m [32m173 / 298[0m
[32mINFO:[0m [35monnx_op_type[0m: Conv[35m onnx_op_name[0m: /model.16/m.0/cv2/conv/Conv
[32mINFO:[0m [36m input_name.1[0m: /model.16/m.0/cv1/act/Mul_output_0 [36mshape[0m: [1, 16, 32, 32] [36mdtype[0m: float32
[32mINFO:[0m [36m input_name.2[0m: model.16.m.0.cv2.conv.weight [36mshape[0m: [32, 16, 3, 3] [36mdtype[0m: float32
[32mINFO:[0m [36m input_name.3[0m: model.16.m.0.cv2.conv.bias [36mshape[0m: [32] [36mdtype[0m: float32
[32mINFO:[0m [36m output_name.1[0m: /model.16/m.0/cv2/conv/Conv_output_0 [36mshape[0m: [1, 32, 32, 32] [36mdtype[0m: float32
[32mINFO:[0m [35mtf_op_type[0m: convolution_v2
[32mINFO:[0m [34m input.1.input[0m: [34mname[0m: tf.math.multiply_185/Mul:0 [34mshape[0m: (1, 32, 32, 16) [34mdtype[0m: <dtype: 'float32'> 
[32mINFO:[0m [34m input.2.weights[0m: [34mshape[0m: (3, 3, 16, 32) [34mdtype[0m: <dtype: 'float32'> 
[32mINFO:[0m [34m input.3.bias[0m: [34mshape[0m: (32,) [34mdtype[0m: <dtype: 'float32'> 
[32mINFO:[0m [34m input.4.strides[0m: [34mval[0m: [1, 1] 
[32mINFO:[0m [34m input.5.dilations[0m: [34mval[0m: [1, 1] 
[32mINFO:[0m [34m input.6.padding[0m: [34mval[0m: SAME 
[32mINFO:[0m [34m input.7.group[0m: [34mval[0m: 1 
[32mINFO:[0m [34m output.1.output[0m: [34mname[0m: tf.math.add_86/Add:0 [34mshape[0m: (1, 32, 32, 32) [34mdtype[0m: <dtype: 'float32'> 

[32mINFO:[0m [32m174 / 298[0m
[32mINFO:[0m [35monnx_op_type[0m: Sigmoid[35m onnx_op_name[0m: /model.16/m.0/cv2/act/Sigmoid
[32mINFO:[0m [36m input_name.1[0m: /model.16/m.0/cv2/conv/Conv_output_0 [36mshape[0m: [1, 32, 32, 32] [36mdtype[0m: float32
[32mINFO:[0m [36m output_name.1[0m: /model.16/m.0/cv2/act/Sigmoid_output_0 [36mshape[0m: [1, 32, 32, 32] [36mdtype[0m: float32
[32mINFO:[0m [35mtf_op_type[0m: sigmoid
[32mINFO:[0m [34m input.1.x[0m: [34mname[0m: tf.math.add_86/Add:0 [34mshape[0m: (1, 32, 32, 32) [34mdtype[0m: <dtype: 'float32'> 
[32mINFO:[0m [34m output.1.output[0m: [34mname[0m: tf.math.sigmoid_41/Sigmoid:0 [34mshape[0m: (1, 32, 32, 32) [34mdtype[0m: <dtype: 'float32'> 

[32mINFO:[0m [32m175 / 298[0m
[32mINFO:[0m [35monnx_op_type[0m: Mul[35m onnx_op_name[0m: /model.16/m.0/cv2/act/Mul
[32mINFO:[0m [36m input_name.1[0m: /model.16/m.0/cv2/conv/Conv_output_0 [36mshape[0m: [1, 32, 32, 32] [36mdtype[0m: float32
[32mINFO:[0m [36m input_name.2[0m: /model.16/m.0/cv2/act/Sigmoid_output_0 [36mshape[0m: [1, 32, 32, 32] [36mdtype[0m: float32
[32mINFO:[0m [36m output_name.1[0m: /model.16/m.0/cv2/act/Mul_output_0 [36mshape[0m: [1, 32, 32, 32] [36mdtype[0m: float32
[32mINFO:[0m [35mtf_op_type[0m: multiply
[32mINFO:[0m [34m input.1.x[0m: [34mname[0m: tf.compat.v1.transpose_788/transpose:0 [34mshape[0m: (1, 32, 32, 32) [34mdtype[0m: <dtype: 'float32'> 
[32mINFO:[0m [34m input.2.y[0m: [34mname[0m: tf.compat.v1.transpose_789/transpose:0 [34mshape[0m: (1, 32, 32, 32) [34mdtype[0m: <dtype: 'float32'> 
[32mINFO:[0m [34m output.1.output[0m: [34mname[0m: tf.math.multiply_189/Mul:0 [34mshape[0m: (1, 32, 32, 32) [34mdtype[0m: <dtype: 'float32'> 

[32mINFO:[0m [32m176 / 298[0m
[32mINFO:[0m [35monnx_op_type[0m: Add[35m onnx_op_name[0m: /model.16/m.0/Add
[32mINFO:[0m [36m input_name.1[0m: /model.16/Split_output_1 [36mshape[0m: [1, 32, 32, 32] [36mdtype[0m: float32
[32mINFO:[0m [36m input_name.2[0m: /model.16/m.0/cv2/act/Mul_output_0 [36mshape[0m: [1, 32, 32, 32] [36mdtype[0m: float32
[32mINFO:[0m [36m output_name.1[0m: /model.16/m.0/Add_output_0 [36mshape[0m: [1, 32, 32, 32] [36mdtype[0m: float32
[32mINFO:[0m [35mtf_op_type[0m: add
[32mINFO:[0m [34m input.1.x[0m: [34mname[0m: tf.compat.v1.transpose_791/transpose:0 [34mshape[0m: (1, 32, 32, 32) [34mdtype[0m: <dtype: 'float32'> 
[32mINFO:[0m [34m input.2.y[0m: [34mname[0m: tf.compat.v1.transpose_792/transpose:0 [34mshape[0m: (1, 32, 32, 32) [34mdtype[0m: <dtype: 'float32'> 
[32mINFO:[0m [34m output.1.output[0m: [34mname[0m: tf.math.add_88/Add:0 [34mshape[0m: (1, 32, 32, 32) [34mdtype[0m: <dtype: 'float32'> 

[32mINFO:[0m [32m177 / 298[0m
[32mINFO:[0m [35monnx_op_type[0m: Concat[35m onnx_op_name[0m: /model.16/Concat
[32mINFO:[0m [36m input_name.1[0m: /model.16/Split_output_0 [36mshape[0m: [1, 32, 32, 32] [36mdtype[0m: float32
[32mINFO:[0m [36m input_name.2[0m: /model.16/Split_output_1 [36mshape[0m: [1, 32, 32, 32] [36mdtype[0m: float32
[32mINFO:[0m [36m input_name.3[0m: /model.16/m.0/Add_output_0 [36mshape[0m: [1, 32, 32, 32] [36mdtype[0m: float32
[32mINFO:[0m [36m output_name.1[0m: /model.16/Concat_output_0 [36mshape[0m: [1, 96, 32, 32] [36mdtype[0m: float32
[32mINFO:[0m [35mtf_op_type[0m: concat
[32mINFO:[0m [34m input.1.input0[0m: [34mname[0m: tf.split_6/split:0 [34mshape[0m: (1, 32, 32, 32) [34mdtype[0m: <dtype: 'float32'> 
[32mINFO:[0m [34m input.2.input1[0m: [34mname[0m: tf.split_6/split:1 [34mshape[0m: (1, 32, 32, 32) [34mdtype[0m: <dtype: 'float32'> 
[32mINFO:[0m [34m input.3.input2[0m: [34mname[0m: tf.math.add_88/Add:0 [34mshape[0m: (1, 32, 32, 32) [34mdtype[0m: <dtype: 'float32'> 
[32mINFO:[0m [34m input.4.axis[0m: [34mval[0m: 3 
[32mINFO:[0m [34m output.1.output[0m: [34mname[0m: tf.concat_208/concat:0 [34mshape[0m: (1, 32, 32, 96) [34mdtype[0m: <dtype: 'float32'> 

[32mINFO:[0m [32m178 / 298[0m
[32mINFO:[0m [35monnx_op_type[0m: Conv[35m onnx_op_name[0m: /model.16/cv2/conv/Conv
[32mINFO:[0m [36m input_name.1[0m: /model.16/Concat_output_0 [36mshape[0m: [1, 96, 32, 32] [36mdtype[0m: float32
[32mINFO:[0m [36m input_name.2[0m: model.16.cv2.conv.weight [36mshape[0m: [64, 96, 1, 1] [36mdtype[0m: float32
[32mINFO:[0m [36m input_name.3[0m: model.16.cv2.conv.bias [36mshape[0m: [64] [36mdtype[0m: float32
[32mINFO:[0m [36m output_name.1[0m: /model.16/cv2/conv/Conv_output_0 [36mshape[0m: [1, 64, 32, 32] [36mdtype[0m: float32
[32mINFO:[0m [35mtf_op_type[0m: convolution_v2
[32mINFO:[0m [34m input.1.input[0m: [34mname[0m: tf.concat_208/concat:0 [34mshape[0m: (1, 32, 32, 96) [34mdtype[0m: <dtype: 'float32'> 
[32mINFO:[0m [34m input.2.weights[0m: [34mshape[0m: (1, 1, 96, 64) [34mdtype[0m: <dtype: 'float32'> 
[32mINFO:[0m [34m input.3.bias[0m: [34mshape[0m: (64,) [34mdtype[0m: <dtype: 'float32'> 
[32mINFO:[0m [34m input.4.strides[0m: [34mval[0m: [1, 1] 
[32mINFO:[0m [34m input.5.dilations[0m: [34mval[0m: [1, 1] 
[32mINFO:[0m [34m input.6.padding[0m: [34mval[0m: SAME 
[32mINFO:[0m [34m input.7.group[0m: [34mval[0m: 1 
[32mINFO:[0m [34m output.1.output[0m: [34mname[0m: tf.math.add_89/Add:0 [34mshape[0m: (1, 32, 32, 64) [34mdtype[0m: <dtype: 'float32'> 

[32mINFO:[0m [32m179 / 298[0m
[32mINFO:[0m [35monnx_op_type[0m: Sigmoid[35m onnx_op_name[0m: /model.16/cv2/act/Sigmoid
[32mINFO:[0m [36m input_name.1[0m: /model.16/cv2/conv/Conv_output_0 [36mshape[0m: [1, 64, 32, 32] [36mdtype[0m: float32
[32mINFO:[0m [36m output_name.1[0m: /model.16/cv2/act/Sigmoid_output_0 [36mshape[0m: [1, 64, 32, 32] [36mdtype[0m: float32
[32mINFO:[0m [35mtf_op_type[0m: sigmoid
[32mINFO:[0m [34m input.1.x[0m: [34mname[0m: tf.math.add_89/Add:0 [34mshape[0m: (1, 32, 32, 64) [34mdtype[0m: <dtype: 'float32'> 
[32mINFO:[0m [34m output.1.output[0m: [34mname[0m: tf.math.sigmoid_42/Sigmoid:0 [34mshape[0m: (1, 32, 32, 64) [34mdtype[0m: <dtype: 'float32'> 

[32mINFO:[0m [32m180 / 298[0m
[32mINFO:[0m [35monnx_op_type[0m: Mul[35m onnx_op_name[0m: /model.16/cv2/act/Mul
[32mINFO:[0m [36m input_name.1[0m: /model.16/cv2/conv/Conv_output_0 [36mshape[0m: [1, 64, 32, 32] [36mdtype[0m: float32
[32mINFO:[0m [36m input_name.2[0m: /model.16/cv2/act/Sigmoid_output_0 [36mshape[0m: [1, 64, 32, 32] [36mdtype[0m: float32
[32mINFO:[0m [36m output_name.1[0m: /model.16/cv2/act/Mul_output_0 [36mshape[0m: [1, 64, 32, 32] [36mdtype[0m: float32
[32mINFO:[0m [35mtf_op_type[0m: multiply
[32mINFO:[0m [34m input.1.x[0m: [34mname[0m: tf.math.add_89/Add:0 [34mshape[0m: (1, 32, 32, 64) [34mdtype[0m: <dtype: 'float32'> 
[32mINFO:[0m [34m input.2.y[0m: [34mname[0m: tf.math.sigmoid_42/Sigmoid:0 [34mshape[0m: (1, 32, 32, 64) [34mdtype[0m: <dtype: 'float32'> 
[32mINFO:[0m [34m output.1.output[0m: [34mname[0m: tf.math.multiply_195/Mul:0 [34mshape[0m: (1, 32, 32, 64) [34mdtype[0m: <dtype: 'float32'> 

[32mINFO:[0m [32m181 / 298[0m
[32mINFO:[0m [35monnx_op_type[0m: Conv[35m onnx_op_name[0m: /model.17/conv/Conv
[32mINFO:[0m [36m input_name.1[0m: /model.16/cv2/act/Mul_output_0 [36mshape[0m: [1, 64, 32, 32] [36mdtype[0m: float32
[32mINFO:[0m [36m input_name.2[0m: model.17.conv.weight [36mshape[0m: [64, 64, 3, 3] [36mdtype[0m: float32
[32mINFO:[0m [36m input_name.3[0m: model.17.conv.bias [36mshape[0m: [64] [36mdtype[0m: float32
[32mINFO:[0m [36m output_name.1[0m: /model.17/conv/Conv_output_0 [36mshape[0m: [1, 64, 16, 16] [36mdtype[0m: float32
[32mINFO:[0m [35mtf_op_type[0m: convolution_v2
[32mINFO:[0m [34m input.1.input[0m: [34mname[0m: tf.compat.v1.pad_5/Pad:0 [34mshape[0m: (1, 34, 34, 64) [34mdtype[0m: <dtype: 'float32'> 
[32mINFO:[0m [34m input.2.weights[0m: [34mshape[0m: (3, 3, 64, 64) [34mdtype[0m: <dtype: 'float32'> 
[32mINFO:[0m [34m input.3.bias[0m: [34mshape[0m: (64,) [34mdtype[0m: <dtype: 'float32'> 
[32mINFO:[0m [34m input.4.strides[0m: [34mval[0m: [2, 2] 
[32mINFO:[0m [34m input.5.dilations[0m: [34mval[0m: [1, 1] 
[32mINFO:[0m [34m input.6.padding[0m: [34mval[0m: VALID 
[32mINFO:[0m [34m input.7.group[0m: [34mval[0m: 1 
[32mINFO:[0m [34m output.1.output[0m: [34mname[0m: tf.math.add_90/Add:0 [34mshape[0m: (1, 16, 16, 64) [34mdtype[0m: <dtype: 'float32'> 

[32mINFO:[0m [32m182 / 298[0m
[32mINFO:[0m [35monnx_op_type[0m: Conv[35m onnx_op_name[0m: /model.23/cv2.0/cv2.0.0/conv/Conv
[32mINFO:[0m [36m input_name.1[0m: /model.16/cv2/act/Mul_output_0 [36mshape[0m: [1, 64, 32, 32] [36mdtype[0m: float32
[32mINFO:[0m [36m input_name.2[0m: model.23.cv2.0.0.conv.weight [36mshape[0m: [64, 64, 3, 3] [36mdtype[0m: float32
[32mINFO:[0m [36m input_name.3[0m: model.23.cv2.0.0.conv.bias [36mshape[0m: [64] [36mdtype[0m: float32
[32mINFO:[0m [36m output_name.1[0m: /model.23/cv2.0/cv2.0.0/conv/Conv_output_0 [36mshape[0m: [1, 64, 32, 32] [36mdtype[0m: float32
[32mINFO:[0m [35mtf_op_type[0m: convolution_v2
[32mINFO:[0m [34m input.1.input[0m: [34mname[0m: tf.math.multiply_195/Mul:0 [34mshape[0m: (1, 32, 32, 64) [34mdtype[0m: <dtype: 'float32'> 
[32mINFO:[0m [34m input.2.weights[0m: [34mshape[0m: (3, 3, 64, 64) [34mdtype[0m: <dtype: 'float32'> 
[32mINFO:[0m [34m input.3.bias[0m: [34mshape[0m: (64,) [34mdtype[0m: <dtype: 'float32'> 
[32mINFO:[0m [34m input.4.strides[0m: [34mval[0m: [1, 1] 
[32mINFO:[0m [34m input.5.dilations[0m: [34mval[0m: [1, 1] 
[32mINFO:[0m [34m input.6.padding[0m: [34mval[0m: SAME 
[32mINFO:[0m [34m input.7.group[0m: [34mval[0m: 1 
[32mINFO:[0m [34m output.1.output[0m: [34mname[0m: tf.math.add_91/Add:0 [34mshape[0m: (1, 32, 32, 64) [34mdtype[0m: <dtype: 'float32'> 

[32mINFO:[0m [32m183 / 298[0m
[32mINFO:[0m [35monnx_op_type[0m: Conv[35m onnx_op_name[0m: /model.23/cv3.0/cv3.0.0/cv3.0.0.0/conv/Conv
[32mINFO:[0m [36m input_name.1[0m: /model.16/cv2/act/Mul_output_0 [36mshape[0m: [1, 64, 32, 32] [36mdtype[0m: float32
[32mINFO:[0m [36m input_name.2[0m: model.23.cv3.0.0.0.conv.weight [36mshape[0m: [64, 1, 3, 3] [36mdtype[0m: float32
[32mINFO:[0m [36m input_name.3[0m: model.23.cv3.0.0.0.conv.bias [36mshape[0m: [64] [36mdtype[0m: float32
[32mINFO:[0m [36m output_name.1[0m: /model.23/cv3.0/cv3.0.0/cv3.0.0.0/conv/Conv_output_0 [36mshape[0m: [1, 64, 32, 32] [36mdtype[0m: float32
[32mINFO:[0m [35mtf_op_type[0m: depthwise_conv2d_v2
[32mINFO:[0m [34m input.1.input[0m: [34mname[0m: tf.math.multiply_195/Mul:0 [34mshape[0m: (1, 32, 32, 64) [34mdtype[0m: <dtype: 'float32'> 
[32mINFO:[0m [34m input.2.weights[0m: [34mshape[0m: (3, 3, 64, 1) [34mdtype[0m: <dtype: 'float32'> 
[32mINFO:[0m [34m input.3.bias[0m: [34mshape[0m: (64,) [34mdtype[0m: <dtype: 'float32'> 
[32mINFO:[0m [34m input.4.strides[0m: [34mval[0m: [1, 1, 1, 1] 
[32mINFO:[0m [34m input.5.dilations[0m: [34mval[0m: [1, 1] 
[32mINFO:[0m [34m input.6.padding[0m: [34mval[0m: SAME 
[32mINFO:[0m [34m input.7.group[0m: [34mval[0m: 64 
[32mINFO:[0m [34m output.1.output[0m: [34mname[0m: tf.math.add_92/Add:0 [34mshape[0m: (1, 32, 32, 64) [34mdtype[0m: <dtype: 'float32'> 

[32mINFO:[0m [32m184 / 298[0m
[32mINFO:[0m [35monnx_op_type[0m: Sigmoid[35m onnx_op_name[0m: /model.17/act/Sigmoid
[32mINFO:[0m [36m input_name.1[0m: /model.17/conv/Conv_output_0 [36mshape[0m: [1, 64, 16, 16] [36mdtype[0m: float32
[32mINFO:[0m [36m output_name.1[0m: /model.17/act/Sigmoid_output_0 [36mshape[0m: [1, 64, 16, 16] [36mdtype[0m: float32
[32mINFO:[0m [35mtf_op_type[0m: sigmoid
[32mINFO:[0m [34m input.1.x[0m: [34mname[0m: tf.math.add_90/Add:0 [34mshape[0m: (1, 16, 16, 64) [34mdtype[0m: <dtype: 'float32'> 
[32mINFO:[0m [34m output.1.output[0m: [34mname[0m: tf.math.sigmoid_43/Sigmoid:0 [34mshape[0m: (1, 16, 16, 64) [34mdtype[0m: <dtype: 'float32'> 

[32mINFO:[0m [32m185 / 298[0m
[32mINFO:[0m [35monnx_op_type[0m: Sigmoid[35m onnx_op_name[0m: /model.23/cv2.0/cv2.0.0/act/Sigmoid
[32mINFO:[0m [36m input_name.1[0m: /model.23/cv2.0/cv2.0.0/conv/Conv_output_0 [36mshape[0m: [1, 64, 32, 32] [36mdtype[0m: float32
[32mINFO:[0m [36m output_name.1[0m: /model.23/cv2.0/cv2.0.0/act/Sigmoid_output_0 [36mshape[0m: [1, 64, 32, 32] [36mdtype[0m: float32
[32mINFO:[0m [35mtf_op_type[0m: sigmoid
[32mINFO:[0m [34m input.1.x[0m: [34mname[0m: tf.math.add_91/Add:0 [34mshape[0m: (1, 32, 32, 64) [34mdtype[0m: <dtype: 'float32'> 
[32mINFO:[0m [34m output.1.output[0m: [34mname[0m: tf.math.sigmoid_44/Sigmoid:0 [34mshape[0m: (1, 32, 32, 64) [34mdtype[0m: <dtype: 'float32'> 

[32mINFO:[0m [32m186 / 298[0m
[32mINFO:[0m [35monnx_op_type[0m: Sigmoid[35m onnx_op_name[0m: /model.23/cv3.0/cv3.0.0/cv3.0.0.0/act/Sigmoid
[32mINFO:[0m [36m input_name.1[0m: /model.23/cv3.0/cv3.0.0/cv3.0.0.0/conv/Conv_output_0 [36mshape[0m: [1, 64, 32, 32] [36mdtype[0m: float32
[32mINFO:[0m [36m output_name.1[0m: /model.23/cv3.0/cv3.0.0/cv3.0.0.0/act/Sigmoid_output_0 [36mshape[0m: [1, 64, 32, 32] [36mdtype[0m: float32
[32mINFO:[0m [35mtf_op_type[0m: sigmoid
[32mINFO:[0m [34m input.1.x[0m: [34mname[0m: tf.math.add_92/Add:0 [34mshape[0m: (1, 32, 32, 64) [34mdtype[0m: <dtype: 'float32'> 
[32mINFO:[0m [34m output.1.output[0m: [34mname[0m: tf.math.sigmoid_45/Sigmoid:0 [34mshape[0m: (1, 32, 32, 64) [34mdtype[0m: <dtype: 'float32'> 

[32mINFO:[0m [32m187 / 298[0m
[32mINFO:[0m [35monnx_op_type[0m: Mul[35m onnx_op_name[0m: /model.17/act/Mul
[32mINFO:[0m [36m input_name.1[0m: /model.17/conv/Conv_output_0 [36mshape[0m: [1, 64, 16, 16] [36mdtype[0m: float32
[32mINFO:[0m [36m input_name.2[0m: /model.17/act/Sigmoid_output_0 [36mshape[0m: [1, 64, 16, 16] [36mdtype[0m: float32
[32mINFO:[0m [36m output_name.1[0m: /model.17/act/Mul_output_0 [36mshape[0m: [1, 64, 16, 16] [36mdtype[0m: float32
[32mINFO:[0m [35mtf_op_type[0m: multiply
[32mINFO:[0m [34m input.1.x[0m: [34mname[0m: tf.math.add_90/Add:0 [34mshape[0m: (1, 16, 16, 64) [34mdtype[0m: <dtype: 'float32'> 
[32mINFO:[0m [34m input.2.y[0m: [34mname[0m: tf.math.sigmoid_43/Sigmoid:0 [34mshape[0m: (1, 16, 16, 64) [34mdtype[0m: <dtype: 'float32'> 
[32mINFO:[0m [34m output.1.output[0m: [34mname[0m: tf.math.multiply_199/Mul:0 [34mshape[0m: (1, 16, 16, 64) [34mdtype[0m: <dtype: 'float32'> 

[32mINFO:[0m [32m188 / 298[0m
[32mINFO:[0m [35monnx_op_type[0m: Mul[35m onnx_op_name[0m: /model.23/cv2.0/cv2.0.0/act/Mul
[32mINFO:[0m [36m input_name.1[0m: /model.23/cv2.0/cv2.0.0/conv/Conv_output_0 [36mshape[0m: [1, 64, 32, 32] [36mdtype[0m: float32
[32mINFO:[0m [36m input_name.2[0m: /model.23/cv2.0/cv2.0.0/act/Sigmoid_output_0 [36mshape[0m: [1, 64, 32, 32] [36mdtype[0m: float32
[32mINFO:[0m [36m output_name.1[0m: /model.23/cv2.0/cv2.0.0/act/Mul_output_0 [36mshape[0m: [1, 64, 32, 32] [36mdtype[0m: float32
[32mINFO:[0m [35mtf_op_type[0m: multiply
[32mINFO:[0m [34m input.1.x[0m: [34mname[0m: tf.math.add_91/Add:0 [34mshape[0m: (1, 32, 32, 64) [34mdtype[0m: <dtype: 'float32'> 
[32mINFO:[0m [34m input.2.y[0m: [34mname[0m: tf.math.sigmoid_44/Sigmoid:0 [34mshape[0m: (1, 32, 32, 64) [34mdtype[0m: <dtype: 'float32'> 
[32mINFO:[0m [34m output.1.output[0m: [34mname[0m: tf.math.multiply_203/Mul:0 [34mshape[0m: (1, 32, 32, 64) [34mdtype[0m: <dtype: 'float32'> 

[32mINFO:[0m [32m189 / 298[0m
[32mINFO:[0m [35monnx_op_type[0m: Mul[35m onnx_op_name[0m: /model.23/cv3.0/cv3.0.0/cv3.0.0.0/act/Mul
[32mINFO:[0m [36m input_name.1[0m: /model.23/cv3.0/cv3.0.0/cv3.0.0.0/conv/Conv_output_0 [36mshape[0m: [1, 64, 32, 32] [36mdtype[0m: float32
[32mINFO:[0m [36m input_name.2[0m: /model.23/cv3.0/cv3.0.0/cv3.0.0.0/act/Sigmoid_output_0 [36mshape[0m: [1, 64, 32, 32] [36mdtype[0m: float32
[32mINFO:[0m [36m output_name.1[0m: /model.23/cv3.0/cv3.0.0/cv3.0.0.0/act/Mul_output_0 [36mshape[0m: [1, 64, 32, 32] [36mdtype[0m: float32
[32mINFO:[0m [35mtf_op_type[0m: multiply
[32mINFO:[0m [34m input.1.x[0m: [34mname[0m: tf.math.add_92/Add:0 [34mshape[0m: (1, 32, 32, 64) [34mdtype[0m: <dtype: 'float32'> 
[32mINFO:[0m [34m input.2.y[0m: [34mname[0m: tf.math.sigmoid_45/Sigmoid:0 [34mshape[0m: (1, 32, 32, 64) [34mdtype[0m: <dtype: 'float32'> 
[32mINFO:[0m [34m output.1.output[0m: [34mname[0m: tf.math.multiply_207/Mul:0 [34mshape[0m: (1, 32, 32, 64) [34mdtype[0m: <dtype: 'float32'> 

[32mINFO:[0m [32m190 / 298[0m
[32mINFO:[0m [35monnx_op_type[0m: Concat[35m onnx_op_name[0m: /model.18/Concat
[32mINFO:[0m [36m input_name.1[0m: /model.17/act/Mul_output_0 [36mshape[0m: [1, 64, 16, 16] [36mdtype[0m: float32
[32mINFO:[0m [36m input_name.2[0m: /model.13/cv2/act/Mul_output_0 [36mshape[0m: [1, 128, 16, 16] [36mdtype[0m: float32
[32mINFO:[0m [36m output_name.1[0m: /model.18/Concat_output_0 [36mshape[0m: [1, 192, 16, 16] [36mdtype[0m: float32
[32mINFO:[0m [35mtf_op_type[0m: concat
[32mINFO:[0m [34m input.1.input0[0m: [34mname[0m: tf.math.multiply_199/Mul:0 [34mshape[0m: (1, 16, 16, 64) [34mdtype[0m: <dtype: 'float32'> 
[32mINFO:[0m [34m input.2.input1[0m: [34mname[0m: tf.math.multiply_177/Mul:0 [34mshape[0m: (1, 16, 16, 128) [34mdtype[0m: <dtype: 'float32'> 
[32mINFO:[0m [34m input.3.axis[0m: [34mval[0m: 3 
[32mINFO:[0m [34m output.1.output[0m: [34mname[0m: tf.concat_209/concat:0 [34mshape[0m: (1, 16, 16, 192) [34mdtype[0m: <dtype: 'float32'> 

[32mINFO:[0m [32m191 / 298[0m
[32mINFO:[0m [35monnx_op_type[0m: Conv[35m onnx_op_name[0m: /model.23/cv2.0/cv2.0.1/conv/Conv
[32mINFO:[0m [36m input_name.1[0m: /model.23/cv2.0/cv2.0.0/act/Mul_output_0 [36mshape[0m: [1, 64, 32, 32] [36mdtype[0m: float32
[32mINFO:[0m [36m input_name.2[0m: model.23.cv2.0.1.conv.weight [36mshape[0m: [64, 64, 3, 3] [36mdtype[0m: float32
[32mINFO:[0m [36m input_name.3[0m: model.23.cv2.0.1.conv.bias [36mshape[0m: [64] [36mdtype[0m: float32
[32mINFO:[0m [36m output_name.1[0m: /model.23/cv2.0/cv2.0.1/conv/Conv_output_0 [36mshape[0m: [1, 64, 32, 32] [36mdtype[0m: float32
[32mINFO:[0m [35mtf_op_type[0m: convolution_v2
[32mINFO:[0m [34m input.1.input[0m: [34mname[0m: tf.math.multiply_203/Mul:0 [34mshape[0m: (1, 32, 32, 64) [34mdtype[0m: <dtype: 'float32'> 
[32mINFO:[0m [34m input.2.weights[0m: [34mshape[0m: (3, 3, 64, 64) [34mdtype[0m: <dtype: 'float32'> 
[32mINFO:[0m [34m input.3.bias[0m: [34mshape[0m: (64,) [34mdtype[0m: <dtype: 'float32'> 
[32mINFO:[0m [34m input.4.strides[0m: [34mval[0m: [1, 1] 
[32mINFO:[0m [34m input.5.dilations[0m: [34mval[0m: [1, 1] 
[32mINFO:[0m [34m input.6.padding[0m: [34mval[0m: SAME 
[32mINFO:[0m [34m input.7.group[0m: [34mval[0m: 1 
[32mINFO:[0m [34m output.1.output[0m: [34mname[0m: tf.math.add_93/Add:0 [34mshape[0m: (1, 32, 32, 64) [34mdtype[0m: <dtype: 'float32'> 

[32mINFO:[0m [32m192 / 298[0m
[32mINFO:[0m [35monnx_op_type[0m: Conv[35m onnx_op_name[0m: /model.23/cv3.0/cv3.0.0/cv3.0.0.1/conv/Conv
[32mINFO:[0m [36m input_name.1[0m: /model.23/cv3.0/cv3.0.0/cv3.0.0.0/act/Mul_output_0 [36mshape[0m: [1, 64, 32, 32] [36mdtype[0m: float32
[32mINFO:[0m [36m input_name.2[0m: model.23.cv3.0.0.1.conv.weight [36mshape[0m: [64, 64, 1, 1] [36mdtype[0m: float32
[32mINFO:[0m [36m input_name.3[0m: model.23.cv3.0.0.1.conv.bias [36mshape[0m: [64] [36mdtype[0m: float32
[32mINFO:[0m [36m output_name.1[0m: /model.23/cv3.0/cv3.0.0/cv3.0.0.1/conv/Conv_output_0 [36mshape[0m: [1, 64, 32, 32] [36mdtype[0m: float32
[32mINFO:[0m [35mtf_op_type[0m: convolution_v2
[32mINFO:[0m [34m input.1.input[0m: [34mname[0m: tf.math.multiply_207/Mul:0 [34mshape[0m: (1, 32, 32, 64) [34mdtype[0m: <dtype: 'float32'> 
[32mINFO:[0m [34m input.2.weights[0m: [34mshape[0m: (1, 1, 64, 64) [34mdtype[0m: <dtype: 'float32'> 
[32mINFO:[0m [34m input.3.bias[0m: [34mshape[0m: (64,) [34mdtype[0m: <dtype: 'float32'> 
[32mINFO:[0m [34m input.4.strides[0m: [34mval[0m: [1, 1] 
[32mINFO:[0m [34m input.5.dilations[0m: [34mval[0m: [1, 1] 
[32mINFO:[0m [34m input.6.padding[0m: [34mval[0m: SAME 
[32mINFO:[0m [34m input.7.group[0m: [34mval[0m: 1 
[32mINFO:[0m [34m output.1.output[0m: [34mname[0m: tf.math.add_94/Add:0 [34mshape[0m: (1, 32, 32, 64) [34mdtype[0m: <dtype: 'float32'> 

[32mINFO:[0m [32m193 / 298[0m
[32mINFO:[0m [35monnx_op_type[0m: Conv[35m onnx_op_name[0m: /model.19/cv1/conv/Conv
[32mINFO:[0m [36m input_name.1[0m: /model.18/Concat_output_0 [36mshape[0m: [1, 192, 16, 16] [36mdtype[0m: float32
[32mINFO:[0m [36m input_name.2[0m: model.19.cv1.conv.weight [36mshape[0m: [128, 192, 1, 1] [36mdtype[0m: float32
[32mINFO:[0m [36m input_name.3[0m: model.19.cv1.conv.bias [36mshape[0m: [128] [36mdtype[0m: float32
[32mINFO:[0m [36m output_name.1[0m: /model.19/cv1/conv/Conv_output_0 [36mshape[0m: [1, 128, 16, 16] [36mdtype[0m: float32
[32mINFO:[0m [35mtf_op_type[0m: convolution_v2
[32mINFO:[0m [34m input.1.input[0m: [34mname[0m: tf.concat_209/concat:0 [34mshape[0m: (1, 16, 16, 192) [34mdtype[0m: <dtype: 'float32'> 
[32mINFO:[0m [34m input.2.weights[0m: [34mshape[0m: (1, 1, 192, 128) [34mdtype[0m: <dtype: 'float32'> 
[32mINFO:[0m [34m input.3.bias[0m: [34mshape[0m: (128,) [34mdtype[0m: <dtype: 'float32'> 
[32mINFO:[0m [34m input.4.strides[0m: [34mval[0m: [1, 1] 
[32mINFO:[0m [34m input.5.dilations[0m: [34mval[0m: [1, 1] 
[32mINFO:[0m [34m input.6.padding[0m: [34mval[0m: SAME 
[32mINFO:[0m [34m input.7.group[0m: [34mval[0m: 1 
[32mINFO:[0m [34m output.1.output[0m: [34mname[0m: tf.math.add_95/Add:0 [34mshape[0m: (1, 16, 16, 128) [34mdtype[0m: <dtype: 'float32'> 

[32mINFO:[0m [32m194 / 298[0m
[32mINFO:[0m [35monnx_op_type[0m: Sigmoid[35m onnx_op_name[0m: /model.23/cv2.0/cv2.0.1/act/Sigmoid
[32mINFO:[0m [36m input_name.1[0m: /model.23/cv2.0/cv2.0.1/conv/Conv_output_0 [36mshape[0m: [1, 64, 32, 32] [36mdtype[0m: float32
[32mINFO:[0m [36m output_name.1[0m: /model.23/cv2.0/cv2.0.1/act/Sigmoid_output_0 [36mshape[0m: [1, 64, 32, 32] [36mdtype[0m: float32
[32mINFO:[0m [35mtf_op_type[0m: sigmoid
[32mINFO:[0m [34m input.1.x[0m: [34mname[0m: tf.math.add_93/Add:0 [34mshape[0m: (1, 32, 32, 64) [34mdtype[0m: <dtype: 'float32'> 
[32mINFO:[0m [34m output.1.output[0m: [34mname[0m: tf.math.sigmoid_46/Sigmoid:0 [34mshape[0m: (1, 32, 32, 64) [34mdtype[0m: <dtype: 'float32'> 

[32mINFO:[0m [32m195 / 298[0m
[32mINFO:[0m [35monnx_op_type[0m: Sigmoid[35m onnx_op_name[0m: /model.23/cv3.0/cv3.0.0/cv3.0.0.1/act/Sigmoid
[32mINFO:[0m [36m input_name.1[0m: /model.23/cv3.0/cv3.0.0/cv3.0.0.1/conv/Conv_output_0 [36mshape[0m: [1, 64, 32, 32] [36mdtype[0m: float32
[32mINFO:[0m [36m output_name.1[0m: /model.23/cv3.0/cv3.0.0/cv3.0.0.1/act/Sigmoid_output_0 [36mshape[0m: [1, 64, 32, 32] [36mdtype[0m: float32
[32mINFO:[0m [35mtf_op_type[0m: sigmoid
[32mINFO:[0m [34m input.1.x[0m: [34mname[0m: tf.math.add_94/Add:0 [34mshape[0m: (1, 32, 32, 64) [34mdtype[0m: <dtype: 'float32'> 
[32mINFO:[0m [34m output.1.output[0m: [34mname[0m: tf.math.sigmoid_47/Sigmoid:0 [34mshape[0m: (1, 32, 32, 64) [34mdtype[0m: <dtype: 'float32'> 

[32mINFO:[0m [32m196 / 298[0m
[32mINFO:[0m [35monnx_op_type[0m: Sigmoid[35m onnx_op_name[0m: /model.19/cv1/act/Sigmoid
[32mINFO:[0m [36m input_name.1[0m: /model.19/cv1/conv/Conv_output_0 [36mshape[0m: [1, 128, 16, 16] [36mdtype[0m: float32
[32mINFO:[0m [36m output_name.1[0m: /model.19/cv1/act/Sigmoid_output_0 [36mshape[0m: [1, 128, 16, 16] [36mdtype[0m: float32
[32mINFO:[0m [35mtf_op_type[0m: sigmoid
[32mINFO:[0m [34m input.1.x[0m: [34mname[0m: tf.math.add_95/Add:0 [34mshape[0m: (1, 16, 16, 128) [34mdtype[0m: <dtype: 'float32'> 
[32mINFO:[0m [34m output.1.output[0m: [34mname[0m: tf.math.sigmoid_48/Sigmoid:0 [34mshape[0m: (1, 16, 16, 128) [34mdtype[0m: <dtype: 'float32'> 

[32mINFO:[0m [32m197 / 298[0m
[32mINFO:[0m [35monnx_op_type[0m: Mul[35m onnx_op_name[0m: /model.23/cv2.0/cv2.0.1/act/Mul
[32mINFO:[0m [36m input_name.1[0m: /model.23/cv2.0/cv2.0.1/conv/Conv_output_0 [36mshape[0m: [1, 64, 32, 32] [36mdtype[0m: float32
[32mINFO:[0m [36m input_name.2[0m: /model.23/cv2.0/cv2.0.1/act/Sigmoid_output_0 [36mshape[0m: [1, 64, 32, 32] [36mdtype[0m: float32
[32mINFO:[0m [36m output_name.1[0m: /model.23/cv2.0/cv2.0.1/act/Mul_output_0 [36mshape[0m: [1, 64, 32, 32] [36mdtype[0m: float32
[32mINFO:[0m [35mtf_op_type[0m: multiply
[32mINFO:[0m [34m input.1.x[0m: [34mname[0m: tf.math.add_93/Add:0 [34mshape[0m: (1, 32, 32, 64) [34mdtype[0m: <dtype: 'float32'> 
[32mINFO:[0m [34m input.2.y[0m: [34mname[0m: tf.math.sigmoid_46/Sigmoid:0 [34mshape[0m: (1, 32, 32, 64) [34mdtype[0m: <dtype: 'float32'> 
[32mINFO:[0m [34m output.1.output[0m: [34mname[0m: tf.math.multiply_211/Mul:0 [34mshape[0m: (1, 32, 32, 64) [34mdtype[0m: <dtype: 'float32'> 

[32mINFO:[0m [32m198 / 298[0m
[32mINFO:[0m [35monnx_op_type[0m: Mul[35m onnx_op_name[0m: /model.23/cv3.0/cv3.0.0/cv3.0.0.1/act/Mul
[32mINFO:[0m [36m input_name.1[0m: /model.23/cv3.0/cv3.0.0/cv3.0.0.1/conv/Conv_output_0 [36mshape[0m: [1, 64, 32, 32] [36mdtype[0m: float32
[32mINFO:[0m [36m input_name.2[0m: /model.23/cv3.0/cv3.0.0/cv3.0.0.1/act/Sigmoid_output_0 [36mshape[0m: [1, 64, 32, 32] [36mdtype[0m: float32
[32mINFO:[0m [36m output_name.1[0m: /model.23/cv3.0/cv3.0.0/cv3.0.0.1/act/Mul_output_0 [36mshape[0m: [1, 64, 32, 32] [36mdtype[0m: float32
[32mINFO:[0m [35mtf_op_type[0m: multiply
[32mINFO:[0m [34m input.1.x[0m: [34mname[0m: tf.math.add_94/Add:0 [34mshape[0m: (1, 32, 32, 64) [34mdtype[0m: <dtype: 'float32'> 
[32mINFO:[0m [34m input.2.y[0m: [34mname[0m: tf.math.sigmoid_47/Sigmoid:0 [34mshape[0m: (1, 32, 32, 64) [34mdtype[0m: <dtype: 'float32'> 
[32mINFO:[0m [34m output.1.output[0m: [34mname[0m: tf.math.multiply_215/Mul:0 [34mshape[0m: (1, 32, 32, 64) [34mdtype[0m: <dtype: 'float32'> 

[32mINFO:[0m [32m199 / 298[0m
[32mINFO:[0m [35monnx_op_type[0m: Mul[35m onnx_op_name[0m: /model.19/cv1/act/Mul
[32mINFO:[0m [36m input_name.1[0m: /model.19/cv1/conv/Conv_output_0 [36mshape[0m: [1, 128, 16, 16] [36mdtype[0m: float32
[32mINFO:[0m [36m input_name.2[0m: /model.19/cv1/act/Sigmoid_output_0 [36mshape[0m: [1, 128, 16, 16] [36mdtype[0m: float32
[32mINFO:[0m [36m output_name.1[0m: /model.19/cv1/act/Mul_output_0 [36mshape[0m: [1, 128, 16, 16] [36mdtype[0m: float32
[32mINFO:[0m [35mtf_op_type[0m: multiply
[32mINFO:[0m [34m input.1.x[0m: [34mname[0m: tf.math.add_95/Add:0 [34mshape[0m: (1, 16, 16, 128) [34mdtype[0m: <dtype: 'float32'> 
[32mINFO:[0m [34m input.2.y[0m: [34mname[0m: tf.math.sigmoid_48/Sigmoid:0 [34mshape[0m: (1, 16, 16, 128) [34mdtype[0m: <dtype: 'float32'> 
[32mINFO:[0m [34m output.1.output[0m: [34mname[0m: tf.math.multiply_219/Mul:0 [34mshape[0m: (1, 16, 16, 128) [34mdtype[0m: <dtype: 'float32'> 

[32mINFO:[0m [32m200 / 298[0m
[32mINFO:[0m [35monnx_op_type[0m: Conv[35m onnx_op_name[0m: /model.23/cv2.0/cv2.0.2/Conv
[32mINFO:[0m [36m input_name.1[0m: /model.23/cv2.0/cv2.0.1/act/Mul_output_0 [36mshape[0m: [1, 64, 32, 32] [36mdtype[0m: float32
[32mINFO:[0m [36m input_name.2[0m: model.23.cv2.0.2.weight [36mshape[0m: [64, 64, 1, 1] [36mdtype[0m: float32
[32mINFO:[0m [36m input_name.3[0m: model.23.cv2.0.2.bias [36mshape[0m: [64] [36mdtype[0m: float32
[32mINFO:[0m [36m output_name.1[0m: /model.23/cv2.0/cv2.0.2/Conv_output_0 [36mshape[0m: [1, 64, 32, 32] [36mdtype[0m: float32
[32mINFO:[0m [35mtf_op_type[0m: convolution_v2
[32mINFO:[0m [34m input.1.input[0m: [34mname[0m: tf.math.multiply_211/Mul:0 [34mshape[0m: (1, 32, 32, 64) [34mdtype[0m: <dtype: 'float32'> 
[32mINFO:[0m [34m input.2.weights[0m: [34mshape[0m: (1, 1, 64, 64) [34mdtype[0m: <dtype: 'float32'> 
[32mINFO:[0m [34m input.3.bias[0m: [34mshape[0m: (64,) [34mdtype[0m: <dtype: 'float32'> 
[32mINFO:[0m [34m input.4.strides[0m: [34mval[0m: [1, 1] 
[32mINFO:[0m [34m input.5.dilations[0m: [34mval[0m: [1, 1] 
[32mINFO:[0m [34m input.6.padding[0m: [34mval[0m: SAME 
[32mINFO:[0m [34m input.7.group[0m: [34mval[0m: 1 
[32mINFO:[0m [34m output.1.output[0m: [34mname[0m: tf.math.add_96/Add:0 [34mshape[0m: (1, 32, 32, 64) [34mdtype[0m: <dtype: 'float32'> 

[32mINFO:[0m [32m201 / 298[0m
[32mINFO:[0m [35monnx_op_type[0m: Conv[35m onnx_op_name[0m: /model.23/cv3.0/cv3.0.1/cv3.0.1.0/conv/Conv
[32mINFO:[0m [36m input_name.1[0m: /model.23/cv3.0/cv3.0.0/cv3.0.0.1/act/Mul_output_0 [36mshape[0m: [1, 64, 32, 32] [36mdtype[0m: float32
[32mINFO:[0m [36m input_name.2[0m: model.23.cv3.0.1.0.conv.weight [36mshape[0m: [64, 1, 3, 3] [36mdtype[0m: float32
[32mINFO:[0m [36m input_name.3[0m: model.23.cv3.0.1.0.conv.bias [36mshape[0m: [64] [36mdtype[0m: float32
[32mINFO:[0m [36m output_name.1[0m: /model.23/cv3.0/cv3.0.1/cv3.0.1.0/conv/Conv_output_0 [36mshape[0m: [1, 64, 32, 32] [36mdtype[0m: float32
[32mINFO:[0m [35mtf_op_type[0m: depthwise_conv2d_v2
[32mINFO:[0m [34m input.1.input[0m: [34mname[0m: tf.math.multiply_215/Mul:0 [34mshape[0m: (1, 32, 32, 64) [34mdtype[0m: <dtype: 'float32'> 
[32mINFO:[0m [34m input.2.weights[0m: [34mshape[0m: (3, 3, 64, 1) [34mdtype[0m: <dtype: 'float32'> 
[32mINFO:[0m [34m input.3.bias[0m: [34mshape[0m: (64,) [34mdtype[0m: <dtype: 'float32'> 
[32mINFO:[0m [34m input.4.strides[0m: [34mval[0m: [1, 1, 1, 1] 
[32mINFO:[0m [34m input.5.dilations[0m: [34mval[0m: [1, 1] 
[32mINFO:[0m [34m input.6.padding[0m: [34mval[0m: SAME 
[32mINFO:[0m [34m input.7.group[0m: [34mval[0m: 64 
[32mINFO:[0m [34m output.1.output[0m: [34mname[0m: tf.math.add_97/Add:0 [34mshape[0m: (1, 32, 32, 64) [34mdtype[0m: <dtype: 'float32'> 

[32mINFO:[0m [32m202 / 298[0m
[32mINFO:[0m [35monnx_op_type[0m: Split[35m onnx_op_name[0m: /model.19/Split
[32mINFO:[0m [36m input_name.1[0m: /model.19/cv1/act/Mul_output_0 [36mshape[0m: [1, 128, 16, 16] [36mdtype[0m: float32
[32mINFO:[0m [36m output_name.1[0m: /model.19/Split_output_0 [36mshape[0m: [1, 64, 16, 16] [36mdtype[0m: float32
[32mINFO:[0m [36m output_name.2[0m: /model.19/Split_output_1 [36mshape[0m: [1, 64, 16, 16] [36mdtype[0m: float32
[32mINFO:[0m [35mtf_op_type[0m: split
[32mINFO:[0m [34m input.1.value[0m: [34mname[0m: tf.math.multiply_219/Mul:0 [34mshape[0m: (1, 16, 16, 128) [34mdtype[0m: <dtype: 'float32'> 
[32mINFO:[0m [34m input.2.num_or_size_splits[0m: [34mval[0m: [64, 64] 
[32mINFO:[0m [34m input.3.axis[0m: [34mval[0m: 3 
[32mINFO:[0m [34m input.4.num[0m: 
[32mINFO:[0m [34m output.1.output0[0m: [34mname[0m: tf.split_7/split:0 [34mshape[0m: (1, 16, 16, 64) [34mdtype[0m: <dtype: 'float32'> 
[32mINFO:[0m [34m output.2.output1[0m: [34mname[0m: tf.split_7/split:1 [34mshape[0m: (1, 16, 16, 64) [34mdtype[0m: <dtype: 'float32'> 

[32mINFO:[0m [32m203 / 298[0m
[32mINFO:[0m [35monnx_op_type[0m: Sigmoid[35m onnx_op_name[0m: /model.23/cv3.0/cv3.0.1/cv3.0.1.0/act/Sigmoid
[32mINFO:[0m [36m input_name.1[0m: /model.23/cv3.0/cv3.0.1/cv3.0.1.0/conv/Conv_output_0 [36mshape[0m: [1, 64, 32, 32] [36mdtype[0m: float32
[32mINFO:[0m [36m output_name.1[0m: /model.23/cv3.0/cv3.0.1/cv3.0.1.0/act/Sigmoid_output_0 [36mshape[0m: [1, 64, 32, 32] [36mdtype[0m: float32
[32mINFO:[0m [35mtf_op_type[0m: sigmoid
[32mINFO:[0m [34m input.1.x[0m: [34mname[0m: tf.math.add_97/Add:0 [34mshape[0m: (1, 32, 32, 64) [34mdtype[0m: <dtype: 'float32'> 
[32mINFO:[0m [34m output.1.output[0m: [34mname[0m: tf.math.sigmoid_49/Sigmoid:0 [34mshape[0m: (1, 32, 32, 64) [34mdtype[0m: <dtype: 'float32'> 

[32mINFO:[0m [32m204 / 298[0m
[32mINFO:[0m [35monnx_op_type[0m: Conv[35m onnx_op_name[0m: /model.19/m.0/cv1/conv/Conv
[32mINFO:[0m [36m input_name.1[0m: /model.19/Split_output_1 [36mshape[0m: [1, 64, 16, 16] [36mdtype[0m: float32
[32mINFO:[0m [36m input_name.2[0m: model.19.m.0.cv1.conv.weight [36mshape[0m: [32, 64, 3, 3] [36mdtype[0m: float32
[32mINFO:[0m [36m input_name.3[0m: model.19.m.0.cv1.conv.bias [36mshape[0m: [32] [36mdtype[0m: float32
[32mINFO:[0m [36m output_name.1[0m: /model.19/m.0/cv1/conv/Conv_output_0 [36mshape[0m: [1, 32, 16, 16] [36mdtype[0m: float32
[32mINFO:[0m [35mtf_op_type[0m: convolution_v2
[32mINFO:[0m [34m input.1.input[0m: [34mname[0m: tf.split_7/split:1 [34mshape[0m: (1, 16, 16, 64) [34mdtype[0m: <dtype: 'float32'> 
[32mINFO:[0m [34m input.2.weights[0m: [34mshape[0m: (3, 3, 64, 32) [34mdtype[0m: <dtype: 'float32'> 
[32mINFO:[0m [34m input.3.bias[0m: [34mshape[0m: (32,) [34mdtype[0m: <dtype: 'float32'> 
[32mINFO:[0m [34m input.4.strides[0m: [34mval[0m: [1, 1] 
[32mINFO:[0m [34m input.5.dilations[0m: [34mval[0m: [1, 1] 
[32mINFO:[0m [34m input.6.padding[0m: [34mval[0m: SAME 
[32mINFO:[0m [34m input.7.group[0m: [34mval[0m: 1 
[32mINFO:[0m [34m output.1.output[0m: [34mname[0m: tf.math.add_98/Add:0 [34mshape[0m: (1, 16, 16, 32) [34mdtype[0m: <dtype: 'float32'> 

[32mINFO:[0m [32m205 / 298[0m
[32mINFO:[0m [35monnx_op_type[0m: Mul[35m onnx_op_name[0m: /model.23/cv3.0/cv3.0.1/cv3.0.1.0/act/Mul
[32mINFO:[0m [36m input_name.1[0m: /model.23/cv3.0/cv3.0.1/cv3.0.1.0/conv/Conv_output_0 [36mshape[0m: [1, 64, 32, 32] [36mdtype[0m: float32
[32mINFO:[0m [36m input_name.2[0m: /model.23/cv3.0/cv3.0.1/cv3.0.1.0/act/Sigmoid_output_0 [36mshape[0m: [1, 64, 32, 32] [36mdtype[0m: float32
[32mINFO:[0m [36m output_name.1[0m: /model.23/cv3.0/cv3.0.1/cv3.0.1.0/act/Mul_output_0 [36mshape[0m: [1, 64, 32, 32] [36mdtype[0m: float32
[32mINFO:[0m [35mtf_op_type[0m: multiply
[32mINFO:[0m [34m input.1.x[0m: [34mname[0m: tf.math.add_97/Add:0 [34mshape[0m: (1, 32, 32, 64) [34mdtype[0m: <dtype: 'float32'> 
[32mINFO:[0m [34m input.2.y[0m: [34mname[0m: tf.math.sigmoid_49/Sigmoid:0 [34mshape[0m: (1, 32, 32, 64) [34mdtype[0m: <dtype: 'float32'> 
[32mINFO:[0m [34m output.1.output[0m: [34mname[0m: tf.math.multiply_223/Mul:0 [34mshape[0m: (1, 32, 32, 64) [34mdtype[0m: <dtype: 'float32'> 

[32mINFO:[0m [32m206 / 298[0m
[32mINFO:[0m [35monnx_op_type[0m: Sigmoid[35m onnx_op_name[0m: /model.19/m.0/cv1/act/Sigmoid
[32mINFO:[0m [36m input_name.1[0m: /model.19/m.0/cv1/conv/Conv_output_0 [36mshape[0m: [1, 32, 16, 16] [36mdtype[0m: float32
[32mINFO:[0m [36m output_name.1[0m: /model.19/m.0/cv1/act/Sigmoid_output_0 [36mshape[0m: [1, 32, 16, 16] [36mdtype[0m: float32
[32mINFO:[0m [35mtf_op_type[0m: sigmoid
[32mINFO:[0m [34m input.1.x[0m: [34mname[0m: tf.math.add_98/Add:0 [34mshape[0m: (1, 16, 16, 32) [34mdtype[0m: <dtype: 'float32'> 
[32mINFO:[0m [34m output.1.output[0m: [34mname[0m: tf.math.sigmoid_50/Sigmoid:0 [34mshape[0m: (1, 16, 16, 32) [34mdtype[0m: <dtype: 'float32'> 

[32mINFO:[0m [32m207 / 298[0m
[32mINFO:[0m [35monnx_op_type[0m: Conv[35m onnx_op_name[0m: /model.23/cv3.0/cv3.0.1/cv3.0.1.1/conv/Conv
[32mINFO:[0m [36m input_name.1[0m: /model.23/cv3.0/cv3.0.1/cv3.0.1.0/act/Mul_output_0 [36mshape[0m: [1, 64, 32, 32] [36mdtype[0m: float32
[32mINFO:[0m [36m input_name.2[0m: model.23.cv3.0.1.1.conv.weight [36mshape[0m: [64, 64, 1, 1] [36mdtype[0m: float32
[32mINFO:[0m [36m input_name.3[0m: model.23.cv3.0.1.1.conv.bias [36mshape[0m: [64] [36mdtype[0m: float32
[32mINFO:[0m [36m output_name.1[0m: /model.23/cv3.0/cv3.0.1/cv3.0.1.1/conv/Conv_output_0 [36mshape[0m: [1, 64, 32, 32] [36mdtype[0m: float32
[32mINFO:[0m [35mtf_op_type[0m: convolution_v2
[32mINFO:[0m [34m input.1.input[0m: [34mname[0m: tf.math.multiply_223/Mul:0 [34mshape[0m: (1, 32, 32, 64) [34mdtype[0m: <dtype: 'float32'> 
[32mINFO:[0m [34m input.2.weights[0m: [34mshape[0m: (1, 1, 64, 64) [34mdtype[0m: <dtype: 'float32'> 
[32mINFO:[0m [34m input.3.bias[0m: [34mshape[0m: (64,) [34mdtype[0m: <dtype: 'float32'> 
[32mINFO:[0m [34m input.4.strides[0m: [34mval[0m: [1, 1] 
[32mINFO:[0m [34m input.5.dilations[0m: [34mval[0m: [1, 1] 
[32mINFO:[0m [34m input.6.padding[0m: [34mval[0m: SAME 
[32mINFO:[0m [34m input.7.group[0m: [34mval[0m: 1 
[32mINFO:[0m [34m output.1.output[0m: [34mname[0m: tf.math.add_99/Add:0 [34mshape[0m: (1, 32, 32, 64) [34mdtype[0m: <dtype: 'float32'> 

[32mINFO:[0m [32m208 / 298[0m
[32mINFO:[0m [35monnx_op_type[0m: Mul[35m onnx_op_name[0m: /model.19/m.0/cv1/act/Mul
[32mINFO:[0m [36m input_name.1[0m: /model.19/m.0/cv1/conv/Conv_output_0 [36mshape[0m: [1, 32, 16, 16] [36mdtype[0m: float32
[32mINFO:[0m [36m input_name.2[0m: /model.19/m.0/cv1/act/Sigmoid_output_0 [36mshape[0m: [1, 32, 16, 16] [36mdtype[0m: float32
[32mINFO:[0m [36m output_name.1[0m: /model.19/m.0/cv1/act/Mul_output_0 [36mshape[0m: [1, 32, 16, 16] [36mdtype[0m: float32
[32mINFO:[0m [35mtf_op_type[0m: multiply
[32mINFO:[0m [34m input.1.x[0m: [34mname[0m: tf.math.add_98/Add:0 [34mshape[0m: (1, 16, 16, 32) [34mdtype[0m: <dtype: 'float32'> 
[32mINFO:[0m [34m input.2.y[0m: [34mname[0m: tf.math.sigmoid_50/Sigmoid:0 [34mshape[0m: (1, 16, 16, 32) [34mdtype[0m: <dtype: 'float32'> 
[32mINFO:[0m [34m output.1.output[0m: [34mname[0m: tf.math.multiply_227/Mul:0 [34mshape[0m: (1, 16, 16, 32) [34mdtype[0m: <dtype: 'float32'> 

[32mINFO:[0m [32m209 / 298[0m
[32mINFO:[0m [35monnx_op_type[0m: Sigmoid[35m onnx_op_name[0m: /model.23/cv3.0/cv3.0.1/cv3.0.1.1/act/Sigmoid
[32mINFO:[0m [36m input_name.1[0m: /model.23/cv3.0/cv3.0.1/cv3.0.1.1/conv/Conv_output_0 [36mshape[0m: [1, 64, 32, 32] [36mdtype[0m: float32
[32mINFO:[0m [36m output_name.1[0m: /model.23/cv3.0/cv3.0.1/cv3.0.1.1/act/Sigmoid_output_0 [36mshape[0m: [1, 64, 32, 32] [36mdtype[0m: float32
[32mINFO:[0m [35mtf_op_type[0m: sigmoid
[32mINFO:[0m [34m input.1.x[0m: [34mname[0m: tf.math.add_99/Add:0 [34mshape[0m: (1, 32, 32, 64) [34mdtype[0m: <dtype: 'float32'> 
[32mINFO:[0m [34m output.1.output[0m: [34mname[0m: tf.math.sigmoid_51/Sigmoid:0 [34mshape[0m: (1, 32, 32, 64) [34mdtype[0m: <dtype: 'float32'> 

[32mINFO:[0m [32m210 / 298[0m
[32mINFO:[0m [35monnx_op_type[0m: Conv[35m onnx_op_name[0m: /model.19/m.0/cv2/conv/Conv
[32mINFO:[0m [36m input_name.1[0m: /model.19/m.0/cv1/act/Mul_output_0 [36mshape[0m: [1, 32, 16, 16] [36mdtype[0m: float32
[32mINFO:[0m [36m input_name.2[0m: model.19.m.0.cv2.conv.weight [36mshape[0m: [64, 32, 3, 3] [36mdtype[0m: float32
[32mINFO:[0m [36m input_name.3[0m: model.19.m.0.cv2.conv.bias [36mshape[0m: [64] [36mdtype[0m: float32
[32mINFO:[0m [36m output_name.1[0m: /model.19/m.0/cv2/conv/Conv_output_0 [36mshape[0m: [1, 64, 16, 16] [36mdtype[0m: float32
[32mINFO:[0m [35mtf_op_type[0m: convolution_v2
[32mINFO:[0m [34m input.1.input[0m: [34mname[0m: tf.math.multiply_227/Mul:0 [34mshape[0m: (1, 16, 16, 32) [34mdtype[0m: <dtype: 'float32'> 
[32mINFO:[0m [34m input.2.weights[0m: [34mshape[0m: (3, 3, 32, 64) [34mdtype[0m: <dtype: 'float32'> 
[32mINFO:[0m [34m input.3.bias[0m: [34mshape[0m: (64,) [34mdtype[0m: <dtype: 'float32'> 
[32mINFO:[0m [34m input.4.strides[0m: [34mval[0m: [1, 1] 
[32mINFO:[0m [34m input.5.dilations[0m: [34mval[0m: [1, 1] 
[32mINFO:[0m [34m input.6.padding[0m: [34mval[0m: SAME 
[32mINFO:[0m [34m input.7.group[0m: [34mval[0m: 1 
[32mINFO:[0m [34m output.1.output[0m: [34mname[0m: tf.math.add_100/Add:0 [34mshape[0m: (1, 16, 16, 64) [34mdtype[0m: <dtype: 'float32'> 

[32mINFO:[0m [32m211 / 298[0m
[32mINFO:[0m [35monnx_op_type[0m: Mul[35m onnx_op_name[0m: /model.23/cv3.0/cv3.0.1/cv3.0.1.1/act/Mul
[32mINFO:[0m [36m input_name.1[0m: /model.23/cv3.0/cv3.0.1/cv3.0.1.1/conv/Conv_output_0 [36mshape[0m: [1, 64, 32, 32] [36mdtype[0m: float32
[32mINFO:[0m [36m input_name.2[0m: /model.23/cv3.0/cv3.0.1/cv3.0.1.1/act/Sigmoid_output_0 [36mshape[0m: [1, 64, 32, 32] [36mdtype[0m: float32
[32mINFO:[0m [36m output_name.1[0m: /model.23/cv3.0/cv3.0.1/cv3.0.1.1/act/Mul_output_0 [36mshape[0m: [1, 64, 32, 32] [36mdtype[0m: float32
[32mINFO:[0m [35mtf_op_type[0m: multiply
[32mINFO:[0m [34m input.1.x[0m: [34mname[0m: tf.math.add_99/Add:0 [34mshape[0m: (1, 32, 32, 64) [34mdtype[0m: <dtype: 'float32'> 
[32mINFO:[0m [34m input.2.y[0m: [34mname[0m: tf.math.sigmoid_51/Sigmoid:0 [34mshape[0m: (1, 32, 32, 64) [34mdtype[0m: <dtype: 'float32'> 
[32mINFO:[0m [34m output.1.output[0m: [34mname[0m: tf.math.multiply_231/Mul:0 [34mshape[0m: (1, 32, 32, 64) [34mdtype[0m: <dtype: 'float32'> 

[32mINFO:[0m [32m212 / 298[0m
[32mINFO:[0m [35monnx_op_type[0m: Sigmoid[35m onnx_op_name[0m: /model.19/m.0/cv2/act/Sigmoid
[32mINFO:[0m [36m input_name.1[0m: /model.19/m.0/cv2/conv/Conv_output_0 [36mshape[0m: [1, 64, 16, 16] [36mdtype[0m: float32
[32mINFO:[0m [36m output_name.1[0m: /model.19/m.0/cv2/act/Sigmoid_output_0 [36mshape[0m: [1, 64, 16, 16] [36mdtype[0m: float32
[32mINFO:[0m [35mtf_op_type[0m: sigmoid
[32mINFO:[0m [34m input.1.x[0m: [34mname[0m: tf.math.add_100/Add:0 [34mshape[0m: (1, 16, 16, 64) [34mdtype[0m: <dtype: 'float32'> 
[32mINFO:[0m [34m output.1.output[0m: [34mname[0m: tf.math.sigmoid_52/Sigmoid:0 [34mshape[0m: (1, 16, 16, 64) [34mdtype[0m: <dtype: 'float32'> 

[32mINFO:[0m [32m213 / 298[0m
[32mINFO:[0m [35monnx_op_type[0m: Conv[35m onnx_op_name[0m: /model.23/cv3.0/cv3.0.2/Conv
[32mINFO:[0m [36m input_name.1[0m: /model.23/cv3.0/cv3.0.1/cv3.0.1.1/act/Mul_output_0 [36mshape[0m: [1, 64, 32, 32] [36mdtype[0m: float32
[32mINFO:[0m [36m input_name.2[0m: model.23.cv3.0.2.weight [36mshape[0m: [4, 64, 1, 1] [36mdtype[0m: float32
[32mINFO:[0m [36m input_name.3[0m: model.23.cv3.0.2.bias [36mshape[0m: [4] [36mdtype[0m: float32
[32mINFO:[0m [36m output_name.1[0m: /model.23/cv3.0/cv3.0.2/Conv_output_0 [36mshape[0m: [1, 4, 32, 32] [36mdtype[0m: float32
[32mINFO:[0m [35mtf_op_type[0m: convolution_v2
[32mINFO:[0m [34m input.1.input[0m: [34mname[0m: tf.math.multiply_231/Mul:0 [34mshape[0m: (1, 32, 32, 64) [34mdtype[0m: <dtype: 'float32'> 
[32mINFO:[0m [34m input.2.weights[0m: [34mshape[0m: (1, 1, 64, 4) [34mdtype[0m: <dtype: 'float32'> 
[32mINFO:[0m [34m input.3.bias[0m: [34mshape[0m: (4,) [34mdtype[0m: <dtype: 'float32'> 
[32mINFO:[0m [34m input.4.strides[0m: [34mval[0m: [1, 1] 
[32mINFO:[0m [34m input.5.dilations[0m: [34mval[0m: [1, 1] 
[32mINFO:[0m [34m input.6.padding[0m: [34mval[0m: SAME 
[32mINFO:[0m [34m input.7.group[0m: [34mval[0m: 1 
[32mINFO:[0m [34m output.1.output[0m: [34mname[0m: tf.math.add_101/Add:0 [34mshape[0m: (1, 32, 32, 4) [34mdtype[0m: <dtype: 'float32'> 

[32mINFO:[0m [32m214 / 298[0m
[32mINFO:[0m [35monnx_op_type[0m: Mul[35m onnx_op_name[0m: /model.19/m.0/cv2/act/Mul
[32mINFO:[0m [36m input_name.1[0m: /model.19/m.0/cv2/conv/Conv_output_0 [36mshape[0m: [1, 64, 16, 16] [36mdtype[0m: float32
[32mINFO:[0m [36m input_name.2[0m: /model.19/m.0/cv2/act/Sigmoid_output_0 [36mshape[0m: [1, 64, 16, 16] [36mdtype[0m: float32
[32mINFO:[0m [36m output_name.1[0m: /model.19/m.0/cv2/act/Mul_output_0 [36mshape[0m: [1, 64, 16, 16] [36mdtype[0m: float32
[32mINFO:[0m [35mtf_op_type[0m: multiply
[32mINFO:[0m [34m input.1.x[0m: [34mname[0m: tf.math.add_100/Add:0 [34mshape[0m: (1, 16, 16, 64) [34mdtype[0m: <dtype: 'float32'> 
[32mINFO:[0m [34m input.2.y[0m: [34mname[0m: tf.math.sigmoid_52/Sigmoid:0 [34mshape[0m: (1, 16, 16, 64) [34mdtype[0m: <dtype: 'float32'> 
[32mINFO:[0m [34m output.1.output[0m: [34mname[0m: tf.math.multiply_235/Mul:0 [34mshape[0m: (1, 16, 16, 64) [34mdtype[0m: <dtype: 'float32'> 

[32mINFO:[0m [32m215 / 298[0m
[32mINFO:[0m [35monnx_op_type[0m: Concat[35m onnx_op_name[0m: /model.23/Concat
[32mINFO:[0m [36m input_name.1[0m: /model.23/cv2.0/cv2.0.2/Conv_output_0 [36mshape[0m: [1, 64, 32, 32] [36mdtype[0m: float32
[32mINFO:[0m [36m input_name.2[0m: /model.23/cv3.0/cv3.0.2/Conv_output_0 [36mshape[0m: [1, 4, 32, 32] [36mdtype[0m: float32
[32mINFO:[0m [36m output_name.1[0m: output0 [36mshape[0m: [1, 68, 32, 32] [36mdtype[0m: float32
[32mINFO:[0m [35mtf_op_type[0m: concat
[32mINFO:[0m [34m input.1.input0[0m: [34mname[0m: tf.math.add_96/Add:0 [34mshape[0m: (1, 32, 32, 64) [34mdtype[0m: <dtype: 'float32'> 
[32mINFO:[0m [34m input.2.input1[0m: [34mname[0m: tf.math.add_101/Add:0 [34mshape[0m: (1, 32, 32, 4) [34mdtype[0m: <dtype: 'float32'> 
[32mINFO:[0m [34m input.3.axis[0m: [34mval[0m: 3 
[32mINFO:[0m [34m output.1.output[0m: [34mname[0m: tf.concat_210/concat:0 [34mshape[0m: (1, 32, 32, 68) [34mdtype[0m: <dtype: 'float32'> 

[32mINFO:[0m [32m216 / 298[0m
[32mINFO:[0m [35monnx_op_type[0m: Add[35m onnx_op_name[0m: /model.19/m.0/Add
[32mINFO:[0m [36m input_name.1[0m: /model.19/Split_output_1 [36mshape[0m: [1, 64, 16, 16] [36mdtype[0m: float32
[32mINFO:[0m [36m input_name.2[0m: /model.19/m.0/cv2/act/Mul_output_0 [36mshape[0m: [1, 64, 16, 16] [36mdtype[0m: float32
[32mINFO:[0m [36m output_name.1[0m: /model.19/m.0/Add_output_0 [36mshape[0m: [1, 64, 16, 16] [36mdtype[0m: float32
[32mINFO:[0m [35mtf_op_type[0m: add
[32mINFO:[0m [34m input.1.x[0m: [34mname[0m: tf.compat.v1.transpose_805/transpose:0 [34mshape[0m: (1, 64, 16, 16) [34mdtype[0m: <dtype: 'float32'> 
[32mINFO:[0m [34m input.2.y[0m: [34mname[0m: tf.compat.v1.transpose_806/transpose:0 [34mshape[0m: (1, 64, 16, 16) [34mdtype[0m: <dtype: 'float32'> 
[32mINFO:[0m [34m output.1.output[0m: [34mname[0m: tf.math.add_104/Add:0 [34mshape[0m: (1, 64, 16, 16) [34mdtype[0m: <dtype: 'float32'> 

[32mINFO:[0m [32m217 / 298[0m
[32mINFO:[0m [35monnx_op_type[0m: Concat[35m onnx_op_name[0m: /model.19/Concat
[32mINFO:[0m [36m input_name.1[0m: /model.19/Split_output_0 [36mshape[0m: [1, 64, 16, 16] [36mdtype[0m: float32
[32mINFO:[0m [36m input_name.2[0m: /model.19/Split_output_1 [36mshape[0m: [1, 64, 16, 16] [36mdtype[0m: float32
[32mINFO:[0m [36m input_name.3[0m: /model.19/m.0/Add_output_0 [36mshape[0m: [1, 64, 16, 16] [36mdtype[0m: float32
[32mINFO:[0m [36m output_name.1[0m: /model.19/Concat_output_0 [36mshape[0m: [1, 192, 16, 16] [36mdtype[0m: float32
[32mINFO:[0m [35mtf_op_type[0m: concat
[32mINFO:[0m [34m input.1.input0[0m: [34mname[0m: tf.compat.v1.transpose_807/transpose:0 [34mshape[0m: (1, 64, 16, 16) [34mdtype[0m: <dtype: 'float32'> 
[32mINFO:[0m [34m input.2.input1[0m: [34mname[0m: tf.compat.v1.transpose_808/transpose:0 [34mshape[0m: (1, 64, 16, 16) [34mdtype[0m: <dtype: 'float32'> 
[32mINFO:[0m [34m input.3.input2[0m: [34mname[0m: tf.math.add_104/Add:0 [34mshape[0m: (1, 64, 16, 16) [34mdtype[0m: <dtype: 'float32'> 
[32mINFO:[0m [34m input.4.axis[0m: [34mval[0m: 1 
[32mINFO:[0m [34m output.1.output[0m: [34mname[0m: tf.concat_212/concat:0 [34mshape[0m: (1, 192, 16, 16) [34mdtype[0m: <dtype: 'float32'> 

[32mINFO:[0m [32m218 / 298[0m
[32mINFO:[0m [35monnx_op_type[0m: Conv[35m onnx_op_name[0m: /model.19/cv2/conv/Conv
[32mINFO:[0m [36m input_name.1[0m: /model.19/Concat_output_0 [36mshape[0m: [1, 192, 16, 16] [36mdtype[0m: float32
[32mINFO:[0m [36m input_name.2[0m: model.19.cv2.conv.weight [36mshape[0m: [128, 192, 1, 1] [36mdtype[0m: float32
[32mINFO:[0m [36m input_name.3[0m: model.19.cv2.conv.bias [36mshape[0m: [128] [36mdtype[0m: float32
[32mINFO:[0m [36m output_name.1[0m: /model.19/cv2/conv/Conv_output_0 [36mshape[0m: [1, 128, 16, 16] [36mdtype[0m: float32
[32mINFO:[0m [35mtf_op_type[0m: convolution_v2
[32mINFO:[0m [34m input.1.input[0m: [34mname[0m: tf.compat.v1.transpose_809/transpose:0 [34mshape[0m: (1, 16, 16, 192) [34mdtype[0m: <dtype: 'float32'> 
[32mINFO:[0m [34m input.2.weights[0m: [34mshape[0m: (1, 1, 192, 128) [34mdtype[0m: <dtype: 'float32'> 
[32mINFO:[0m [34m input.3.bias[0m: [34mshape[0m: (128,) [34mdtype[0m: <dtype: 'float32'> 
[32mINFO:[0m [34m input.4.strides[0m: [34mval[0m: [1, 1] 
[32mINFO:[0m [34m input.5.dilations[0m: [34mval[0m: [1, 1] 
[32mINFO:[0m [34m input.6.padding[0m: [34mval[0m: SAME 
[32mINFO:[0m [34m input.7.group[0m: [34mval[0m: 1 
[32mINFO:[0m [34m output.1.output[0m: [34mname[0m: tf.math.add_105/Add:0 [34mshape[0m: (1, 16, 16, 128) [34mdtype[0m: <dtype: 'float32'> 

[32mINFO:[0m [32m219 / 298[0m
[32mINFO:[0m [35monnx_op_type[0m: Sigmoid[35m onnx_op_name[0m: /model.19/cv2/act/Sigmoid
[32mINFO:[0m [36m input_name.1[0m: /model.19/cv2/conv/Conv_output_0 [36mshape[0m: [1, 128, 16, 16] [36mdtype[0m: float32
[32mINFO:[0m [36m output_name.1[0m: /model.19/cv2/act/Sigmoid_output_0 [36mshape[0m: [1, 128, 16, 16] [36mdtype[0m: float32
[32mINFO:[0m [35mtf_op_type[0m: sigmoid
[32mINFO:[0m [34m input.1.x[0m: [34mname[0m: tf.math.add_105/Add:0 [34mshape[0m: (1, 16, 16, 128) [34mdtype[0m: <dtype: 'float32'> 
[32mINFO:[0m [34m output.1.output[0m: [34mname[0m: tf.math.sigmoid_53/Sigmoid:0 [34mshape[0m: (1, 16, 16, 128) [34mdtype[0m: <dtype: 'float32'> 

[32mINFO:[0m [32m220 / 298[0m
[32mINFO:[0m [35monnx_op_type[0m: Mul[35m onnx_op_name[0m: /model.19/cv2/act/Mul
[32mINFO:[0m [36m input_name.1[0m: /model.19/cv2/conv/Conv_output_0 [36mshape[0m: [1, 128, 16, 16] [36mdtype[0m: float32
[32mINFO:[0m [36m input_name.2[0m: /model.19/cv2/act/Sigmoid_output_0 [36mshape[0m: [1, 128, 16, 16] [36mdtype[0m: float32
[32mINFO:[0m [36m output_name.1[0m: /model.19/cv2/act/Mul_output_0 [36mshape[0m: [1, 128, 16, 16] [36mdtype[0m: float32
[32mINFO:[0m [35mtf_op_type[0m: multiply
[32mINFO:[0m [34m input.1.x[0m: [34mname[0m: tf.math.add_105/Add:0 [34mshape[0m: (1, 16, 16, 128) [34mdtype[0m: <dtype: 'float32'> 
[32mINFO:[0m [34m input.2.y[0m: [34mname[0m: tf.math.sigmoid_53/Sigmoid:0 [34mshape[0m: (1, 16, 16, 128) [34mdtype[0m: <dtype: 'float32'> 
[32mINFO:[0m [34m output.1.output[0m: [34mname[0m: tf.math.multiply_241/Mul:0 [34mshape[0m: (1, 16, 16, 128) [34mdtype[0m: <dtype: 'float32'> 

[32mINFO:[0m [32m221 / 298[0m
[32mINFO:[0m [35monnx_op_type[0m: Conv[35m onnx_op_name[0m: /model.20/conv/Conv
[32mINFO:[0m [36m input_name.1[0m: /model.19/cv2/act/Mul_output_0 [36mshape[0m: [1, 128, 16, 16] [36mdtype[0m: float32
[32mINFO:[0m [36m input_name.2[0m: model.20.conv.weight [36mshape[0m: [128, 128, 3, 3] [36mdtype[0m: float32
[32mINFO:[0m [36m input_name.3[0m: model.20.conv.bias [36mshape[0m: [128] [36mdtype[0m: float32
[32mINFO:[0m [36m output_name.1[0m: /model.20/conv/Conv_output_0 [36mshape[0m: [1, 128, 8, 8] [36mdtype[0m: float32
[32mINFO:[0m [35mtf_op_type[0m: convolution_v2
[32mINFO:[0m [34m input.1.input[0m: [34mname[0m: tf.compat.v1.pad_6/Pad:0 [34mshape[0m: (1, 18, 18, 128) [34mdtype[0m: <dtype: 'float32'> 
[32mINFO:[0m [34m input.2.weights[0m: [34mshape[0m: (3, 3, 128, 128) [34mdtype[0m: <dtype: 'float32'> 
[32mINFO:[0m [34m input.3.bias[0m: [34mshape[0m: (128,) [34mdtype[0m: <dtype: 'float32'> 
[32mINFO:[0m [34m input.4.strides[0m: [34mval[0m: [2, 2] 
[32mINFO:[0m [34m input.5.dilations[0m: [34mval[0m: [1, 1] 
[32mINFO:[0m [34m input.6.padding[0m: [34mval[0m: VALID 
[32mINFO:[0m [34m input.7.group[0m: [34mval[0m: 1 
[32mINFO:[0m [34m output.1.output[0m: [34mname[0m: tf.math.add_106/Add:0 [34mshape[0m: (1, 8, 8, 128) [34mdtype[0m: <dtype: 'float32'> 

[32mINFO:[0m [32m222 / 298[0m
[32mINFO:[0m [35monnx_op_type[0m: Conv[35m onnx_op_name[0m: /model.23/cv2.1/cv2.1.0/conv/Conv
[32mINFO:[0m [36m input_name.1[0m: /model.19/cv2/act/Mul_output_0 [36mshape[0m: [1, 128, 16, 16] [36mdtype[0m: float32
[32mINFO:[0m [36m input_name.2[0m: model.23.cv2.1.0.conv.weight [36mshape[0m: [64, 128, 3, 3] [36mdtype[0m: float32
[32mINFO:[0m [36m input_name.3[0m: model.23.cv2.1.0.conv.bias [36mshape[0m: [64] [36mdtype[0m: float32
[32mINFO:[0m [36m output_name.1[0m: /model.23/cv2.1/cv2.1.0/conv/Conv_output_0 [36mshape[0m: [1, 64, 16, 16] [36mdtype[0m: float32
[32mINFO:[0m [35mtf_op_type[0m: convolution_v2
[32mINFO:[0m [34m input.1.input[0m: [34mname[0m: tf.math.multiply_241/Mul:0 [34mshape[0m: (1, 16, 16, 128) [34mdtype[0m: <dtype: 'float32'> 
[32mINFO:[0m [34m input.2.weights[0m: [34mshape[0m: (3, 3, 128, 64) [34mdtype[0m: <dtype: 'float32'> 
[32mINFO:[0m [34m input.3.bias[0m: [34mshape[0m: (64,) [34mdtype[0m: <dtype: 'float32'> 
[32mINFO:[0m [34m input.4.strides[0m: [34mval[0m: [1, 1] 
[32mINFO:[0m [34m input.5.dilations[0m: [34mval[0m: [1, 1] 
[32mINFO:[0m [34m input.6.padding[0m: [34mval[0m: SAME 
[32mINFO:[0m [34m input.7.group[0m: [34mval[0m: 1 
[32mINFO:[0m [34m output.1.output[0m: [34mname[0m: tf.math.add_107/Add:0 [34mshape[0m: (1, 16, 16, 64) [34mdtype[0m: <dtype: 'float32'> 

[32mINFO:[0m [32m223 / 298[0m
[32mINFO:[0m [35monnx_op_type[0m: Conv[35m onnx_op_name[0m: /model.23/cv3.1/cv3.1.0/cv3.1.0.0/conv/Conv
[32mINFO:[0m [36m input_name.1[0m: /model.19/cv2/act/Mul_output_0 [36mshape[0m: [1, 128, 16, 16] [36mdtype[0m: float32
[32mINFO:[0m [36m input_name.2[0m: model.23.cv3.1.0.0.conv.weight [36mshape[0m: [128, 1, 3, 3] [36mdtype[0m: float32
[32mINFO:[0m [36m input_name.3[0m: model.23.cv3.1.0.0.conv.bias [36mshape[0m: [128] [36mdtype[0m: float32
[32mINFO:[0m [36m output_name.1[0m: /model.23/cv3.1/cv3.1.0/cv3.1.0.0/conv/Conv_output_0 [36mshape[0m: [1, 128, 16, 16] [36mdtype[0m: float32
[32mINFO:[0m [35mtf_op_type[0m: depthwise_conv2d_v2
[32mINFO:[0m [34m input.1.input[0m: [34mname[0m: tf.math.multiply_241/Mul:0 [34mshape[0m: (1, 16, 16, 128) [34mdtype[0m: <dtype: 'float32'> 
[32mINFO:[0m [34m input.2.weights[0m: [34mshape[0m: (3, 3, 128, 1) [34mdtype[0m: <dtype: 'float32'> 
[32mINFO:[0m [34m input.3.bias[0m: [34mshape[0m: (128,) [34mdtype[0m: <dtype: 'float32'> 
[32mINFO:[0m [34m input.4.strides[0m: [34mval[0m: [1, 1, 1, 1] 
[32mINFO:[0m [34m input.5.dilations[0m: [34mval[0m: [1, 1] 
[32mINFO:[0m [34m input.6.padding[0m: [34mval[0m: SAME 
[32mINFO:[0m [34m input.7.group[0m: [34mval[0m: 128 
[32mINFO:[0m [34m output.1.output[0m: [34mname[0m: tf.math.add_108/Add:0 [34mshape[0m: (1, 16, 16, 128) [34mdtype[0m: <dtype: 'float32'> 

[32mINFO:[0m [32m224 / 298[0m
[32mINFO:[0m [35monnx_op_type[0m: Sigmoid[35m onnx_op_name[0m: /model.20/act/Sigmoid
[32mINFO:[0m [36m input_name.1[0m: /model.20/conv/Conv_output_0 [36mshape[0m: [1, 128, 8, 8] [36mdtype[0m: float32
[32mINFO:[0m [36m output_name.1[0m: /model.20/act/Sigmoid_output_0 [36mshape[0m: [1, 128, 8, 8] [36mdtype[0m: float32
[32mINFO:[0m [35mtf_op_type[0m: sigmoid
[32mINFO:[0m [34m input.1.x[0m: [34mname[0m: tf.math.add_106/Add:0 [34mshape[0m: (1, 8, 8, 128) [34mdtype[0m: <dtype: 'float32'> 
[32mINFO:[0m [34m output.1.output[0m: [34mname[0m: tf.math.sigmoid_54/Sigmoid:0 [34mshape[0m: (1, 8, 8, 128) [34mdtype[0m: <dtype: 'float32'> 

[32mINFO:[0m [32m225 / 298[0m
[32mINFO:[0m [35monnx_op_type[0m: Sigmoid[35m onnx_op_name[0m: /model.23/cv2.1/cv2.1.0/act/Sigmoid
[32mINFO:[0m [36m input_name.1[0m: /model.23/cv2.1/cv2.1.0/conv/Conv_output_0 [36mshape[0m: [1, 64, 16, 16] [36mdtype[0m: float32
[32mINFO:[0m [36m output_name.1[0m: /model.23/cv2.1/cv2.1.0/act/Sigmoid_output_0 [36mshape[0m: [1, 64, 16, 16] [36mdtype[0m: float32
[32mINFO:[0m [35mtf_op_type[0m: sigmoid
[32mINFO:[0m [34m input.1.x[0m: [34mname[0m: tf.math.add_107/Add:0 [34mshape[0m: (1, 16, 16, 64) [34mdtype[0m: <dtype: 'float32'> 
[32mINFO:[0m [34m output.1.output[0m: [34mname[0m: tf.math.sigmoid_55/Sigmoid:0 [34mshape[0m: (1, 16, 16, 64) [34mdtype[0m: <dtype: 'float32'> 

[32mINFO:[0m [32m226 / 298[0m
[32mINFO:[0m [35monnx_op_type[0m: Sigmoid[35m onnx_op_name[0m: /model.23/cv3.1/cv3.1.0/cv3.1.0.0/act/Sigmoid
[32mINFO:[0m [36m input_name.1[0m: /model.23/cv3.1/cv3.1.0/cv3.1.0.0/conv/Conv_output_0 [36mshape[0m: [1, 128, 16, 16] [36mdtype[0m: float32
[32mINFO:[0m [36m output_name.1[0m: /model.23/cv3.1/cv3.1.0/cv3.1.0.0/act/Sigmoid_output_0 [36mshape[0m: [1, 128, 16, 16] [36mdtype[0m: float32
[32mINFO:[0m [35mtf_op_type[0m: sigmoid
[32mINFO:[0m [34m input.1.x[0m: [34mname[0m: tf.math.add_108/Add:0 [34mshape[0m: (1, 16, 16, 128) [34mdtype[0m: <dtype: 'float32'> 
[32mINFO:[0m [34m output.1.output[0m: [34mname[0m: tf.math.sigmoid_56/Sigmoid:0 [34mshape[0m: (1, 16, 16, 128) [34mdtype[0m: <dtype: 'float32'> 

[32mINFO:[0m [32m227 / 298[0m
[32mINFO:[0m [35monnx_op_type[0m: Mul[35m onnx_op_name[0m: /model.20/act/Mul
[32mINFO:[0m [36m input_name.1[0m: /model.20/conv/Conv_output_0 [36mshape[0m: [1, 128, 8, 8] [36mdtype[0m: float32
[32mINFO:[0m [36m input_name.2[0m: /model.20/act/Sigmoid_output_0 [36mshape[0m: [1, 128, 8, 8] [36mdtype[0m: float32
[32mINFO:[0m [36m output_name.1[0m: /model.20/act/Mul_output_0 [36mshape[0m: [1, 128, 8, 8] [36mdtype[0m: float32
[32mINFO:[0m [35mtf_op_type[0m: multiply
[32mINFO:[0m [34m input.1.x[0m: [34mname[0m: tf.math.add_106/Add:0 [34mshape[0m: (1, 8, 8, 128) [34mdtype[0m: <dtype: 'float32'> 
[32mINFO:[0m [34m input.2.y[0m: [34mname[0m: tf.math.sigmoid_54/Sigmoid:0 [34mshape[0m: (1, 8, 8, 128) [34mdtype[0m: <dtype: 'float32'> 
[32mINFO:[0m [34m output.1.output[0m: [34mname[0m: tf.math.multiply_245/Mul:0 [34mshape[0m: (1, 8, 8, 128) [34mdtype[0m: <dtype: 'float32'> 

[32mINFO:[0m [32m228 / 298[0m
[32mINFO:[0m [35monnx_op_type[0m: Mul[35m onnx_op_name[0m: /model.23/cv2.1/cv2.1.0/act/Mul
[32mINFO:[0m [36m input_name.1[0m: /model.23/cv2.1/cv2.1.0/conv/Conv_output_0 [36mshape[0m: [1, 64, 16, 16] [36mdtype[0m: float32
[32mINFO:[0m [36m input_name.2[0m: /model.23/cv2.1/cv2.1.0/act/Sigmoid_output_0 [36mshape[0m: [1, 64, 16, 16] [36mdtype[0m: float32
[32mINFO:[0m [36m output_name.1[0m: /model.23/cv2.1/cv2.1.0/act/Mul_output_0 [36mshape[0m: [1, 64, 16, 16] [36mdtype[0m: float32
[32mINFO:[0m [35mtf_op_type[0m: multiply
[32mINFO:[0m [34m input.1.x[0m: [34mname[0m: tf.math.add_107/Add:0 [34mshape[0m: (1, 16, 16, 64) [34mdtype[0m: <dtype: 'float32'> 
[32mINFO:[0m [34m input.2.y[0m: [34mname[0m: tf.math.sigmoid_55/Sigmoid:0 [34mshape[0m: (1, 16, 16, 64) [34mdtype[0m: <dtype: 'float32'> 
[32mINFO:[0m [34m output.1.output[0m: [34mname[0m: tf.math.multiply_249/Mul:0 [34mshape[0m: (1, 16, 16, 64) [34mdtype[0m: <dtype: 'float32'> 

[32mINFO:[0m [32m229 / 298[0m
[32mINFO:[0m [35monnx_op_type[0m: Mul[35m onnx_op_name[0m: /model.23/cv3.1/cv3.1.0/cv3.1.0.0/act/Mul
[32mINFO:[0m [36m input_name.1[0m: /model.23/cv3.1/cv3.1.0/cv3.1.0.0/conv/Conv_output_0 [36mshape[0m: [1, 128, 16, 16] [36mdtype[0m: float32
[32mINFO:[0m [36m input_name.2[0m: /model.23/cv3.1/cv3.1.0/cv3.1.0.0/act/Sigmoid_output_0 [36mshape[0m: [1, 128, 16, 16] [36mdtype[0m: float32
[32mINFO:[0m [36m output_name.1[0m: /model.23/cv3.1/cv3.1.0/cv3.1.0.0/act/Mul_output_0 [36mshape[0m: [1, 128, 16, 16] [36mdtype[0m: float32
[32mINFO:[0m [35mtf_op_type[0m: multiply
[32mINFO:[0m [34m input.1.x[0m: [34mname[0m: tf.math.add_108/Add:0 [34mshape[0m: (1, 16, 16, 128) [34mdtype[0m: <dtype: 'float32'> 
[32mINFO:[0m [34m input.2.y[0m: [34mname[0m: tf.math.sigmoid_56/Sigmoid:0 [34mshape[0m: (1, 16, 16, 128) [34mdtype[0m: <dtype: 'float32'> 
[32mINFO:[0m [34m output.1.output[0m: [34mname[0m: tf.math.multiply_253/Mul:0 [34mshape[0m: (1, 16, 16, 128) [34mdtype[0m: <dtype: 'float32'> 

[32mINFO:[0m [32m230 / 298[0m
[32mINFO:[0m [35monnx_op_type[0m: Concat[35m onnx_op_name[0m: /model.21/Concat
[32mINFO:[0m [36m input_name.1[0m: /model.20/act/Mul_output_0 [36mshape[0m: [1, 128, 8, 8] [36mdtype[0m: float32
[32mINFO:[0m [36m input_name.2[0m: /model.10/cv2/act/Mul_output_0 [36mshape[0m: [1, 256, 8, 8] [36mdtype[0m: float32
[32mINFO:[0m [36m output_name.1[0m: /model.21/Concat_output_0 [36mshape[0m: [1, 384, 8, 8] [36mdtype[0m: float32
[32mINFO:[0m [35mtf_op_type[0m: concat
[32mINFO:[0m [34m input.1.input0[0m: [34mname[0m: tf.math.multiply_245/Mul:0 [34mshape[0m: (1, 8, 8, 128) [34mdtype[0m: <dtype: 'float32'> 
[32mINFO:[0m [34m input.2.input1[0m: [34mname[0m: tf.math.multiply_159/Mul:0 [34mshape[0m: (1, 8, 8, 256) [34mdtype[0m: <dtype: 'float32'> 
[32mINFO:[0m [34m input.3.axis[0m: [34mval[0m: 3 
[32mINFO:[0m [34m output.1.output[0m: [34mname[0m: tf.concat_213/concat:0 [34mshape[0m: (1, 8, 8, 384) [34mdtype[0m: <dtype: 'float32'> 

[32mINFO:[0m [32m231 / 298[0m
[32mINFO:[0m [35monnx_op_type[0m: Conv[35m onnx_op_name[0m: /model.23/cv2.1/cv2.1.1/conv/Conv
[32mINFO:[0m [36m input_name.1[0m: /model.23/cv2.1/cv2.1.0/act/Mul_output_0 [36mshape[0m: [1, 64, 16, 16] [36mdtype[0m: float32
[32mINFO:[0m [36m input_name.2[0m: model.23.cv2.1.1.conv.weight [36mshape[0m: [64, 64, 3, 3] [36mdtype[0m: float32
[32mINFO:[0m [36m input_name.3[0m: model.23.cv2.1.1.conv.bias [36mshape[0m: [64] [36mdtype[0m: float32
[32mINFO:[0m [36m output_name.1[0m: /model.23/cv2.1/cv2.1.1/conv/Conv_output_0 [36mshape[0m: [1, 64, 16, 16] [36mdtype[0m: float32
[32mINFO:[0m [35mtf_op_type[0m: convolution_v2
[32mINFO:[0m [34m input.1.input[0m: [34mname[0m: tf.math.multiply_249/Mul:0 [34mshape[0m: (1, 16, 16, 64) [34mdtype[0m: <dtype: 'float32'> 
[32mINFO:[0m [34m input.2.weights[0m: [34mshape[0m: (3, 3, 64, 64) [34mdtype[0m: <dtype: 'float32'> 
[32mINFO:[0m [34m input.3.bias[0m: [34mshape[0m: (64,) [34mdtype[0m: <dtype: 'float32'> 
[32mINFO:[0m [34m input.4.strides[0m: [34mval[0m: [1, 1] 
[32mINFO:[0m [34m input.5.dilations[0m: [34mval[0m: [1, 1] 
[32mINFO:[0m [34m input.6.padding[0m: [34mval[0m: SAME 
[32mINFO:[0m [34m input.7.group[0m: [34mval[0m: 1 
[32mINFO:[0m [34m output.1.output[0m: [34mname[0m: tf.math.add_109/Add:0 [34mshape[0m: (1, 16, 16, 64) [34mdtype[0m: <dtype: 'float32'> 

[32mINFO:[0m [32m232 / 298[0m
[32mINFO:[0m [35monnx_op_type[0m: Conv[35m onnx_op_name[0m: /model.23/cv3.1/cv3.1.0/cv3.1.0.1/conv/Conv
[32mINFO:[0m [36m input_name.1[0m: /model.23/cv3.1/cv3.1.0/cv3.1.0.0/act/Mul_output_0 [36mshape[0m: [1, 128, 16, 16] [36mdtype[0m: float32
[32mINFO:[0m [36m input_name.2[0m: model.23.cv3.1.0.1.conv.weight [36mshape[0m: [64, 128, 1, 1] [36mdtype[0m: float32
[32mINFO:[0m [36m input_name.3[0m: model.23.cv3.1.0.1.conv.bias [36mshape[0m: [64] [36mdtype[0m: float32
[32mINFO:[0m [36m output_name.1[0m: /model.23/cv3.1/cv3.1.0/cv3.1.0.1/conv/Conv_output_0 [36mshape[0m: [1, 64, 16, 16] [36mdtype[0m: float32
[32mINFO:[0m [35mtf_op_type[0m: convolution_v2
[32mINFO:[0m [34m input.1.input[0m: [34mname[0m: tf.math.multiply_253/Mul:0 [34mshape[0m: (1, 16, 16, 128) [34mdtype[0m: <dtype: 'float32'> 
[32mINFO:[0m [34m input.2.weights[0m: [34mshape[0m: (1, 1, 128, 64) [34mdtype[0m: <dtype: 'float32'> 
[32mINFO:[0m [34m input.3.bias[0m: [34mshape[0m: (64,) [34mdtype[0m: <dtype: 'float32'> 
[32mINFO:[0m [34m input.4.strides[0m: [34mval[0m: [1, 1] 
[32mINFO:[0m [34m input.5.dilations[0m: [34mval[0m: [1, 1] 
[32mINFO:[0m [34m input.6.padding[0m: [34mval[0m: SAME 
[32mINFO:[0m [34m input.7.group[0m: [34mval[0m: 1 
[32mINFO:[0m [34m output.1.output[0m: [34mname[0m: tf.math.add_110/Add:0 [34mshape[0m: (1, 16, 16, 64) [34mdtype[0m: <dtype: 'float32'> 

[32mINFO:[0m [32m233 / 298[0m
[32mINFO:[0m [35monnx_op_type[0m: Conv[35m onnx_op_name[0m: /model.22/cv1/conv/Conv
[32mINFO:[0m [36m input_name.1[0m: /model.21/Concat_output_0 [36mshape[0m: [1, 384, 8, 8] [36mdtype[0m: float32
[32mINFO:[0m [36m input_name.2[0m: model.22.cv1.conv.weight [36mshape[0m: [256, 384, 1, 1] [36mdtype[0m: float32
[32mINFO:[0m [36m input_name.3[0m: model.22.cv1.conv.bias [36mshape[0m: [256] [36mdtype[0m: float32
[32mINFO:[0m [36m output_name.1[0m: /model.22/cv1/conv/Conv_output_0 [36mshape[0m: [1, 256, 8, 8] [36mdtype[0m: float32
[32mINFO:[0m [35mtf_op_type[0m: convolution_v2
[32mINFO:[0m [34m input.1.input[0m: [34mname[0m: tf.concat_213/concat:0 [34mshape[0m: (1, 8, 8, 384) [34mdtype[0m: <dtype: 'float32'> 
[32mINFO:[0m [34m input.2.weights[0m: [34mshape[0m: (1, 1, 384, 256) [34mdtype[0m: <dtype: 'float32'> 
[32mINFO:[0m [34m input.3.bias[0m: [34mshape[0m: (256,) [34mdtype[0m: <dtype: 'float32'> 
[32mINFO:[0m [34m input.4.strides[0m: [34mval[0m: [1, 1] 
[32mINFO:[0m [34m input.5.dilations[0m: [34mval[0m: [1, 1] 
[32mINFO:[0m [34m input.6.padding[0m: [34mval[0m: SAME 
[32mINFO:[0m [34m input.7.group[0m: [34mval[0m: 1 
[32mINFO:[0m [34m output.1.output[0m: [34mname[0m: tf.math.add_111/Add:0 [34mshape[0m: (1, 8, 8, 256) [34mdtype[0m: <dtype: 'float32'> 

[32mINFO:[0m [32m234 / 298[0m
[32mINFO:[0m [35monnx_op_type[0m: Sigmoid[35m onnx_op_name[0m: /model.23/cv2.1/cv2.1.1/act/Sigmoid
[32mINFO:[0m [36m input_name.1[0m: /model.23/cv2.1/cv2.1.1/conv/Conv_output_0 [36mshape[0m: [1, 64, 16, 16] [36mdtype[0m: float32
[32mINFO:[0m [36m output_name.1[0m: /model.23/cv2.1/cv2.1.1/act/Sigmoid_output_0 [36mshape[0m: [1, 64, 16, 16] [36mdtype[0m: float32
[32mINFO:[0m [35mtf_op_type[0m: sigmoid
[32mINFO:[0m [34m input.1.x[0m: [34mname[0m: tf.math.add_109/Add:0 [34mshape[0m: (1, 16, 16, 64) [34mdtype[0m: <dtype: 'float32'> 
[32mINFO:[0m [34m output.1.output[0m: [34mname[0m: tf.math.sigmoid_57/Sigmoid:0 [34mshape[0m: (1, 16, 16, 64) [34mdtype[0m: <dtype: 'float32'> 

[32mINFO:[0m [32m235 / 298[0m
[32mINFO:[0m [35monnx_op_type[0m: Sigmoid[35m onnx_op_name[0m: /model.23/cv3.1/cv3.1.0/cv3.1.0.1/act/Sigmoid
[32mINFO:[0m [36m input_name.1[0m: /model.23/cv3.1/cv3.1.0/cv3.1.0.1/conv/Conv_output_0 [36mshape[0m: [1, 64, 16, 16] [36mdtype[0m: float32
[32mINFO:[0m [36m output_name.1[0m: /model.23/cv3.1/cv3.1.0/cv3.1.0.1/act/Sigmoid_output_0 [36mshape[0m: [1, 64, 16, 16] [36mdtype[0m: float32
[32mINFO:[0m [35mtf_op_type[0m: sigmoid
[32mINFO:[0m [34m input.1.x[0m: [34mname[0m: tf.math.add_110/Add:0 [34mshape[0m: (1, 16, 16, 64) [34mdtype[0m: <dtype: 'float32'> 
[32mINFO:[0m [34m output.1.output[0m: [34mname[0m: tf.math.sigmoid_58/Sigmoid:0 [34mshape[0m: (1, 16, 16, 64) [34mdtype[0m: <dtype: 'float32'> 

[32mINFO:[0m [32m236 / 298[0m
[32mINFO:[0m [35monnx_op_type[0m: Sigmoid[35m onnx_op_name[0m: /model.22/cv1/act/Sigmoid
[32mINFO:[0m [36m input_name.1[0m: /model.22/cv1/conv/Conv_output_0 [36mshape[0m: [1, 256, 8, 8] [36mdtype[0m: float32
[32mINFO:[0m [36m output_name.1[0m: /model.22/cv1/act/Sigmoid_output_0 [36mshape[0m: [1, 256, 8, 8] [36mdtype[0m: float32
[32mINFO:[0m [35mtf_op_type[0m: sigmoid
[32mINFO:[0m [34m input.1.x[0m: [34mname[0m: tf.math.add_111/Add:0 [34mshape[0m: (1, 8, 8, 256) [34mdtype[0m: <dtype: 'float32'> 
[32mINFO:[0m [34m output.1.output[0m: [34mname[0m: tf.math.sigmoid_59/Sigmoid:0 [34mshape[0m: (1, 8, 8, 256) [34mdtype[0m: <dtype: 'float32'> 

[32mINFO:[0m [32m237 / 298[0m
[32mINFO:[0m [35monnx_op_type[0m: Mul[35m onnx_op_name[0m: /model.23/cv2.1/cv2.1.1/act/Mul
[32mINFO:[0m [36m input_name.1[0m: /model.23/cv2.1/cv2.1.1/conv/Conv_output_0 [36mshape[0m: [1, 64, 16, 16] [36mdtype[0m: float32
[32mINFO:[0m [36m input_name.2[0m: /model.23/cv2.1/cv2.1.1/act/Sigmoid_output_0 [36mshape[0m: [1, 64, 16, 16] [36mdtype[0m: float32
[32mINFO:[0m [36m output_name.1[0m: /model.23/cv2.1/cv2.1.1/act/Mul_output_0 [36mshape[0m: [1, 64, 16, 16] [36mdtype[0m: float32
[32mINFO:[0m [35mtf_op_type[0m: multiply
[32mINFO:[0m [34m input.1.x[0m: [34mname[0m: tf.math.add_109/Add:0 [34mshape[0m: (1, 16, 16, 64) [34mdtype[0m: <dtype: 'float32'> 
[32mINFO:[0m [34m input.2.y[0m: [34mname[0m: tf.math.sigmoid_57/Sigmoid:0 [34mshape[0m: (1, 16, 16, 64) [34mdtype[0m: <dtype: 'float32'> 
[32mINFO:[0m [34m output.1.output[0m: [34mname[0m: tf.math.multiply_257/Mul:0 [34mshape[0m: (1, 16, 16, 64) [34mdtype[0m: <dtype: 'float32'> 

[32mINFO:[0m [32m238 / 298[0m
[32mINFO:[0m [35monnx_op_type[0m: Mul[35m onnx_op_name[0m: /model.23/cv3.1/cv3.1.0/cv3.1.0.1/act/Mul
[32mINFO:[0m [36m input_name.1[0m: /model.23/cv3.1/cv3.1.0/cv3.1.0.1/conv/Conv_output_0 [36mshape[0m: [1, 64, 16, 16] [36mdtype[0m: float32
[32mINFO:[0m [36m input_name.2[0m: /model.23/cv3.1/cv3.1.0/cv3.1.0.1/act/Sigmoid_output_0 [36mshape[0m: [1, 64, 16, 16] [36mdtype[0m: float32
[32mINFO:[0m [36m output_name.1[0m: /model.23/cv3.1/cv3.1.0/cv3.1.0.1/act/Mul_output_0 [36mshape[0m: [1, 64, 16, 16] [36mdtype[0m: float32
[32mINFO:[0m [35mtf_op_type[0m: multiply
[32mINFO:[0m [34m input.1.x[0m: [34mname[0m: tf.math.add_110/Add:0 [34mshape[0m: (1, 16, 16, 64) [34mdtype[0m: <dtype: 'float32'> 
[32mINFO:[0m [34m input.2.y[0m: [34mname[0m: tf.math.sigmoid_58/Sigmoid:0 [34mshape[0m: (1, 16, 16, 64) [34mdtype[0m: <dtype: 'float32'> 
[32mINFO:[0m [34m output.1.output[0m: [34mname[0m: tf.math.multiply_261/Mul:0 [34mshape[0m: (1, 16, 16, 64) [34mdtype[0m: <dtype: 'float32'> 

[32mINFO:[0m [32m239 / 298[0m
[32mINFO:[0m [35monnx_op_type[0m: Mul[35m onnx_op_name[0m: /model.22/cv1/act/Mul
[32mINFO:[0m [36m input_name.1[0m: /model.22/cv1/conv/Conv_output_0 [36mshape[0m: [1, 256, 8, 8] [36mdtype[0m: float32
[32mINFO:[0m [36m input_name.2[0m: /model.22/cv1/act/Sigmoid_output_0 [36mshape[0m: [1, 256, 8, 8] [36mdtype[0m: float32
[32mINFO:[0m [36m output_name.1[0m: /model.22/cv1/act/Mul_output_0 [36mshape[0m: [1, 256, 8, 8] [36mdtype[0m: float32
[32mINFO:[0m [35mtf_op_type[0m: multiply
[32mINFO:[0m [34m input.1.x[0m: [34mname[0m: tf.math.add_111/Add:0 [34mshape[0m: (1, 8, 8, 256) [34mdtype[0m: <dtype: 'float32'> 
[32mINFO:[0m [34m input.2.y[0m: [34mname[0m: tf.math.sigmoid_59/Sigmoid:0 [34mshape[0m: (1, 8, 8, 256) [34mdtype[0m: <dtype: 'float32'> 
[32mINFO:[0m [34m output.1.output[0m: [34mname[0m: tf.math.multiply_265/Mul:0 [34mshape[0m: (1, 8, 8, 256) [34mdtype[0m: <dtype: 'float32'> 

[32mINFO:[0m [32m240 / 298[0m
[32mINFO:[0m [35monnx_op_type[0m: Conv[35m onnx_op_name[0m: /model.23/cv2.1/cv2.1.2/Conv
[32mINFO:[0m [36m input_name.1[0m: /model.23/cv2.1/cv2.1.1/act/Mul_output_0 [36mshape[0m: [1, 64, 16, 16] [36mdtype[0m: float32
[32mINFO:[0m [36m input_name.2[0m: model.23.cv2.1.2.weight [36mshape[0m: [64, 64, 1, 1] [36mdtype[0m: float32
[32mINFO:[0m [36m input_name.3[0m: model.23.cv2.1.2.bias [36mshape[0m: [64] [36mdtype[0m: float32
[32mINFO:[0m [36m output_name.1[0m: /model.23/cv2.1/cv2.1.2/Conv_output_0 [36mshape[0m: [1, 64, 16, 16] [36mdtype[0m: float32
[32mINFO:[0m [35mtf_op_type[0m: convolution_v2
[32mINFO:[0m [34m input.1.input[0m: [34mname[0m: tf.math.multiply_257/Mul:0 [34mshape[0m: (1, 16, 16, 64) [34mdtype[0m: <dtype: 'float32'> 
[32mINFO:[0m [34m input.2.weights[0m: [34mshape[0m: (1, 1, 64, 64) [34mdtype[0m: <dtype: 'float32'> 
[32mINFO:[0m [34m input.3.bias[0m: [34mshape[0m: (64,) [34mdtype[0m: <dtype: 'float32'> 
[32mINFO:[0m [34m input.4.strides[0m: [34mval[0m: [1, 1] 
[32mINFO:[0m [34m input.5.dilations[0m: [34mval[0m: [1, 1] 
[32mINFO:[0m [34m input.6.padding[0m: [34mval[0m: SAME 
[32mINFO:[0m [34m input.7.group[0m: [34mval[0m: 1 
[32mINFO:[0m [34m output.1.output[0m: [34mname[0m: tf.math.add_112/Add:0 [34mshape[0m: (1, 16, 16, 64) [34mdtype[0m: <dtype: 'float32'> 

[32mINFO:[0m [32m241 / 298[0m
[32mINFO:[0m [35monnx_op_type[0m: Conv[35m onnx_op_name[0m: /model.23/cv3.1/cv3.1.1/cv3.1.1.0/conv/Conv
[32mINFO:[0m [36m input_name.1[0m: /model.23/cv3.1/cv3.1.0/cv3.1.0.1/act/Mul_output_0 [36mshape[0m: [1, 64, 16, 16] [36mdtype[0m: float32
[32mINFO:[0m [36m input_name.2[0m: model.23.cv3.1.1.0.conv.weight [36mshape[0m: [64, 1, 3, 3] [36mdtype[0m: float32
[32mINFO:[0m [36m input_name.3[0m: model.23.cv3.1.1.0.conv.bias [36mshape[0m: [64] [36mdtype[0m: float32
[32mINFO:[0m [36m output_name.1[0m: /model.23/cv3.1/cv3.1.1/cv3.1.1.0/conv/Conv_output_0 [36mshape[0m: [1, 64, 16, 16] [36mdtype[0m: float32
[32mINFO:[0m [35mtf_op_type[0m: depthwise_conv2d_v2
[32mINFO:[0m [34m input.1.input[0m: [34mname[0m: tf.math.multiply_261/Mul:0 [34mshape[0m: (1, 16, 16, 64) [34mdtype[0m: <dtype: 'float32'> 
[32mINFO:[0m [34m input.2.weights[0m: [34mshape[0m: (3, 3, 64, 1) [34mdtype[0m: <dtype: 'float32'> 
[32mINFO:[0m [34m input.3.bias[0m: [34mshape[0m: (64,) [34mdtype[0m: <dtype: 'float32'> 
[32mINFO:[0m [34m input.4.strides[0m: [34mval[0m: [1, 1, 1, 1] 
[32mINFO:[0m [34m input.5.dilations[0m: [34mval[0m: [1, 1] 
[32mINFO:[0m [34m input.6.padding[0m: [34mval[0m: SAME 
[32mINFO:[0m [34m input.7.group[0m: [34mval[0m: 64 
[32mINFO:[0m [34m output.1.output[0m: [34mname[0m: tf.math.add_113/Add:0 [34mshape[0m: (1, 16, 16, 64) [34mdtype[0m: <dtype: 'float32'> 

[32mINFO:[0m [32m242 / 298[0m
[32mINFO:[0m [35monnx_op_type[0m: Split[35m onnx_op_name[0m: /model.22/Split
[32mINFO:[0m [36m input_name.1[0m: /model.22/cv1/act/Mul_output_0 [36mshape[0m: [1, 256, 8, 8] [36mdtype[0m: float32
[32mINFO:[0m [36m output_name.1[0m: /model.22/Split_output_0 [36mshape[0m: [1, 128, 8, 8] [36mdtype[0m: float32
[32mINFO:[0m [36m output_name.2[0m: /model.22/Split_output_1 [36mshape[0m: [1, 128, 8, 8] [36mdtype[0m: float32
[32mINFO:[0m [35mtf_op_type[0m: split
[32mINFO:[0m [34m input.1.value[0m: [34mname[0m: tf.math.multiply_265/Mul:0 [34mshape[0m: (1, 8, 8, 256) [34mdtype[0m: <dtype: 'float32'> 
[32mINFO:[0m [34m input.2.num_or_size_splits[0m: [34mval[0m: [128, 128] 
[32mINFO:[0m [34m input.3.axis[0m: [34mval[0m: 3 
[32mINFO:[0m [34m input.4.num[0m: 
[32mINFO:[0m [34m output.1.output0[0m: [34mname[0m: tf.split_8/split:0 [34mshape[0m: (1, 8, 8, 128) [34mdtype[0m: <dtype: 'float32'> 
[32mINFO:[0m [34m output.2.output1[0m: [34mname[0m: tf.split_8/split:1 [34mshape[0m: (1, 8, 8, 128) [34mdtype[0m: <dtype: 'float32'> 

[32mINFO:[0m [32m243 / 298[0m
[32mINFO:[0m [35monnx_op_type[0m: Sigmoid[35m onnx_op_name[0m: /model.23/cv3.1/cv3.1.1/cv3.1.1.0/act/Sigmoid
[32mINFO:[0m [36m input_name.1[0m: /model.23/cv3.1/cv3.1.1/cv3.1.1.0/conv/Conv_output_0 [36mshape[0m: [1, 64, 16, 16] [36mdtype[0m: float32
[32mINFO:[0m [36m output_name.1[0m: /model.23/cv3.1/cv3.1.1/cv3.1.1.0/act/Sigmoid_output_0 [36mshape[0m: [1, 64, 16, 16] [36mdtype[0m: float32
[32mINFO:[0m [35mtf_op_type[0m: sigmoid
[32mINFO:[0m [34m input.1.x[0m: [34mname[0m: tf.math.add_113/Add:0 [34mshape[0m: (1, 16, 16, 64) [34mdtype[0m: <dtype: 'float32'> 
[32mINFO:[0m [34m output.1.output[0m: [34mname[0m: tf.math.sigmoid_60/Sigmoid:0 [34mshape[0m: (1, 16, 16, 64) [34mdtype[0m: <dtype: 'float32'> 

[32mINFO:[0m [32m244 / 298[0m
[32mINFO:[0m [35monnx_op_type[0m: Conv[35m onnx_op_name[0m: /model.22/m.0/cv1/conv/Conv
[32mINFO:[0m [36m input_name.1[0m: /model.22/Split_output_1 [36mshape[0m: [1, 128, 8, 8] [36mdtype[0m: float32
[32mINFO:[0m [36m input_name.2[0m: model.22.m.0.cv1.conv.weight [36mshape[0m: [64, 128, 1, 1] [36mdtype[0m: float32
[32mINFO:[0m [36m input_name.3[0m: model.22.m.0.cv1.conv.bias [36mshape[0m: [64] [36mdtype[0m: float32
[32mINFO:[0m [36m output_name.1[0m: /model.22/m.0/cv1/conv/Conv_output_0 [36mshape[0m: [1, 64, 8, 8] [36mdtype[0m: float32
[32mINFO:[0m [35mtf_op_type[0m: convolution_v2
[32mINFO:[0m [34m input.1.input[0m: [34mname[0m: tf.split_8/split:1 [34mshape[0m: (1, 8, 8, 128) [34mdtype[0m: <dtype: 'float32'> 
[32mINFO:[0m [34m input.2.weights[0m: [34mshape[0m: (1, 1, 128, 64) [34mdtype[0m: <dtype: 'float32'> 
[32mINFO:[0m [34m input.3.bias[0m: [34mshape[0m: (64,) [34mdtype[0m: <dtype: 'float32'> 
[32mINFO:[0m [34m input.4.strides[0m: [34mval[0m: [1, 1] 
[32mINFO:[0m [34m input.5.dilations[0m: [34mval[0m: [1, 1] 
[32mINFO:[0m [34m input.6.padding[0m: [34mval[0m: SAME 
[32mINFO:[0m [34m input.7.group[0m: [34mval[0m: 1 
[32mINFO:[0m [34m output.1.output[0m: [34mname[0m: tf.math.add_114/Add:0 [34mshape[0m: (1, 8, 8, 64) [34mdtype[0m: <dtype: 'float32'> 

[32mINFO:[0m [32m245 / 298[0m
[32mINFO:[0m [35monnx_op_type[0m: Conv[35m onnx_op_name[0m: /model.22/m.0/cv2/conv/Conv
[32mINFO:[0m [36m input_name.1[0m: /model.22/Split_output_1 [36mshape[0m: [1, 128, 8, 8] [36mdtype[0m: float32
[32mINFO:[0m [36m input_name.2[0m: model.22.m.0.cv2.conv.weight [36mshape[0m: [64, 128, 1, 1] [36mdtype[0m: float32
[32mINFO:[0m [36m input_name.3[0m: model.22.m.0.cv2.conv.bias [36mshape[0m: [64] [36mdtype[0m: float32
[32mINFO:[0m [36m output_name.1[0m: /model.22/m.0/cv2/conv/Conv_output_0 [36mshape[0m: [1, 64, 8, 8] [36mdtype[0m: float32
[32mINFO:[0m [35mtf_op_type[0m: convolution_v2
[32mINFO:[0m [34m input.1.input[0m: [34mname[0m: tf.split_8/split:1 [34mshape[0m: (1, 8, 8, 128) [34mdtype[0m: <dtype: 'float32'> 
[32mINFO:[0m [34m input.2.weights[0m: [34mshape[0m: (1, 1, 128, 64) [34mdtype[0m: <dtype: 'float32'> 
[32mINFO:[0m [34m input.3.bias[0m: [34mshape[0m: (64,) [34mdtype[0m: <dtype: 'float32'> 
[32mINFO:[0m [34m input.4.strides[0m: [34mval[0m: [1, 1] 
[32mINFO:[0m [34m input.5.dilations[0m: [34mval[0m: [1, 1] 
[32mINFO:[0m [34m input.6.padding[0m: [34mval[0m: SAME 
[32mINFO:[0m [34m input.7.group[0m: [34mval[0m: 1 
[32mINFO:[0m [34m output.1.output[0m: [34mname[0m: tf.math.add_115/Add:0 [34mshape[0m: (1, 8, 8, 64) [34mdtype[0m: <dtype: 'float32'> 

[32mINFO:[0m [32m246 / 298[0m
[32mINFO:[0m [35monnx_op_type[0m: Mul[35m onnx_op_name[0m: /model.23/cv3.1/cv3.1.1/cv3.1.1.0/act/Mul
[32mINFO:[0m [36m input_name.1[0m: /model.23/cv3.1/cv3.1.1/cv3.1.1.0/conv/Conv_output_0 [36mshape[0m: [1, 64, 16, 16] [36mdtype[0m: float32
[32mINFO:[0m [36m input_name.2[0m: /model.23/cv3.1/cv3.1.1/cv3.1.1.0/act/Sigmoid_output_0 [36mshape[0m: [1, 64, 16, 16] [36mdtype[0m: float32
[32mINFO:[0m [36m output_name.1[0m: /model.23/cv3.1/cv3.1.1/cv3.1.1.0/act/Mul_output_0 [36mshape[0m: [1, 64, 16, 16] [36mdtype[0m: float32
[32mINFO:[0m [35mtf_op_type[0m: multiply
[32mINFO:[0m [34m input.1.x[0m: [34mname[0m: tf.math.add_113/Add:0 [34mshape[0m: (1, 16, 16, 64) [34mdtype[0m: <dtype: 'float32'> 
[32mINFO:[0m [34m input.2.y[0m: [34mname[0m: tf.math.sigmoid_60/Sigmoid:0 [34mshape[0m: (1, 16, 16, 64) [34mdtype[0m: <dtype: 'float32'> 
[32mINFO:[0m [34m output.1.output[0m: [34mname[0m: tf.math.multiply_269/Mul:0 [34mshape[0m: (1, 16, 16, 64) [34mdtype[0m: <dtype: 'float32'> 

[32mINFO:[0m [32m247 / 298[0m
[32mINFO:[0m [35monnx_op_type[0m: Sigmoid[35m onnx_op_name[0m: /model.22/m.0/cv1/act/Sigmoid
[32mINFO:[0m [36m input_name.1[0m: /model.22/m.0/cv1/conv/Conv_output_0 [36mshape[0m: [1, 64, 8, 8] [36mdtype[0m: float32
[32mINFO:[0m [36m output_name.1[0m: /model.22/m.0/cv1/act/Sigmoid_output_0 [36mshape[0m: [1, 64, 8, 8] [36mdtype[0m: float32
[32mINFO:[0m [35mtf_op_type[0m: sigmoid
[32mINFO:[0m [34m input.1.x[0m: [34mname[0m: tf.math.add_114/Add:0 [34mshape[0m: (1, 8, 8, 64) [34mdtype[0m: <dtype: 'float32'> 
[32mINFO:[0m [34m output.1.output[0m: [34mname[0m: tf.math.sigmoid_61/Sigmoid:0 [34mshape[0m: (1, 8, 8, 64) [34mdtype[0m: <dtype: 'float32'> 

[32mINFO:[0m [32m248 / 298[0m
[32mINFO:[0m [35monnx_op_type[0m: Sigmoid[35m onnx_op_name[0m: /model.22/m.0/cv2/act/Sigmoid
[32mINFO:[0m [36m input_name.1[0m: /model.22/m.0/cv2/conv/Conv_output_0 [36mshape[0m: [1, 64, 8, 8] [36mdtype[0m: float32
[32mINFO:[0m [36m output_name.1[0m: /model.22/m.0/cv2/act/Sigmoid_output_0 [36mshape[0m: [1, 64, 8, 8] [36mdtype[0m: float32
[32mINFO:[0m [35mtf_op_type[0m: sigmoid
[32mINFO:[0m [34m input.1.x[0m: [34mname[0m: tf.math.add_115/Add:0 [34mshape[0m: (1, 8, 8, 64) [34mdtype[0m: <dtype: 'float32'> 
[32mINFO:[0m [34m output.1.output[0m: [34mname[0m: tf.math.sigmoid_62/Sigmoid:0 [34mshape[0m: (1, 8, 8, 64) [34mdtype[0m: <dtype: 'float32'> 

[32mINFO:[0m [32m249 / 298[0m
[32mINFO:[0m [35monnx_op_type[0m: Conv[35m onnx_op_name[0m: /model.23/cv3.1/cv3.1.1/cv3.1.1.1/conv/Conv
[32mINFO:[0m [36m input_name.1[0m: /model.23/cv3.1/cv3.1.1/cv3.1.1.0/act/Mul_output_0 [36mshape[0m: [1, 64, 16, 16] [36mdtype[0m: float32
[32mINFO:[0m [36m input_name.2[0m: model.23.cv3.1.1.1.conv.weight [36mshape[0m: [64, 64, 1, 1] [36mdtype[0m: float32
[32mINFO:[0m [36m input_name.3[0m: model.23.cv3.1.1.1.conv.bias [36mshape[0m: [64] [36mdtype[0m: float32
[32mINFO:[0m [36m output_name.1[0m: /model.23/cv3.1/cv3.1.1/cv3.1.1.1/conv/Conv_output_0 [36mshape[0m: [1, 64, 16, 16] [36mdtype[0m: float32
[32mINFO:[0m [35mtf_op_type[0m: convolution_v2
[32mINFO:[0m [34m input.1.input[0m: [34mname[0m: tf.math.multiply_269/Mul:0 [34mshape[0m: (1, 16, 16, 64) [34mdtype[0m: <dtype: 'float32'> 
[32mINFO:[0m [34m input.2.weights[0m: [34mshape[0m: (1, 1, 64, 64) [34mdtype[0m: <dtype: 'float32'> 
[32mINFO:[0m [34m input.3.bias[0m: [34mshape[0m: (64,) [34mdtype[0m: <dtype: 'float32'> 
[32mINFO:[0m [34m input.4.strides[0m: [34mval[0m: [1, 1] 
[32mINFO:[0m [34m input.5.dilations[0m: [34mval[0m: [1, 1] 
[32mINFO:[0m [34m input.6.padding[0m: [34mval[0m: SAME 
[32mINFO:[0m [34m input.7.group[0m: [34mval[0m: 1 
[32mINFO:[0m [34m output.1.output[0m: [34mname[0m: tf.math.add_116/Add:0 [34mshape[0m: (1, 16, 16, 64) [34mdtype[0m: <dtype: 'float32'> 

[32mINFO:[0m [32m250 / 298[0m
[32mINFO:[0m [35monnx_op_type[0m: Mul[35m onnx_op_name[0m: /model.22/m.0/cv1/act/Mul
[32mINFO:[0m [36m input_name.1[0m: /model.22/m.0/cv1/conv/Conv_output_0 [36mshape[0m: [1, 64, 8, 8] [36mdtype[0m: float32
[32mINFO:[0m [36m input_name.2[0m: /model.22/m.0/cv1/act/Sigmoid_output_0 [36mshape[0m: [1, 64, 8, 8] [36mdtype[0m: float32
[32mINFO:[0m [36m output_name.1[0m: /model.22/m.0/cv1/act/Mul_output_0 [36mshape[0m: [1, 64, 8, 8] [36mdtype[0m: float32
[32mINFO:[0m [35mtf_op_type[0m: multiply
[32mINFO:[0m [34m input.1.x[0m: [34mname[0m: tf.math.add_114/Add:0 [34mshape[0m: (1, 8, 8, 64) [34mdtype[0m: <dtype: 'float32'> 
[32mINFO:[0m [34m input.2.y[0m: [34mname[0m: tf.math.sigmoid_61/Sigmoid:0 [34mshape[0m: (1, 8, 8, 64) [34mdtype[0m: <dtype: 'float32'> 
[32mINFO:[0m [34m output.1.output[0m: [34mname[0m: tf.math.multiply_273/Mul:0 [34mshape[0m: (1, 8, 8, 64) [34mdtype[0m: <dtype: 'float32'> 

[32mINFO:[0m [32m251 / 298[0m
[32mINFO:[0m [35monnx_op_type[0m: Mul[35m onnx_op_name[0m: /model.22/m.0/cv2/act/Mul
[32mINFO:[0m [36m input_name.1[0m: /model.22/m.0/cv2/conv/Conv_output_0 [36mshape[0m: [1, 64, 8, 8] [36mdtype[0m: float32
[32mINFO:[0m [36m input_name.2[0m: /model.22/m.0/cv2/act/Sigmoid_output_0 [36mshape[0m: [1, 64, 8, 8] [36mdtype[0m: float32
[32mINFO:[0m [36m output_name.1[0m: /model.22/m.0/cv2/act/Mul_output_0 [36mshape[0m: [1, 64, 8, 8] [36mdtype[0m: float32
[32mINFO:[0m [35mtf_op_type[0m: multiply
[32mINFO:[0m [34m input.1.x[0m: [34mname[0m: tf.math.add_115/Add:0 [34mshape[0m: (1, 8, 8, 64) [34mdtype[0m: <dtype: 'float32'> 
[32mINFO:[0m [34m input.2.y[0m: [34mname[0m: tf.math.sigmoid_62/Sigmoid:0 [34mshape[0m: (1, 8, 8, 64) [34mdtype[0m: <dtype: 'float32'> 
[32mINFO:[0m [34m output.1.output[0m: [34mname[0m: tf.math.multiply_277/Mul:0 [34mshape[0m: (1, 8, 8, 64) [34mdtype[0m: <dtype: 'float32'> 

[32mINFO:[0m [32m252 / 298[0m
[32mINFO:[0m [35monnx_op_type[0m: Sigmoid[35m onnx_op_name[0m: /model.23/cv3.1/cv3.1.1/cv3.1.1.1/act/Sigmoid
[32mINFO:[0m [36m input_name.1[0m: /model.23/cv3.1/cv3.1.1/cv3.1.1.1/conv/Conv_output_0 [36mshape[0m: [1, 64, 16, 16] [36mdtype[0m: float32
[32mINFO:[0m [36m output_name.1[0m: /model.23/cv3.1/cv3.1.1/cv3.1.1.1/act/Sigmoid_output_0 [36mshape[0m: [1, 64, 16, 16] [36mdtype[0m: float32
[32mINFO:[0m [35mtf_op_type[0m: sigmoid
[32mINFO:[0m [34m input.1.x[0m: [34mname[0m: tf.math.add_116/Add:0 [34mshape[0m: (1, 16, 16, 64) [34mdtype[0m: <dtype: 'float32'> 
[32mINFO:[0m [34m output.1.output[0m: [34mname[0m: tf.math.sigmoid_63/Sigmoid:0 [34mshape[0m: (1, 16, 16, 64) [34mdtype[0m: <dtype: 'float32'> 

[32mINFO:[0m [32m253 / 298[0m
[32mINFO:[0m [35monnx_op_type[0m: Conv[35m onnx_op_name[0m: /model.22/m.0/m/m.0/cv1/conv/Conv
[32mINFO:[0m [36m input_name.1[0m: /model.22/m.0/cv1/act/Mul_output_0 [36mshape[0m: [1, 64, 8, 8] [36mdtype[0m: float32
[32mINFO:[0m [36m input_name.2[0m: model.22.m.0.m.0.cv1.conv.weight [36mshape[0m: [64, 64, 3, 3] [36mdtype[0m: float32
[32mINFO:[0m [36m input_name.3[0m: model.22.m.0.m.0.cv1.conv.bias [36mshape[0m: [64] [36mdtype[0m: float32
[32mINFO:[0m [36m output_name.1[0m: /model.22/m.0/m/m.0/cv1/conv/Conv_output_0 [36mshape[0m: [1, 64, 8, 8] [36mdtype[0m: float32
[32mINFO:[0m [35mtf_op_type[0m: convolution_v2
[32mINFO:[0m [34m input.1.input[0m: [34mname[0m: tf.math.multiply_273/Mul:0 [34mshape[0m: (1, 8, 8, 64) [34mdtype[0m: <dtype: 'float32'> 
[32mINFO:[0m [34m input.2.weights[0m: [34mshape[0m: (3, 3, 64, 64) [34mdtype[0m: <dtype: 'float32'> 
[32mINFO:[0m [34m input.3.bias[0m: [34mshape[0m: (64,) [34mdtype[0m: <dtype: 'float32'> 
[32mINFO:[0m [34m input.4.strides[0m: [34mval[0m: [1, 1] 
[32mINFO:[0m [34m input.5.dilations[0m: [34mval[0m: [1, 1] 
[32mINFO:[0m [34m input.6.padding[0m: [34mval[0m: SAME 
[32mINFO:[0m [34m input.7.group[0m: [34mval[0m: 1 
[32mINFO:[0m [34m output.1.output[0m: [34mname[0m: tf.math.add_117/Add:0 [34mshape[0m: (1, 8, 8, 64) [34mdtype[0m: <dtype: 'float32'> 

[32mINFO:[0m [32m254 / 298[0m
[32mINFO:[0m [35monnx_op_type[0m: Mul[35m onnx_op_name[0m: /model.23/cv3.1/cv3.1.1/cv3.1.1.1/act/Mul
[32mINFO:[0m [36m input_name.1[0m: /model.23/cv3.1/cv3.1.1/cv3.1.1.1/conv/Conv_output_0 [36mshape[0m: [1, 64, 16, 16] [36mdtype[0m: float32
[32mINFO:[0m [36m input_name.2[0m: /model.23/cv3.1/cv3.1.1/cv3.1.1.1/act/Sigmoid_output_0 [36mshape[0m: [1, 64, 16, 16] [36mdtype[0m: float32
[32mINFO:[0m [36m output_name.1[0m: /model.23/cv3.1/cv3.1.1/cv3.1.1.1/act/Mul_output_0 [36mshape[0m: [1, 64, 16, 16] [36mdtype[0m: float32
[32mINFO:[0m [35mtf_op_type[0m: multiply
[32mINFO:[0m [34m input.1.x[0m: [34mname[0m: tf.math.add_116/Add:0 [34mshape[0m: (1, 16, 16, 64) [34mdtype[0m: <dtype: 'float32'> 
[32mINFO:[0m [34m input.2.y[0m: [34mname[0m: tf.math.sigmoid_63/Sigmoid:0 [34mshape[0m: (1, 16, 16, 64) [34mdtype[0m: <dtype: 'float32'> 
[32mINFO:[0m [34m output.1.output[0m: [34mname[0m: tf.math.multiply_281/Mul:0 [34mshape[0m: (1, 16, 16, 64) [34mdtype[0m: <dtype: 'float32'> 

[32mINFO:[0m [32m255 / 298[0m
[32mINFO:[0m [35monnx_op_type[0m: Sigmoid[35m onnx_op_name[0m: /model.22/m.0/m/m.0/cv1/act/Sigmoid
[32mINFO:[0m [36m input_name.1[0m: /model.22/m.0/m/m.0/cv1/conv/Conv_output_0 [36mshape[0m: [1, 64, 8, 8] [36mdtype[0m: float32
[32mINFO:[0m [36m output_name.1[0m: /model.22/m.0/m/m.0/cv1/act/Sigmoid_output_0 [36mshape[0m: [1, 64, 8, 8] [36mdtype[0m: float32
[32mINFO:[0m [35mtf_op_type[0m: sigmoid
[32mINFO:[0m [34m input.1.x[0m: [34mname[0m: tf.math.add_117/Add:0 [34mshape[0m: (1, 8, 8, 64) [34mdtype[0m: <dtype: 'float32'> 
[32mINFO:[0m [34m output.1.output[0m: [34mname[0m: tf.math.sigmoid_64/Sigmoid:0 [34mshape[0m: (1, 8, 8, 64) [34mdtype[0m: <dtype: 'float32'> 

[32mINFO:[0m [32m256 / 298[0m
[32mINFO:[0m [35monnx_op_type[0m: Conv[35m onnx_op_name[0m: /model.23/cv3.1/cv3.1.2/Conv
[32mINFO:[0m [36m input_name.1[0m: /model.23/cv3.1/cv3.1.1/cv3.1.1.1/act/Mul_output_0 [36mshape[0m: [1, 64, 16, 16] [36mdtype[0m: float32
[32mINFO:[0m [36m input_name.2[0m: model.23.cv3.1.2.weight [36mshape[0m: [4, 64, 1, 1] [36mdtype[0m: float32
[32mINFO:[0m [36m input_name.3[0m: model.23.cv3.1.2.bias [36mshape[0m: [4] [36mdtype[0m: float32
[32mINFO:[0m [36m output_name.1[0m: /model.23/cv3.1/cv3.1.2/Conv_output_0 [36mshape[0m: [1, 4, 16, 16] [36mdtype[0m: float32
[32mINFO:[0m [35mtf_op_type[0m: convolution_v2
[32mINFO:[0m [34m input.1.input[0m: [34mname[0m: tf.math.multiply_281/Mul:0 [34mshape[0m: (1, 16, 16, 64) [34mdtype[0m: <dtype: 'float32'> 
[32mINFO:[0m [34m input.2.weights[0m: [34mshape[0m: (1, 1, 64, 4) [34mdtype[0m: <dtype: 'float32'> 
[32mINFO:[0m [34m input.3.bias[0m: [34mshape[0m: (4,) [34mdtype[0m: <dtype: 'float32'> 
[32mINFO:[0m [34m input.4.strides[0m: [34mval[0m: [1, 1] 
[32mINFO:[0m [34m input.5.dilations[0m: [34mval[0m: [1, 1] 
[32mINFO:[0m [34m input.6.padding[0m: [34mval[0m: SAME 
[32mINFO:[0m [34m input.7.group[0m: [34mval[0m: 1 
[32mINFO:[0m [34m output.1.output[0m: [34mname[0m: tf.math.add_118/Add:0 [34mshape[0m: (1, 16, 16, 4) [34mdtype[0m: <dtype: 'float32'> 

[32mINFO:[0m [32m257 / 298[0m
[32mINFO:[0m [35monnx_op_type[0m: Mul[35m onnx_op_name[0m: /model.22/m.0/m/m.0/cv1/act/Mul
[32mINFO:[0m [36m input_name.1[0m: /model.22/m.0/m/m.0/cv1/conv/Conv_output_0 [36mshape[0m: [1, 64, 8, 8] [36mdtype[0m: float32
[32mINFO:[0m [36m input_name.2[0m: /model.22/m.0/m/m.0/cv1/act/Sigmoid_output_0 [36mshape[0m: [1, 64, 8, 8] [36mdtype[0m: float32
[32mINFO:[0m [36m output_name.1[0m: /model.22/m.0/m/m.0/cv1/act/Mul_output_0 [36mshape[0m: [1, 64, 8, 8] [36mdtype[0m: float32
[32mINFO:[0m [35mtf_op_type[0m: multiply
[32mINFO:[0m [34m input.1.x[0m: [34mname[0m: tf.math.add_117/Add:0 [34mshape[0m: (1, 8, 8, 64) [34mdtype[0m: <dtype: 'float32'> 
[32mINFO:[0m [34m input.2.y[0m: [34mname[0m: tf.math.sigmoid_64/Sigmoid:0 [34mshape[0m: (1, 8, 8, 64) [34mdtype[0m: <dtype: 'float32'> 
[32mINFO:[0m [34m output.1.output[0m: [34mname[0m: tf.math.multiply_285/Mul:0 [34mshape[0m: (1, 8, 8, 64) [34mdtype[0m: <dtype: 'float32'> 

[32mINFO:[0m [32m258 / 298[0m
[32mINFO:[0m [35monnx_op_type[0m: Concat[35m onnx_op_name[0m: /model.23/Concat_1
[32mINFO:[0m [36m input_name.1[0m: /model.23/cv2.1/cv2.1.2/Conv_output_0 [36mshape[0m: [1, 64, 16, 16] [36mdtype[0m: float32
[32mINFO:[0m [36m input_name.2[0m: /model.23/cv3.1/cv3.1.2/Conv_output_0 [36mshape[0m: [1, 4, 16, 16] [36mdtype[0m: float32
[32mINFO:[0m [36m output_name.1[0m: 493 [36mshape[0m: [1, 68, 16, 16] [36mdtype[0m: float32
[32mINFO:[0m [35mtf_op_type[0m: concat
[32mINFO:[0m [34m input.1.input0[0m: [34mname[0m: tf.math.add_112/Add:0 [34mshape[0m: (1, 16, 16, 64) [34mdtype[0m: <dtype: 'float32'> 
[32mINFO:[0m [34m input.2.input1[0m: [34mname[0m: tf.math.add_118/Add:0 [34mshape[0m: (1, 16, 16, 4) [34mdtype[0m: <dtype: 'float32'> 
[32mINFO:[0m [34m input.3.axis[0m: [34mval[0m: 3 
[32mINFO:[0m [34m output.1.output[0m: [34mname[0m: tf.concat_214/concat:0 [34mshape[0m: (1, 16, 16, 68) [34mdtype[0m: <dtype: 'float32'> 

[32mINFO:[0m [32m259 / 298[0m
[32mINFO:[0m [35monnx_op_type[0m: Conv[35m onnx_op_name[0m: /model.22/m.0/m/m.0/cv2/conv/Conv
[32mINFO:[0m [36m input_name.1[0m: /model.22/m.0/m/m.0/cv1/act/Mul_output_0 [36mshape[0m: [1, 64, 8, 8] [36mdtype[0m: float32
[32mINFO:[0m [36m input_name.2[0m: model.22.m.0.m.0.cv2.conv.weight [36mshape[0m: [64, 64, 3, 3] [36mdtype[0m: float32
[32mINFO:[0m [36m input_name.3[0m: model.22.m.0.m.0.cv2.conv.bias [36mshape[0m: [64] [36mdtype[0m: float32
[32mINFO:[0m [36m output_name.1[0m: /model.22/m.0/m/m.0/cv2/conv/Conv_output_0 [36mshape[0m: [1, 64, 8, 8] [36mdtype[0m: float32
[32mINFO:[0m [35mtf_op_type[0m: convolution_v2
[32mINFO:[0m [34m input.1.input[0m: [34mname[0m: tf.math.multiply_285/Mul:0 [34mshape[0m: (1, 8, 8, 64) [34mdtype[0m: <dtype: 'float32'> 
[32mINFO:[0m [34m input.2.weights[0m: [34mshape[0m: (3, 3, 64, 64) [34mdtype[0m: <dtype: 'float32'> 
[32mINFO:[0m [34m input.3.bias[0m: [34mshape[0m: (64,) [34mdtype[0m: <dtype: 'float32'> 
[32mINFO:[0m [34m input.4.strides[0m: [34mval[0m: [1, 1] 
[32mINFO:[0m [34m input.5.dilations[0m: [34mval[0m: [1, 1] 
[32mINFO:[0m [34m input.6.padding[0m: [34mval[0m: SAME 
[32mINFO:[0m [34m input.7.group[0m: [34mval[0m: 1 
[32mINFO:[0m [34m output.1.output[0m: [34mname[0m: tf.math.add_119/Add:0 [34mshape[0m: (1, 8, 8, 64) [34mdtype[0m: <dtype: 'float32'> 

[32mINFO:[0m [32m260 / 298[0m
[32mINFO:[0m [35monnx_op_type[0m: Sigmoid[35m onnx_op_name[0m: /model.22/m.0/m/m.0/cv2/act/Sigmoid
[32mINFO:[0m [36m input_name.1[0m: /model.22/m.0/m/m.0/cv2/conv/Conv_output_0 [36mshape[0m: [1, 64, 8, 8] [36mdtype[0m: float32
[32mINFO:[0m [36m output_name.1[0m: /model.22/m.0/m/m.0/cv2/act/Sigmoid_output_0 [36mshape[0m: [1, 64, 8, 8] [36mdtype[0m: float32
[32mINFO:[0m [35mtf_op_type[0m: sigmoid
[32mINFO:[0m [34m input.1.x[0m: [34mname[0m: tf.math.add_119/Add:0 [34mshape[0m: (1, 8, 8, 64) [34mdtype[0m: <dtype: 'float32'> 
[32mINFO:[0m [34m output.1.output[0m: [34mname[0m: tf.math.sigmoid_65/Sigmoid:0 [34mshape[0m: (1, 8, 8, 64) [34mdtype[0m: <dtype: 'float32'> 

[32mINFO:[0m [32m261 / 298[0m
[32mINFO:[0m [35monnx_op_type[0m: Mul[35m onnx_op_name[0m: /model.22/m.0/m/m.0/cv2/act/Mul
[32mINFO:[0m [36m input_name.1[0m: /model.22/m.0/m/m.0/cv2/conv/Conv_output_0 [36mshape[0m: [1, 64, 8, 8] [36mdtype[0m: float32
[32mINFO:[0m [36m input_name.2[0m: /model.22/m.0/m/m.0/cv2/act/Sigmoid_output_0 [36mshape[0m: [1, 64, 8, 8] [36mdtype[0m: float32
[32mINFO:[0m [36m output_name.1[0m: /model.22/m.0/m/m.0/cv2/act/Mul_output_0 [36mshape[0m: [1, 64, 8, 8] [36mdtype[0m: float32
[32mINFO:[0m [35mtf_op_type[0m: multiply
[32mINFO:[0m [34m input.1.x[0m: [34mname[0m: tf.math.add_119/Add:0 [34mshape[0m: (1, 8, 8, 64) [34mdtype[0m: <dtype: 'float32'> 
[32mINFO:[0m [34m input.2.y[0m: [34mname[0m: tf.math.sigmoid_65/Sigmoid:0 [34mshape[0m: (1, 8, 8, 64) [34mdtype[0m: <dtype: 'float32'> 
[32mINFO:[0m [34m output.1.output[0m: [34mname[0m: tf.math.multiply_289/Mul:0 [34mshape[0m: (1, 8, 8, 64) [34mdtype[0m: <dtype: 'float32'> 

[32mINFO:[0m [32m262 / 298[0m
[32mINFO:[0m [35monnx_op_type[0m: Add[35m onnx_op_name[0m: /model.22/m.0/m/m.0/Add
[32mINFO:[0m [36m input_name.1[0m: /model.22/m.0/cv1/act/Mul_output_0 [36mshape[0m: [1, 64, 8, 8] [36mdtype[0m: float32
[32mINFO:[0m [36m input_name.2[0m: /model.22/m.0/m/m.0/cv2/act/Mul_output_0 [36mshape[0m: [1, 64, 8, 8] [36mdtype[0m: float32
[32mINFO:[0m [36m output_name.1[0m: /model.22/m.0/m/m.0/Add_output_0 [36mshape[0m: [1, 64, 8, 8] [36mdtype[0m: float32
[32mINFO:[0m [35mtf_op_type[0m: add
[32mINFO:[0m [34m input.1.x[0m: [34mname[0m: tf.compat.v1.transpose_824/transpose:0 [34mshape[0m: (1, 64, 8, 8) [34mdtype[0m: <dtype: 'float32'> 
[32mINFO:[0m [34m input.2.y[0m: [34mname[0m: tf.compat.v1.transpose_825/transpose:0 [34mshape[0m: (1, 64, 8, 8) [34mdtype[0m: <dtype: 'float32'> 
[32mINFO:[0m [34m output.1.output[0m: [34mname[0m: tf.math.add_122/Add:0 [34mshape[0m: (1, 64, 8, 8) [34mdtype[0m: <dtype: 'float32'> 

[32mINFO:[0m [32m263 / 298[0m
[32mINFO:[0m [35monnx_op_type[0m: Conv[35m onnx_op_name[0m: /model.22/m.0/m/m.1/cv1/conv/Conv
[32mINFO:[0m [36m input_name.1[0m: /model.22/m.0/m/m.0/Add_output_0 [36mshape[0m: [1, 64, 8, 8] [36mdtype[0m: float32
[32mINFO:[0m [36m input_name.2[0m: model.22.m.0.m.1.cv1.conv.weight [36mshape[0m: [64, 64, 3, 3] [36mdtype[0m: float32
[32mINFO:[0m [36m input_name.3[0m: model.22.m.0.m.1.cv1.conv.bias [36mshape[0m: [64] [36mdtype[0m: float32
[32mINFO:[0m [36m output_name.1[0m: /model.22/m.0/m/m.1/cv1/conv/Conv_output_0 [36mshape[0m: [1, 64, 8, 8] [36mdtype[0m: float32
[32mINFO:[0m [35mtf_op_type[0m: convolution_v2
[32mINFO:[0m [34m input.1.input[0m: [34mname[0m: tf.compat.v1.transpose_826/transpose:0 [34mshape[0m: (1, 8, 8, 64) [34mdtype[0m: <dtype: 'float32'> 
[32mINFO:[0m [34m input.2.weights[0m: [34mshape[0m: (3, 3, 64, 64) [34mdtype[0m: <dtype: 'float32'> 
[32mINFO:[0m [34m input.3.bias[0m: [34mshape[0m: (64,) [34mdtype[0m: <dtype: 'float32'> 
[32mINFO:[0m [34m input.4.strides[0m: [34mval[0m: [1, 1] 
[32mINFO:[0m [34m input.5.dilations[0m: [34mval[0m: [1, 1] 
[32mINFO:[0m [34m input.6.padding[0m: [34mval[0m: SAME 
[32mINFO:[0m [34m input.7.group[0m: [34mval[0m: 1 
[32mINFO:[0m [34m output.1.output[0m: [34mname[0m: tf.math.add_123/Add:0 [34mshape[0m: (1, 8, 8, 64) [34mdtype[0m: <dtype: 'float32'> 

[32mINFO:[0m [32m264 / 298[0m
[32mINFO:[0m [35monnx_op_type[0m: Sigmoid[35m onnx_op_name[0m: /model.22/m.0/m/m.1/cv1/act/Sigmoid
[32mINFO:[0m [36m input_name.1[0m: /model.22/m.0/m/m.1/cv1/conv/Conv_output_0 [36mshape[0m: [1, 64, 8, 8] [36mdtype[0m: float32
[32mINFO:[0m [36m output_name.1[0m: /model.22/m.0/m/m.1/cv1/act/Sigmoid_output_0 [36mshape[0m: [1, 64, 8, 8] [36mdtype[0m: float32
[32mINFO:[0m [35mtf_op_type[0m: sigmoid
[32mINFO:[0m [34m input.1.x[0m: [34mname[0m: tf.math.add_123/Add:0 [34mshape[0m: (1, 8, 8, 64) [34mdtype[0m: <dtype: 'float32'> 
[32mINFO:[0m [34m output.1.output[0m: [34mname[0m: tf.math.sigmoid_66/Sigmoid:0 [34mshape[0m: (1, 8, 8, 64) [34mdtype[0m: <dtype: 'float32'> 

[32mINFO:[0m [32m265 / 298[0m
[32mINFO:[0m [35monnx_op_type[0m: Mul[35m onnx_op_name[0m: /model.22/m.0/m/m.1/cv1/act/Mul
[32mINFO:[0m [36m input_name.1[0m: /model.22/m.0/m/m.1/cv1/conv/Conv_output_0 [36mshape[0m: [1, 64, 8, 8] [36mdtype[0m: float32
[32mINFO:[0m [36m input_name.2[0m: /model.22/m.0/m/m.1/cv1/act/Sigmoid_output_0 [36mshape[0m: [1, 64, 8, 8] [36mdtype[0m: float32
[32mINFO:[0m [36m output_name.1[0m: /model.22/m.0/m/m.1/cv1/act/Mul_output_0 [36mshape[0m: [1, 64, 8, 8] [36mdtype[0m: float32
[32mINFO:[0m [35mtf_op_type[0m: multiply
[32mINFO:[0m [34m input.1.x[0m: [34mname[0m: tf.math.add_123/Add:0 [34mshape[0m: (1, 8, 8, 64) [34mdtype[0m: <dtype: 'float32'> 
[32mINFO:[0m [34m input.2.y[0m: [34mname[0m: tf.math.sigmoid_66/Sigmoid:0 [34mshape[0m: (1, 8, 8, 64) [34mdtype[0m: <dtype: 'float32'> 
[32mINFO:[0m [34m output.1.output[0m: [34mname[0m: tf.math.multiply_295/Mul:0 [34mshape[0m: (1, 8, 8, 64) [34mdtype[0m: <dtype: 'float32'> 

[32mINFO:[0m [32m266 / 298[0m
[32mINFO:[0m [35monnx_op_type[0m: Conv[35m onnx_op_name[0m: /model.22/m.0/m/m.1/cv2/conv/Conv
[32mINFO:[0m [36m input_name.1[0m: /model.22/m.0/m/m.1/cv1/act/Mul_output_0 [36mshape[0m: [1, 64, 8, 8] [36mdtype[0m: float32
[32mINFO:[0m [36m input_name.2[0m: model.22.m.0.m.1.cv2.conv.weight [36mshape[0m: [64, 64, 3, 3] [36mdtype[0m: float32
[32mINFO:[0m [36m input_name.3[0m: model.22.m.0.m.1.cv2.conv.bias [36mshape[0m: [64] [36mdtype[0m: float32
[32mINFO:[0m [36m output_name.1[0m: /model.22/m.0/m/m.1/cv2/conv/Conv_output_0 [36mshape[0m: [1, 64, 8, 8] [36mdtype[0m: float32
[32mINFO:[0m [35mtf_op_type[0m: convolution_v2
[32mINFO:[0m [34m input.1.input[0m: [34mname[0m: tf.math.multiply_295/Mul:0 [34mshape[0m: (1, 8, 8, 64) [34mdtype[0m: <dtype: 'float32'> 
[32mINFO:[0m [34m input.2.weights[0m: [34mshape[0m: (3, 3, 64, 64) [34mdtype[0m: <dtype: 'float32'> 
[32mINFO:[0m [34m input.3.bias[0m: [34mshape[0m: (64,) [34mdtype[0m: <dtype: 'float32'> 
[32mINFO:[0m [34m input.4.strides[0m: [34mval[0m: [1, 1] 
[32mINFO:[0m [34m input.5.dilations[0m: [34mval[0m: [1, 1] 
[32mINFO:[0m [34m input.6.padding[0m: [34mval[0m: SAME 
[32mINFO:[0m [34m input.7.group[0m: [34mval[0m: 1 
[32mINFO:[0m [34m output.1.output[0m: [34mname[0m: tf.math.add_124/Add:0 [34mshape[0m: (1, 8, 8, 64) [34mdtype[0m: <dtype: 'float32'> 

[32mINFO:[0m [32m267 / 298[0m
[32mINFO:[0m [35monnx_op_type[0m: Sigmoid[35m onnx_op_name[0m: /model.22/m.0/m/m.1/cv2/act/Sigmoid
[32mINFO:[0m [36m input_name.1[0m: /model.22/m.0/m/m.1/cv2/conv/Conv_output_0 [36mshape[0m: [1, 64, 8, 8] [36mdtype[0m: float32
[32mINFO:[0m [36m output_name.1[0m: /model.22/m.0/m/m.1/cv2/act/Sigmoid_output_0 [36mshape[0m: [1, 64, 8, 8] [36mdtype[0m: float32
[32mINFO:[0m [35mtf_op_type[0m: sigmoid
[32mINFO:[0m [34m input.1.x[0m: [34mname[0m: tf.math.add_124/Add:0 [34mshape[0m: (1, 8, 8, 64) [34mdtype[0m: <dtype: 'float32'> 
[32mINFO:[0m [34m output.1.output[0m: [34mname[0m: tf.math.sigmoid_67/Sigmoid:0 [34mshape[0m: (1, 8, 8, 64) [34mdtype[0m: <dtype: 'float32'> 

[32mINFO:[0m [32m268 / 298[0m
[32mINFO:[0m [35monnx_op_type[0m: Mul[35m onnx_op_name[0m: /model.22/m.0/m/m.1/cv2/act/Mul
[32mINFO:[0m [36m input_name.1[0m: /model.22/m.0/m/m.1/cv2/conv/Conv_output_0 [36mshape[0m: [1, 64, 8, 8] [36mdtype[0m: float32
[32mINFO:[0m [36m input_name.2[0m: /model.22/m.0/m/m.1/cv2/act/Sigmoid_output_0 [36mshape[0m: [1, 64, 8, 8] [36mdtype[0m: float32
[32mINFO:[0m [36m output_name.1[0m: /model.22/m.0/m/m.1/cv2/act/Mul_output_0 [36mshape[0m: [1, 64, 8, 8] [36mdtype[0m: float32
[32mINFO:[0m [35mtf_op_type[0m: multiply
[32mINFO:[0m [34m input.1.x[0m: [34mname[0m: tf.math.add_124/Add:0 [34mshape[0m: (1, 8, 8, 64) [34mdtype[0m: <dtype: 'float32'> 
[32mINFO:[0m [34m input.2.y[0m: [34mname[0m: tf.math.sigmoid_67/Sigmoid:0 [34mshape[0m: (1, 8, 8, 64) [34mdtype[0m: <dtype: 'float32'> 
[32mINFO:[0m [34m output.1.output[0m: [34mname[0m: tf.math.multiply_299/Mul:0 [34mshape[0m: (1, 8, 8, 64) [34mdtype[0m: <dtype: 'float32'> 

[32mINFO:[0m [32m269 / 298[0m
[32mINFO:[0m [35monnx_op_type[0m: Add[35m onnx_op_name[0m: /model.22/m.0/m/m.1/Add
[32mINFO:[0m [36m input_name.1[0m: /model.22/m.0/m/m.0/Add_output_0 [36mshape[0m: [1, 64, 8, 8] [36mdtype[0m: float32
[32mINFO:[0m [36m input_name.2[0m: /model.22/m.0/m/m.1/cv2/act/Mul_output_0 [36mshape[0m: [1, 64, 8, 8] [36mdtype[0m: float32
[32mINFO:[0m [36m output_name.1[0m: /model.22/m.0/m/m.1/Add_output_0 [36mshape[0m: [1, 64, 8, 8] [36mdtype[0m: float32
[32mINFO:[0m [35mtf_op_type[0m: add
[32mINFO:[0m [34m input.1.x[0m: [34mname[0m: tf.compat.v1.transpose_831/transpose:0 [34mshape[0m: (1, 64, 8, 8) [34mdtype[0m: <dtype: 'float32'> 
[32mINFO:[0m [34m input.2.y[0m: [34mname[0m: tf.compat.v1.transpose_832/transpose:0 [34mshape[0m: (1, 64, 8, 8) [34mdtype[0m: <dtype: 'float32'> 
[32mINFO:[0m [34m output.1.output[0m: [34mname[0m: tf.math.add_127/Add:0 [34mshape[0m: (1, 64, 8, 8) [34mdtype[0m: <dtype: 'float32'> 

[32mINFO:[0m [32m270 / 298[0m
[32mINFO:[0m [35monnx_op_type[0m: Concat[35m onnx_op_name[0m: /model.22/m.0/Concat
[32mINFO:[0m [36m input_name.1[0m: /model.22/m.0/m/m.1/Add_output_0 [36mshape[0m: [1, 64, 8, 8] [36mdtype[0m: float32
[32mINFO:[0m [36m input_name.2[0m: /model.22/m.0/cv2/act/Mul_output_0 [36mshape[0m: [1, 64, 8, 8] [36mdtype[0m: float32
[32mINFO:[0m [36m output_name.1[0m: /model.22/m.0/Concat_output_0 [36mshape[0m: [1, 128, 8, 8] [36mdtype[0m: float32
[32mINFO:[0m [35mtf_op_type[0m: concat
[32mINFO:[0m [34m input.1.input0[0m: [34mname[0m: tf.math.add_127/Add:0 [34mshape[0m: (1, 64, 8, 8) [34mdtype[0m: <dtype: 'float32'> 
[32mINFO:[0m [34m input.2.input1[0m: [34mname[0m: tf.compat.v1.transpose_833/transpose:0 [34mshape[0m: (1, 64, 8, 8) [34mdtype[0m: <dtype: 'float32'> 
[32mINFO:[0m [34m input.3.axis[0m: [34mval[0m: 1 
[32mINFO:[0m [34m output.1.output[0m: [34mname[0m: tf.concat_216/concat:0 [34mshape[0m: (1, 128, 8, 8) [34mdtype[0m: <dtype: 'float32'> 

[32mINFO:[0m [32m271 / 298[0m
[32mINFO:[0m [35monnx_op_type[0m: Conv[35m onnx_op_name[0m: /model.22/m.0/cv3/conv/Conv
[32mINFO:[0m [36m input_name.1[0m: /model.22/m.0/Concat_output_0 [36mshape[0m: [1, 128, 8, 8] [36mdtype[0m: float32
[32mINFO:[0m [36m input_name.2[0m: model.22.m.0.cv3.conv.weight [36mshape[0m: [128, 128, 1, 1] [36mdtype[0m: float32
[32mINFO:[0m [36m input_name.3[0m: model.22.m.0.cv3.conv.bias [36mshape[0m: [128] [36mdtype[0m: float32
[32mINFO:[0m [36m output_name.1[0m: /model.22/m.0/cv3/conv/Conv_output_0 [36mshape[0m: [1, 128, 8, 8] [36mdtype[0m: float32
[32mINFO:[0m [35mtf_op_type[0m: convolution_v2
[32mINFO:[0m [34m input.1.input[0m: [34mname[0m: tf.compat.v1.transpose_834/transpose:0 [34mshape[0m: (1, 8, 8, 128) [34mdtype[0m: <dtype: 'float32'> 
[32mINFO:[0m [34m input.2.weights[0m: [34mshape[0m: (1, 1, 128, 128) [34mdtype[0m: <dtype: 'float32'> 
[32mINFO:[0m [34m input.3.bias[0m: [34mshape[0m: (128,) [34mdtype[0m: <dtype: 'float32'> 
[32mINFO:[0m [34m input.4.strides[0m: [34mval[0m: [1, 1] 
[32mINFO:[0m [34m input.5.dilations[0m: [34mval[0m: [1, 1] 
[32mINFO:[0m [34m input.6.padding[0m: [34mval[0m: SAME 
[32mINFO:[0m [34m input.7.group[0m: [34mval[0m: 1 
[32mINFO:[0m [34m output.1.output[0m: [34mname[0m: tf.math.add_128/Add:0 [34mshape[0m: (1, 8, 8, 128) [34mdtype[0m: <dtype: 'float32'> 

[32mINFO:[0m [32m272 / 298[0m
[32mINFO:[0m [35monnx_op_type[0m: Sigmoid[35m onnx_op_name[0m: /model.22/m.0/cv3/act/Sigmoid
[32mINFO:[0m [36m input_name.1[0m: /model.22/m.0/cv3/conv/Conv_output_0 [36mshape[0m: [1, 128, 8, 8] [36mdtype[0m: float32
[32mINFO:[0m [36m output_name.1[0m: /model.22/m.0/cv3/act/Sigmoid_output_0 [36mshape[0m: [1, 128, 8, 8] [36mdtype[0m: float32
[32mINFO:[0m [35mtf_op_type[0m: sigmoid
[32mINFO:[0m [34m input.1.x[0m: [34mname[0m: tf.math.add_128/Add:0 [34mshape[0m: (1, 8, 8, 128) [34mdtype[0m: <dtype: 'float32'> 
[32mINFO:[0m [34m output.1.output[0m: [34mname[0m: tf.math.sigmoid_68/Sigmoid:0 [34mshape[0m: (1, 8, 8, 128) [34mdtype[0m: <dtype: 'float32'> 

[32mINFO:[0m [32m273 / 298[0m
[32mINFO:[0m [35monnx_op_type[0m: Mul[35m onnx_op_name[0m: /model.22/m.0/cv3/act/Mul
[32mINFO:[0m [36m input_name.1[0m: /model.22/m.0/cv3/conv/Conv_output_0 [36mshape[0m: [1, 128, 8, 8] [36mdtype[0m: float32
[32mINFO:[0m [36m input_name.2[0m: /model.22/m.0/cv3/act/Sigmoid_output_0 [36mshape[0m: [1, 128, 8, 8] [36mdtype[0m: float32
[32mINFO:[0m [36m output_name.1[0m: /model.22/m.0/cv3/act/Mul_output_0 [36mshape[0m: [1, 128, 8, 8] [36mdtype[0m: float32
[32mINFO:[0m [35mtf_op_type[0m: multiply
[32mINFO:[0m [34m input.1.x[0m: [34mname[0m: tf.math.add_128/Add:0 [34mshape[0m: (1, 8, 8, 128) [34mdtype[0m: <dtype: 'float32'> 
[32mINFO:[0m [34m input.2.y[0m: [34mname[0m: tf.math.sigmoid_68/Sigmoid:0 [34mshape[0m: (1, 8, 8, 128) [34mdtype[0m: <dtype: 'float32'> 
[32mINFO:[0m [34m output.1.output[0m: [34mname[0m: tf.math.multiply_305/Mul:0 [34mshape[0m: (1, 8, 8, 128) [34mdtype[0m: <dtype: 'float32'> 

[32mINFO:[0m [32m274 / 298[0m
[32mINFO:[0m [35monnx_op_type[0m: Concat[35m onnx_op_name[0m: /model.22/Concat
[32mINFO:[0m [36m input_name.1[0m: /model.22/Split_output_0 [36mshape[0m: [1, 128, 8, 8] [36mdtype[0m: float32
[32mINFO:[0m [36m input_name.2[0m: /model.22/Split_output_1 [36mshape[0m: [1, 128, 8, 8] [36mdtype[0m: float32
[32mINFO:[0m [36m input_name.3[0m: /model.22/m.0/cv3/act/Mul_output_0 [36mshape[0m: [1, 128, 8, 8] [36mdtype[0m: float32
[32mINFO:[0m [36m output_name.1[0m: /model.22/Concat_output_0 [36mshape[0m: [1, 384, 8, 8] [36mdtype[0m: float32
[32mINFO:[0m [35mtf_op_type[0m: concat
[32mINFO:[0m [34m input.1.input0[0m: [34mname[0m: tf.split_8/split:0 [34mshape[0m: (1, 8, 8, 128) [34mdtype[0m: <dtype: 'float32'> 
[32mINFO:[0m [34m input.2.input1[0m: [34mname[0m: tf.split_8/split:1 [34mshape[0m: (1, 8, 8, 128) [34mdtype[0m: <dtype: 'float32'> 
[32mINFO:[0m [34m input.3.input2[0m: [34mname[0m: tf.math.multiply_305/Mul:0 [34mshape[0m: (1, 8, 8, 128) [34mdtype[0m: <dtype: 'float32'> 
[32mINFO:[0m [34m input.4.axis[0m: [34mval[0m: 3 
[32mINFO:[0m [34m output.1.output[0m: [34mname[0m: tf.concat_217/concat:0 [34mshape[0m: (1, 8, 8, 384) [34mdtype[0m: <dtype: 'float32'> 

[32mINFO:[0m [32m275 / 298[0m
[32mINFO:[0m [35monnx_op_type[0m: Conv[35m onnx_op_name[0m: /model.22/cv2/conv/Conv
[32mINFO:[0m [36m input_name.1[0m: /model.22/Concat_output_0 [36mshape[0m: [1, 384, 8, 8] [36mdtype[0m: float32
[32mINFO:[0m [36m input_name.2[0m: model.22.cv2.conv.weight [36mshape[0m: [256, 384, 1, 1] [36mdtype[0m: float32
[32mINFO:[0m [36m input_name.3[0m: model.22.cv2.conv.bias [36mshape[0m: [256] [36mdtype[0m: float32
[32mINFO:[0m [36m output_name.1[0m: /model.22/cv2/conv/Conv_output_0 [36mshape[0m: [1, 256, 8, 8] [36mdtype[0m: float32
[32mINFO:[0m [35mtf_op_type[0m: convolution_v2
[32mINFO:[0m [34m input.1.input[0m: [34mname[0m: tf.concat_217/concat:0 [34mshape[0m: (1, 8, 8, 384) [34mdtype[0m: <dtype: 'float32'> 
[32mINFO:[0m [34m input.2.weights[0m: [34mshape[0m: (1, 1, 384, 256) [34mdtype[0m: <dtype: 'float32'> 
[32mINFO:[0m [34m input.3.bias[0m: [34mshape[0m: (256,) [34mdtype[0m: <dtype: 'float32'> 
[32mINFO:[0m [34m input.4.strides[0m: [34mval[0m: [1, 1] 
[32mINFO:[0m [34m input.5.dilations[0m: [34mval[0m: [1, 1] 
[32mINFO:[0m [34m input.6.padding[0m: [34mval[0m: SAME 
[32mINFO:[0m [34m input.7.group[0m: [34mval[0m: 1 
[32mINFO:[0m [34m output.1.output[0m: [34mname[0m: tf.math.add_129/Add:0 [34mshape[0m: (1, 8, 8, 256) [34mdtype[0m: <dtype: 'float32'> 

[32mINFO:[0m [32m276 / 298[0m
[32mINFO:[0m [35monnx_op_type[0m: Sigmoid[35m onnx_op_name[0m: /model.22/cv2/act/Sigmoid
[32mINFO:[0m [36m input_name.1[0m: /model.22/cv2/conv/Conv_output_0 [36mshape[0m: [1, 256, 8, 8] [36mdtype[0m: float32
[32mINFO:[0m [36m output_name.1[0m: /model.22/cv2/act/Sigmoid_output_0 [36mshape[0m: [1, 256, 8, 8] [36mdtype[0m: float32
[32mINFO:[0m [35mtf_op_type[0m: sigmoid
[32mINFO:[0m [34m input.1.x[0m: [34mname[0m: tf.math.add_129/Add:0 [34mshape[0m: (1, 8, 8, 256) [34mdtype[0m: <dtype: 'float32'> 
[32mINFO:[0m [34m output.1.output[0m: [34mname[0m: tf.math.sigmoid_69/Sigmoid:0 [34mshape[0m: (1, 8, 8, 256) [34mdtype[0m: <dtype: 'float32'> 

[32mINFO:[0m [32m277 / 298[0m
[32mINFO:[0m [35monnx_op_type[0m: Mul[35m onnx_op_name[0m: /model.22/cv2/act/Mul
[32mINFO:[0m [36m input_name.1[0m: /model.22/cv2/conv/Conv_output_0 [36mshape[0m: [1, 256, 8, 8] [36mdtype[0m: float32
[32mINFO:[0m [36m input_name.2[0m: /model.22/cv2/act/Sigmoid_output_0 [36mshape[0m: [1, 256, 8, 8] [36mdtype[0m: float32
[32mINFO:[0m [36m output_name.1[0m: /model.22/cv2/act/Mul_output_0 [36mshape[0m: [1, 256, 8, 8] [36mdtype[0m: float32
[32mINFO:[0m [35mtf_op_type[0m: multiply
[32mINFO:[0m [34m input.1.x[0m: [34mname[0m: tf.math.add_129/Add:0 [34mshape[0m: (1, 8, 8, 256) [34mdtype[0m: <dtype: 'float32'> 
[32mINFO:[0m [34m input.2.y[0m: [34mname[0m: tf.math.sigmoid_69/Sigmoid:0 [34mshape[0m: (1, 8, 8, 256) [34mdtype[0m: <dtype: 'float32'> 
[32mINFO:[0m [34m output.1.output[0m: [34mname[0m: tf.math.multiply_309/Mul:0 [34mshape[0m: (1, 8, 8, 256) [34mdtype[0m: <dtype: 'float32'> 

[32mINFO:[0m [32m278 / 298[0m
[32mINFO:[0m [35monnx_op_type[0m: Conv[35m onnx_op_name[0m: /model.23/cv2.2/cv2.2.0/conv/Conv
[32mINFO:[0m [36m input_name.1[0m: /model.22/cv2/act/Mul_output_0 [36mshape[0m: [1, 256, 8, 8] [36mdtype[0m: float32
[32mINFO:[0m [36m input_name.2[0m: model.23.cv2.2.0.conv.weight [36mshape[0m: [64, 256, 3, 3] [36mdtype[0m: float32
[32mINFO:[0m [36m input_name.3[0m: model.23.cv2.2.0.conv.bias [36mshape[0m: [64] [36mdtype[0m: float32
[32mINFO:[0m [36m output_name.1[0m: /model.23/cv2.2/cv2.2.0/conv/Conv_output_0 [36mshape[0m: [1, 64, 8, 8] [36mdtype[0m: float32
[32mINFO:[0m [35mtf_op_type[0m: convolution_v2
[32mINFO:[0m [34m input.1.input[0m: [34mname[0m: tf.math.multiply_309/Mul:0 [34mshape[0m: (1, 8, 8, 256) [34mdtype[0m: <dtype: 'float32'> 
[32mINFO:[0m [34m input.2.weights[0m: [34mshape[0m: (3, 3, 256, 64) [34mdtype[0m: <dtype: 'float32'> 
[32mINFO:[0m [34m input.3.bias[0m: [34mshape[0m: (64,) [34mdtype[0m: <dtype: 'float32'> 
[32mINFO:[0m [34m input.4.strides[0m: [34mval[0m: [1, 1] 
[32mINFO:[0m [34m input.5.dilations[0m: [34mval[0m: [1, 1] 
[32mINFO:[0m [34m input.6.padding[0m: [34mval[0m: SAME 
[32mINFO:[0m [34m input.7.group[0m: [34mval[0m: 1 
[32mINFO:[0m [34m output.1.output[0m: [34mname[0m: tf.math.add_130/Add:0 [34mshape[0m: (1, 8, 8, 64) [34mdtype[0m: <dtype: 'float32'> 

[32mINFO:[0m [32m279 / 298[0m
[32mINFO:[0m [35monnx_op_type[0m: Conv[35m onnx_op_name[0m: /model.23/cv3.2/cv3.2.0/cv3.2.0.0/conv/Conv
[32mINFO:[0m [36m input_name.1[0m: /model.22/cv2/act/Mul_output_0 [36mshape[0m: [1, 256, 8, 8] [36mdtype[0m: float32
[32mINFO:[0m [36m input_name.2[0m: model.23.cv3.2.0.0.conv.weight [36mshape[0m: [256, 1, 3, 3] [36mdtype[0m: float32
[32mINFO:[0m [36m input_name.3[0m: model.23.cv3.2.0.0.conv.bias [36mshape[0m: [256] [36mdtype[0m: float32
[32mINFO:[0m [36m output_name.1[0m: /model.23/cv3.2/cv3.2.0/cv3.2.0.0/conv/Conv_output_0 [36mshape[0m: [1, 256, 8, 8] [36mdtype[0m: float32
[32mINFO:[0m [35mtf_op_type[0m: depthwise_conv2d_v2
[32mINFO:[0m [34m input.1.input[0m: [34mname[0m: tf.math.multiply_309/Mul:0 [34mshape[0m: (1, 8, 8, 256) [34mdtype[0m: <dtype: 'float32'> 
[32mINFO:[0m [34m input.2.weights[0m: [34mshape[0m: (3, 3, 256, 1) [34mdtype[0m: <dtype: 'float32'> 
[32mINFO:[0m [34m input.3.bias[0m: [34mshape[0m: (256,) [34mdtype[0m: <dtype: 'float32'> 
[32mINFO:[0m [34m input.4.strides[0m: [34mval[0m: [1, 1, 1, 1] 
[32mINFO:[0m [34m input.5.dilations[0m: [34mval[0m: [1, 1] 
[32mINFO:[0m [34m input.6.padding[0m: [34mval[0m: SAME 
[32mINFO:[0m [34m input.7.group[0m: [34mval[0m: 256 
[32mINFO:[0m [34m output.1.output[0m: [34mname[0m: tf.math.add_131/Add:0 [34mshape[0m: (1, 8, 8, 256) [34mdtype[0m: <dtype: 'float32'> 

[32mINFO:[0m [32m280 / 298[0m
[32mINFO:[0m [35monnx_op_type[0m: Sigmoid[35m onnx_op_name[0m: /model.23/cv2.2/cv2.2.0/act/Sigmoid
[32mINFO:[0m [36m input_name.1[0m: /model.23/cv2.2/cv2.2.0/conv/Conv_output_0 [36mshape[0m: [1, 64, 8, 8] [36mdtype[0m: float32
[32mINFO:[0m [36m output_name.1[0m: /model.23/cv2.2/cv2.2.0/act/Sigmoid_output_0 [36mshape[0m: [1, 64, 8, 8] [36mdtype[0m: float32
[32mINFO:[0m [35mtf_op_type[0m: sigmoid
[32mINFO:[0m [34m input.1.x[0m: [34mname[0m: tf.math.add_130/Add:0 [34mshape[0m: (1, 8, 8, 64) [34mdtype[0m: <dtype: 'float32'> 
[32mINFO:[0m [34m output.1.output[0m: [34mname[0m: tf.math.sigmoid_70/Sigmoid:0 [34mshape[0m: (1, 8, 8, 64) [34mdtype[0m: <dtype: 'float32'> 

[32mINFO:[0m [32m281 / 298[0m
[32mINFO:[0m [35monnx_op_type[0m: Sigmoid[35m onnx_op_name[0m: /model.23/cv3.2/cv3.2.0/cv3.2.0.0/act/Sigmoid
[32mINFO:[0m [36m input_name.1[0m: /model.23/cv3.2/cv3.2.0/cv3.2.0.0/conv/Conv_output_0 [36mshape[0m: [1, 256, 8, 8] [36mdtype[0m: float32
[32mINFO:[0m [36m output_name.1[0m: /model.23/cv3.2/cv3.2.0/cv3.2.0.0/act/Sigmoid_output_0 [36mshape[0m: [1, 256, 8, 8] [36mdtype[0m: float32
[32mINFO:[0m [35mtf_op_type[0m: sigmoid
[32mINFO:[0m [34m input.1.x[0m: [34mname[0m: tf.math.add_131/Add:0 [34mshape[0m: (1, 8, 8, 256) [34mdtype[0m: <dtype: 'float32'> 
[32mINFO:[0m [34m output.1.output[0m: [34mname[0m: tf.math.sigmoid_71/Sigmoid:0 [34mshape[0m: (1, 8, 8, 256) [34mdtype[0m: <dtype: 'float32'> 

[32mINFO:[0m [32m282 / 298[0m
[32mINFO:[0m [35monnx_op_type[0m: Mul[35m onnx_op_name[0m: /model.23/cv2.2/cv2.2.0/act/Mul
[32mINFO:[0m [36m input_name.1[0m: /model.23/cv2.2/cv2.2.0/conv/Conv_output_0 [36mshape[0m: [1, 64, 8, 8] [36mdtype[0m: float32
[32mINFO:[0m [36m input_name.2[0m: /model.23/cv2.2/cv2.2.0/act/Sigmoid_output_0 [36mshape[0m: [1, 64, 8, 8] [36mdtype[0m: float32
[32mINFO:[0m [36m output_name.1[0m: /model.23/cv2.2/cv2.2.0/act/Mul_output_0 [36mshape[0m: [1, 64, 8, 8] [36mdtype[0m: float32
[32mINFO:[0m [35mtf_op_type[0m: multiply
[32mINFO:[0m [34m input.1.x[0m: [34mname[0m: tf.math.add_130/Add:0 [34mshape[0m: (1, 8, 8, 64) [34mdtype[0m: <dtype: 'float32'> 
[32mINFO:[0m [34m input.2.y[0m: [34mname[0m: tf.math.sigmoid_70/Sigmoid:0 [34mshape[0m: (1, 8, 8, 64) [34mdtype[0m: <dtype: 'float32'> 
[32mINFO:[0m [34m output.1.output[0m: [34mname[0m: tf.math.multiply_313/Mul:0 [34mshape[0m: (1, 8, 8, 64) [34mdtype[0m: <dtype: 'float32'> 

[32mINFO:[0m [32m283 / 298[0m
[32mINFO:[0m [35monnx_op_type[0m: Mul[35m onnx_op_name[0m: /model.23/cv3.2/cv3.2.0/cv3.2.0.0/act/Mul
[32mINFO:[0m [36m input_name.1[0m: /model.23/cv3.2/cv3.2.0/cv3.2.0.0/conv/Conv_output_0 [36mshape[0m: [1, 256, 8, 8] [36mdtype[0m: float32
[32mINFO:[0m [36m input_name.2[0m: /model.23/cv3.2/cv3.2.0/cv3.2.0.0/act/Sigmoid_output_0 [36mshape[0m: [1, 256, 8, 8] [36mdtype[0m: float32
[32mINFO:[0m [36m output_name.1[0m: /model.23/cv3.2/cv3.2.0/cv3.2.0.0/act/Mul_output_0 [36mshape[0m: [1, 256, 8, 8] [36mdtype[0m: float32
[32mINFO:[0m [35mtf_op_type[0m: multiply
[32mINFO:[0m [34m input.1.x[0m: [34mname[0m: tf.math.add_131/Add:0 [34mshape[0m: (1, 8, 8, 256) [34mdtype[0m: <dtype: 'float32'> 
[32mINFO:[0m [34m input.2.y[0m: [34mname[0m: tf.math.sigmoid_71/Sigmoid:0 [34mshape[0m: (1, 8, 8, 256) [34mdtype[0m: <dtype: 'float32'> 
[32mINFO:[0m [34m output.1.output[0m: [34mname[0m: tf.math.multiply_317/Mul:0 [34mshape[0m: (1, 8, 8, 256) [34mdtype[0m: <dtype: 'float32'> 

[32mINFO:[0m [32m284 / 298[0m
[32mINFO:[0m [35monnx_op_type[0m: Conv[35m onnx_op_name[0m: /model.23/cv2.2/cv2.2.1/conv/Conv
[32mINFO:[0m [36m input_name.1[0m: /model.23/cv2.2/cv2.2.0/act/Mul_output_0 [36mshape[0m: [1, 64, 8, 8] [36mdtype[0m: float32
[32mINFO:[0m [36m input_name.2[0m: model.23.cv2.2.1.conv.weight [36mshape[0m: [64, 64, 3, 3] [36mdtype[0m: float32
[32mINFO:[0m [36m input_name.3[0m: model.23.cv2.2.1.conv.bias [36mshape[0m: [64] [36mdtype[0m: float32
[32mINFO:[0m [36m output_name.1[0m: /model.23/cv2.2/cv2.2.1/conv/Conv_output_0 [36mshape[0m: [1, 64, 8, 8] [36mdtype[0m: float32
[32mINFO:[0m [35mtf_op_type[0m: convolution_v2
[32mINFO:[0m [34m input.1.input[0m: [34mname[0m: tf.math.multiply_313/Mul:0 [34mshape[0m: (1, 8, 8, 64) [34mdtype[0m: <dtype: 'float32'> 
[32mINFO:[0m [34m input.2.weights[0m: [34mshape[0m: (3, 3, 64, 64) [34mdtype[0m: <dtype: 'float32'> 
[32mINFO:[0m [34m input.3.bias[0m: [34mshape[0m: (64,) [34mdtype[0m: <dtype: 'float32'> 
[32mINFO:[0m [34m input.4.strides[0m: [34mval[0m: [1, 1] 
[32mINFO:[0m [34m input.5.dilations[0m: [34mval[0m: [1, 1] 
[32mINFO:[0m [34m input.6.padding[0m: [34mval[0m: SAME 
[32mINFO:[0m [34m input.7.group[0m: [34mval[0m: 1 
[32mINFO:[0m [34m output.1.output[0m: [34mname[0m: tf.math.add_132/Add:0 [34mshape[0m: (1, 8, 8, 64) [34mdtype[0m: <dtype: 'float32'> 

[32mINFO:[0m [32m285 / 298[0m
[32mINFO:[0m [35monnx_op_type[0m: Conv[35m onnx_op_name[0m: /model.23/cv3.2/cv3.2.0/cv3.2.0.1/conv/Conv
[32mINFO:[0m [36m input_name.1[0m: /model.23/cv3.2/cv3.2.0/cv3.2.0.0/act/Mul_output_0 [36mshape[0m: [1, 256, 8, 8] [36mdtype[0m: float32
[32mINFO:[0m [36m input_name.2[0m: model.23.cv3.2.0.1.conv.weight [36mshape[0m: [64, 256, 1, 1] [36mdtype[0m: float32
[32mINFO:[0m [36m input_name.3[0m: model.23.cv3.2.0.1.conv.bias [36mshape[0m: [64] [36mdtype[0m: float32
[32mINFO:[0m [36m output_name.1[0m: /model.23/cv3.2/cv3.2.0/cv3.2.0.1/conv/Conv_output_0 [36mshape[0m: [1, 64, 8, 8] [36mdtype[0m: float32
[32mINFO:[0m [35mtf_op_type[0m: convolution_v2
[32mINFO:[0m [34m input.1.input[0m: [34mname[0m: tf.math.multiply_317/Mul:0 [34mshape[0m: (1, 8, 8, 256) [34mdtype[0m: <dtype: 'float32'> 
[32mINFO:[0m [34m input.2.weights[0m: [34mshape[0m: (1, 1, 256, 64) [34mdtype[0m: <dtype: 'float32'> 
[32mINFO:[0m [34m input.3.bias[0m: [34mshape[0m: (64,) [34mdtype[0m: <dtype: 'float32'> 
[32mINFO:[0m [34m input.4.strides[0m: [34mval[0m: [1, 1] 
[32mINFO:[0m [34m input.5.dilations[0m: [34mval[0m: [1, 1] 
[32mINFO:[0m [34m input.6.padding[0m: [34mval[0m: SAME 
[32mINFO:[0m [34m input.7.group[0m: [34mval[0m: 1 
[32mINFO:[0m [34m output.1.output[0m: [34mname[0m: tf.math.add_133/Add:0 [34mshape[0m: (1, 8, 8, 64) [34mdtype[0m: <dtype: 'float32'> 

[32mINFO:[0m [32m286 / 298[0m
[32mINFO:[0m [35monnx_op_type[0m: Sigmoid[35m onnx_op_name[0m: /model.23/cv2.2/cv2.2.1/act/Sigmoid
[32mINFO:[0m [36m input_name.1[0m: /model.23/cv2.2/cv2.2.1/conv/Conv_output_0 [36mshape[0m: [1, 64, 8, 8] [36mdtype[0m: float32
[32mINFO:[0m [36m output_name.1[0m: /model.23/cv2.2/cv2.2.1/act/Sigmoid_output_0 [36mshape[0m: [1, 64, 8, 8] [36mdtype[0m: float32
[32mINFO:[0m [35mtf_op_type[0m: sigmoid
[32mINFO:[0m [34m input.1.x[0m: [34mname[0m: tf.math.add_132/Add:0 [34mshape[0m: (1, 8, 8, 64) [34mdtype[0m: <dtype: 'float32'> 
[32mINFO:[0m [34m output.1.output[0m: [34mname[0m: tf.math.sigmoid_72/Sigmoid:0 [34mshape[0m: (1, 8, 8, 64) [34mdtype[0m: <dtype: 'float32'> 

[32mINFO:[0m [32m287 / 298[0m
[32mINFO:[0m [35monnx_op_type[0m: Sigmoid[35m onnx_op_name[0m: /model.23/cv3.2/cv3.2.0/cv3.2.0.1/act/Sigmoid
[32mINFO:[0m [36m input_name.1[0m: /model.23/cv3.2/cv3.2.0/cv3.2.0.1/conv/Conv_output_0 [36mshape[0m: [1, 64, 8, 8] [36mdtype[0m: float32
[32mINFO:[0m [36m output_name.1[0m: /model.23/cv3.2/cv3.2.0/cv3.2.0.1/act/Sigmoid_output_0 [36mshape[0m: [1, 64, 8, 8] [36mdtype[0m: float32
[32mINFO:[0m [35mtf_op_type[0m: sigmoid
[32mINFO:[0m [34m input.1.x[0m: [34mname[0m: tf.math.add_133/Add:0 [34mshape[0m: (1, 8, 8, 64) [34mdtype[0m: <dtype: 'float32'> 
[32mINFO:[0m [34m output.1.output[0m: [34mname[0m: tf.math.sigmoid_73/Sigmoid:0 [34mshape[0m: (1, 8, 8, 64) [34mdtype[0m: <dtype: 'float32'> 

[32mINFO:[0m [32m288 / 298[0m
[32mINFO:[0m [35monnx_op_type[0m: Mul[35m onnx_op_name[0m: /model.23/cv2.2/cv2.2.1/act/Mul
[32mINFO:[0m [36m input_name.1[0m: /model.23/cv2.2/cv2.2.1/conv/Conv_output_0 [36mshape[0m: [1, 64, 8, 8] [36mdtype[0m: float32
[32mINFO:[0m [36m input_name.2[0m: /model.23/cv2.2/cv2.2.1/act/Sigmoid_output_0 [36mshape[0m: [1, 64, 8, 8] [36mdtype[0m: float32
[32mINFO:[0m [36m output_name.1[0m: /model.23/cv2.2/cv2.2.1/act/Mul_output_0 [36mshape[0m: [1, 64, 8, 8] [36mdtype[0m: float32
[32mINFO:[0m [35mtf_op_type[0m: multiply
[32mINFO:[0m [34m input.1.x[0m: [34mname[0m: tf.math.add_132/Add:0 [34mshape[0m: (1, 8, 8, 64) [34mdtype[0m: <dtype: 'float32'> 
[32mINFO:[0m [34m input.2.y[0m: [34mname[0m: tf.math.sigmoid_72/Sigmoid:0 [34mshape[0m: (1, 8, 8, 64) [34mdtype[0m: <dtype: 'float32'> 
[32mINFO:[0m [34m output.1.output[0m: [34mname[0m: tf.math.multiply_321/Mul:0 [34mshape[0m: (1, 8, 8, 64) [34mdtype[0m: <dtype: 'float32'> 

[32mINFO:[0m [32m289 / 298[0m
[32mINFO:[0m [35monnx_op_type[0m: Mul[35m onnx_op_name[0m: /model.23/cv3.2/cv3.2.0/cv3.2.0.1/act/Mul
[32mINFO:[0m [36m input_name.1[0m: /model.23/cv3.2/cv3.2.0/cv3.2.0.1/conv/Conv_output_0 [36mshape[0m: [1, 64, 8, 8] [36mdtype[0m: float32
[32mINFO:[0m [36m input_name.2[0m: /model.23/cv3.2/cv3.2.0/cv3.2.0.1/act/Sigmoid_output_0 [36mshape[0m: [1, 64, 8, 8] [36mdtype[0m: float32
[32mINFO:[0m [36m output_name.1[0m: /model.23/cv3.2/cv3.2.0/cv3.2.0.1/act/Mul_output_0 [36mshape[0m: [1, 64, 8, 8] [36mdtype[0m: float32
[32mINFO:[0m [35mtf_op_type[0m: multiply
[32mINFO:[0m [34m input.1.x[0m: [34mname[0m: tf.math.add_133/Add:0 [34mshape[0m: (1, 8, 8, 64) [34mdtype[0m: <dtype: 'float32'> 
[32mINFO:[0m [34m input.2.y[0m: [34mname[0m: tf.math.sigmoid_73/Sigmoid:0 [34mshape[0m: (1, 8, 8, 64) [34mdtype[0m: <dtype: 'float32'> 
[32mINFO:[0m [34m output.1.output[0m: [34mname[0m: tf.math.multiply_325/Mul:0 [34mshape[0m: (1, 8, 8, 64) [34mdtype[0m: <dtype: 'float32'> 

[32mINFO:[0m [32m290 / 298[0m
[32mINFO:[0m [35monnx_op_type[0m: Conv[35m onnx_op_name[0m: /model.23/cv2.2/cv2.2.2/Conv
[32mINFO:[0m [36m input_name.1[0m: /model.23/cv2.2/cv2.2.1/act/Mul_output_0 [36mshape[0m: [1, 64, 8, 8] [36mdtype[0m: float32
[32mINFO:[0m [36m input_name.2[0m: model.23.cv2.2.2.weight [36mshape[0m: [64, 64, 1, 1] [36mdtype[0m: float32
[32mINFO:[0m [36m input_name.3[0m: model.23.cv2.2.2.bias [36mshape[0m: [64] [36mdtype[0m: float32
[32mINFO:[0m [36m output_name.1[0m: /model.23/cv2.2/cv2.2.2/Conv_output_0 [36mshape[0m: [1, 64, 8, 8] [36mdtype[0m: float32
[32mINFO:[0m [35mtf_op_type[0m: convolution_v2
[32mINFO:[0m [34m input.1.input[0m: [34mname[0m: tf.math.multiply_321/Mul:0 [34mshape[0m: (1, 8, 8, 64) [34mdtype[0m: <dtype: 'float32'> 
[32mINFO:[0m [34m input.2.weights[0m: [34mshape[0m: (1, 1, 64, 64) [34mdtype[0m: <dtype: 'float32'> 
[32mINFO:[0m [34m input.3.bias[0m: [34mshape[0m: (64,) [34mdtype[0m: <dtype: 'float32'> 
[32mINFO:[0m [34m input.4.strides[0m: [34mval[0m: [1, 1] 
[32mINFO:[0m [34m input.5.dilations[0m: [34mval[0m: [1, 1] 
[32mINFO:[0m [34m input.6.padding[0m: [34mval[0m: SAME 
[32mINFO:[0m [34m input.7.group[0m: [34mval[0m: 1 
[32mINFO:[0m [34m output.1.output[0m: [34mname[0m: tf.math.add_134/Add:0 [34mshape[0m: (1, 8, 8, 64) [34mdtype[0m: <dtype: 'float32'> 

[32mINFO:[0m [32m291 / 298[0m
[32mINFO:[0m [35monnx_op_type[0m: Conv[35m onnx_op_name[0m: /model.23/cv3.2/cv3.2.1/cv3.2.1.0/conv/Conv
[32mINFO:[0m [36m input_name.1[0m: /model.23/cv3.2/cv3.2.0/cv3.2.0.1/act/Mul_output_0 [36mshape[0m: [1, 64, 8, 8] [36mdtype[0m: float32
[32mINFO:[0m [36m input_name.2[0m: model.23.cv3.2.1.0.conv.weight [36mshape[0m: [64, 1, 3, 3] [36mdtype[0m: float32
[32mINFO:[0m [36m input_name.3[0m: model.23.cv3.2.1.0.conv.bias [36mshape[0m: [64] [36mdtype[0m: float32
[32mINFO:[0m [36m output_name.1[0m: /model.23/cv3.2/cv3.2.1/cv3.2.1.0/conv/Conv_output_0 [36mshape[0m: [1, 64, 8, 8] [36mdtype[0m: float32
[32mINFO:[0m [35mtf_op_type[0m: depthwise_conv2d_v2
[32mINFO:[0m [34m input.1.input[0m: [34mname[0m: tf.math.multiply_325/Mul:0 [34mshape[0m: (1, 8, 8, 64) [34mdtype[0m: <dtype: 'float32'> 
[32mINFO:[0m [34m input.2.weights[0m: [34mshape[0m: (3, 3, 64, 1) [34mdtype[0m: <dtype: 'float32'> 
[32mINFO:[0m [34m input.3.bias[0m: [34mshape[0m: (64,) [34mdtype[0m: <dtype: 'float32'> 
[32mINFO:[0m [34m input.4.strides[0m: [34mval[0m: [1, 1, 1, 1] 
[32mINFO:[0m [34m input.5.dilations[0m: [34mval[0m: [1, 1] 
[32mINFO:[0m [34m input.6.padding[0m: [34mval[0m: SAME 
[32mINFO:[0m [34m input.7.group[0m: [34mval[0m: 64 
[32mINFO:[0m [34m output.1.output[0m: [34mname[0m: tf.math.add_135/Add:0 [34mshape[0m: (1, 8, 8, 64) [34mdtype[0m: <dtype: 'float32'> 

[32mINFO:[0m [32m292 / 298[0m
[32mINFO:[0m [35monnx_op_type[0m: Sigmoid[35m onnx_op_name[0m: /model.23/cv3.2/cv3.2.1/cv3.2.1.0/act/Sigmoid
[32mINFO:[0m [36m input_name.1[0m: /model.23/cv3.2/cv3.2.1/cv3.2.1.0/conv/Conv_output_0 [36mshape[0m: [1, 64, 8, 8] [36mdtype[0m: float32
[32mINFO:[0m [36m output_name.1[0m: /model.23/cv3.2/cv3.2.1/cv3.2.1.0/act/Sigmoid_output_0 [36mshape[0m: [1, 64, 8, 8] [36mdtype[0m: float32
[32mINFO:[0m [35mtf_op_type[0m: sigmoid
[32mINFO:[0m [34m input.1.x[0m: [34mname[0m: tf.math.add_135/Add:0 [34mshape[0m: (1, 8, 8, 64) [34mdtype[0m: <dtype: 'float32'> 
[32mINFO:[0m [34m output.1.output[0m: [34mname[0m: tf.math.sigmoid_74/Sigmoid:0 [34mshape[0m: (1, 8, 8, 64) [34mdtype[0m: <dtype: 'float32'> 

[32mINFO:[0m [32m293 / 298[0m
[32mINFO:[0m [35monnx_op_type[0m: Mul[35m onnx_op_name[0m: /model.23/cv3.2/cv3.2.1/cv3.2.1.0/act/Mul
[32mINFO:[0m [36m input_name.1[0m: /model.23/cv3.2/cv3.2.1/cv3.2.1.0/conv/Conv_output_0 [36mshape[0m: [1, 64, 8, 8] [36mdtype[0m: float32
[32mINFO:[0m [36m input_name.2[0m: /model.23/cv3.2/cv3.2.1/cv3.2.1.0/act/Sigmoid_output_0 [36mshape[0m: [1, 64, 8, 8] [36mdtype[0m: float32
[32mINFO:[0m [36m output_name.1[0m: /model.23/cv3.2/cv3.2.1/cv3.2.1.0/act/Mul_output_0 [36mshape[0m: [1, 64, 8, 8] [36mdtype[0m: float32
[32mINFO:[0m [35mtf_op_type[0m: multiply
[32mINFO:[0m [34m input.1.x[0m: [34mname[0m: tf.math.add_135/Add:0 [34mshape[0m: (1, 8, 8, 64) [34mdtype[0m: <dtype: 'float32'> 
[32mINFO:[0m [34m input.2.y[0m: [34mname[0m: tf.math.sigmoid_74/Sigmoid:0 [34mshape[0m: (1, 8, 8, 64) [34mdtype[0m: <dtype: 'float32'> 
[32mINFO:[0m [34m output.1.output[0m: [34mname[0m: tf.math.multiply_329/Mul:0 [34mshape[0m: (1, 8, 8, 64) [34mdtype[0m: <dtype: 'float32'> 

[32mINFO:[0m [32m294 / 298[0m
[32mINFO:[0m [35monnx_op_type[0m: Conv[35m onnx_op_name[0m: /model.23/cv3.2/cv3.2.1/cv3.2.1.1/conv/Conv
[32mINFO:[0m [36m input_name.1[0m: /model.23/cv3.2/cv3.2.1/cv3.2.1.0/act/Mul_output_0 [36mshape[0m: [1, 64, 8, 8] [36mdtype[0m: float32
[32mINFO:[0m [36m input_name.2[0m: model.23.cv3.2.1.1.conv.weight [36mshape[0m: [64, 64, 1, 1] [36mdtype[0m: float32
[32mINFO:[0m [36m input_name.3[0m: model.23.cv3.2.1.1.conv.bias [36mshape[0m: [64] [36mdtype[0m: float32
[32mINFO:[0m [36m output_name.1[0m: /model.23/cv3.2/cv3.2.1/cv3.2.1.1/conv/Conv_output_0 [36mshape[0m: [1, 64, 8, 8] [36mdtype[0m: float32
[32mINFO:[0m [35mtf_op_type[0m: convolution_v2
[32mINFO:[0m [34m input.1.input[0m: [34mname[0m: tf.math.multiply_329/Mul:0 [34mshape[0m: (1, 8, 8, 64) [34mdtype[0m: <dtype: 'float32'> 
[32mINFO:[0m [34m input.2.weights[0m: [34mshape[0m: (1, 1, 64, 64) [34mdtype[0m: <dtype: 'float32'> 
[32mINFO:[0m [34m input.3.bias[0m: [34mshape[0m: (64,) [34mdtype[0m: <dtype: 'float32'> 
[32mINFO:[0m [34m input.4.strides[0m: [34mval[0m: [1, 1] 
[32mINFO:[0m [34m input.5.dilations[0m: [34mval[0m: [1, 1] 
[32mINFO:[0m [34m input.6.padding[0m: [34mval[0m: SAME 
[32mINFO:[0m [34m input.7.group[0m: [34mval[0m: 1 
[32mINFO:[0m [34m output.1.output[0m: [34mname[0m: tf.math.add_136/Add:0 [34mshape[0m: (1, 8, 8, 64) [34mdtype[0m: <dtype: 'float32'> 

[32mINFO:[0m [32m295 / 298[0m
[32mINFO:[0m [35monnx_op_type[0m: Sigmoid[35m onnx_op_name[0m: /model.23/cv3.2/cv3.2.1/cv3.2.1.1/act/Sigmoid
[32mINFO:[0m [36m input_name.1[0m: /model.23/cv3.2/cv3.2.1/cv3.2.1.1/conv/Conv_output_0 [36mshape[0m: [1, 64, 8, 8] [36mdtype[0m: float32
[32mINFO:[0m [36m output_name.1[0m: /model.23/cv3.2/cv3.2.1/cv3.2.1.1/act/Sigmoid_output_0 [36mshape[0m: [1, 64, 8, 8] [36mdtype[0m: float32
[32mINFO:[0m [35mtf_op_type[0m: sigmoid
[32mINFO:[0m [34m input.1.x[0m: [34mname[0m: tf.math.add_136/Add:0 [34mshape[0m: (1, 8, 8, 64) [34mdtype[0m: <dtype: 'float32'> 
[32mINFO:[0m [34m output.1.output[0m: [34mname[0m: tf.math.sigmoid_75/Sigmoid:0 [34mshape[0m: (1, 8, 8, 64) [34mdtype[0m: <dtype: 'float32'> 

[32mINFO:[0m [32m296 / 298[0m
[32mINFO:[0m [35monnx_op_type[0m: Mul[35m onnx_op_name[0m: /model.23/cv3.2/cv3.2.1/cv3.2.1.1/act/Mul
[32mINFO:[0m [36m input_name.1[0m: /model.23/cv3.2/cv3.2.1/cv3.2.1.1/conv/Conv_output_0 [36mshape[0m: [1, 64, 8, 8] [36mdtype[0m: float32
[32mINFO:[0m [36m input_name.2[0m: /model.23/cv3.2/cv3.2.1/cv3.2.1.1/act/Sigmoid_output_0 [36mshape[0m: [1, 64, 8, 8] [36mdtype[0m: float32
[32mINFO:[0m [36m output_name.1[0m: /model.23/cv3.2/cv3.2.1/cv3.2.1.1/act/Mul_output_0 [36mshape[0m: [1, 64, 8, 8] [36mdtype[0m: float32
[32mINFO:[0m [35mtf_op_type[0m: multiply
[32mINFO:[0m [34m input.1.x[0m: [34mname[0m: tf.math.add_136/Add:0 [34mshape[0m: (1, 8, 8, 64) [34mdtype[0m: <dtype: 'float32'> 
[32mINFO:[0m [34m input.2.y[0m: [34mname[0m: tf.math.sigmoid_75/Sigmoid:0 [34mshape[0m: (1, 8, 8, 64) [34mdtype[0m: <dtype: 'float32'> 
[32mINFO:[0m [34m output.1.output[0m: [34mname[0m: tf.math.multiply_333/Mul:0 [34mshape[0m: (1, 8, 8, 64) [34mdtype[0m: <dtype: 'float32'> 

[32mINFO:[0m [32m297 / 298[0m
[32mINFO:[0m [35monnx_op_type[0m: Conv[35m onnx_op_name[0m: /model.23/cv3.2/cv3.2.2/Conv
[32mINFO:[0m [36m input_name.1[0m: /model.23/cv3.2/cv3.2.1/cv3.2.1.1/act/Mul_output_0 [36mshape[0m: [1, 64, 8, 8] [36mdtype[0m: float32
[32mINFO:[0m [36m input_name.2[0m: model.23.cv3.2.2.weight [36mshape[0m: [4, 64, 1, 1] [36mdtype[0m: float32
[32mINFO:[0m [36m input_name.3[0m: model.23.cv3.2.2.bias [36mshape[0m: [4] [36mdtype[0m: float32
[32mINFO:[0m [36m output_name.1[0m: /model.23/cv3.2/cv3.2.2/Conv_output_0 [36mshape[0m: [1, 4, 8, 8] [36mdtype[0m: float32
[32mINFO:[0m [35mtf_op_type[0m: convolution_v2
[32mINFO:[0m [34m input.1.input[0m: [34mname[0m: tf.math.multiply_333/Mul:0 [34mshape[0m: (1, 8, 8, 64) [34mdtype[0m: <dtype: 'float32'> 
[32mINFO:[0m [34m input.2.weights[0m: [34mshape[0m: (1, 1, 64, 4) [34mdtype[0m: <dtype: 'float32'> 
[32mINFO:[0m [34m input.3.bias[0m: [34mshape[0m: (4,) [34mdtype[0m: <dtype: 'float32'> 
[32mINFO:[0m [34m input.4.strides[0m: [34mval[0m: [1, 1] 
[32mINFO:[0m [34m input.5.dilations[0m: [34mval[0m: [1, 1] 
[32mINFO:[0m [34m input.6.padding[0m: [34mval[0m: SAME 
[32mINFO:[0m [34m input.7.group[0m: [34mval[0m: 1 
[32mINFO:[0m [34m output.1.output[0m: [34mname[0m: tf.math.add_137/Add:0 [34mshape[0m: (1, 8, 8, 4) [34mdtype[0m: <dtype: 'float32'> 

[32mINFO:[0m [32m298 / 298[0m
[32mINFO:[0m [35monnx_op_type[0m: Concat[35m onnx_op_name[0m: /model.23/Concat_2
[32mINFO:[0m [36m input_name.1[0m: /model.23/cv2.2/cv2.2.2/Conv_output_0 [36mshape[0m: [1, 64, 8, 8] [36mdtype[0m: float32
[32mINFO:[0m [36m input_name.2[0m: /model.23/cv3.2/cv3.2.2/Conv_output_0 [36mshape[0m: [1, 4, 8, 8] [36mdtype[0m: float32
[32mINFO:[0m [36m output_name.1[0m: 514 [36mshape[0m: [1, 68, 8, 8] [36mdtype[0m: float32
[32mINFO:[0m [35mtf_op_type[0m: concat
[32mINFO:[0m [34m input.1.input0[0m: [34mname[0m: tf.math.add_134/Add:0 [34mshape[0m: (1, 8, 8, 64) [34mdtype[0m: <dtype: 'float32'> 
[32mINFO:[0m [34m input.2.input1[0m: [34mname[0m: tf.math.add_137/Add:0 [34mshape[0m: (1, 8, 8, 4) [34mdtype[0m: <dtype: 'float32'> 
[32mINFO:[0m [34m input.3.axis[0m: [34mval[0m: 3 
[32mINFO:[0m [34m output.1.output[0m: [34mname[0m: tf.concat_218/concat:0 [34mshape[0m: (1, 8, 8, 68) [34mdtype[0m: <dtype: 'float32'> 

[07msaved_model output started[0m ==========================================================
Saved artifact at 'fpga_payload/tflite_out'. The following endpoints are available:

* Endpoint 'serving_default'
  inputs_0 (POSITIONAL_ONLY): TensorSpec(shape=(1, 256, 256, 3), dtype=tf.float32, name='images')
Output Type:
  List[TensorSpec(shape=(1, 32, 32, 68), dtype=tf.float32, name=None), TensorSpec(shape=(1, 16, 16, 68), dtype=tf.float32, name=None), TensorSpec(shape=(1, 8, 8, 68), dtype=tf.float32, name=None)]
Captures:
  134603377200112: TensorSpec(shape=(4, 2), dtype=tf.int32, name=None)
  134603377199760: TensorSpec(shape=(3, 3, 3, 16), dtype=tf.float32, name=None)
  134603402536464: TensorSpec(shape=(16,), dtype=tf.float32, name=None)
  134603402532416: TensorSpec(shape=(4, 2), dtype=tf.int32, name=None)
  134603402529600: TensorSpec(shape=(3, 3, 16, 32), dtype=tf.float32, name=None)
  134603377211200: TensorSpec(shape=(32,), dtype=tf.float32, name=None)
  134603402458240: TensorSpec(shape=(1, 1, 32, 32), dtype=tf.float32, name=None)
  134603402457360: TensorSpec(shape=(32,), dtype=tf.float32, name=None)
  134603377203104: TensorSpec(shape=(3, 3, 16, 8), dtype=tf.float32, name=None)
  134603377201344: TensorSpec(shape=(8,), dtype=tf.float32, name=None)
  134603401918624: TensorSpec(shape=(3, 3, 8, 16), dtype=tf.float32, name=None)
  134603401918448: TensorSpec(shape=(16,), dtype=tf.float32, name=None)
  134603369394624: TensorSpec(shape=(1, 1, 48, 64), dtype=tf.float32, name=None)
  134603369388112: TensorSpec(shape=(64,), dtype=tf.float32, name=None)
  134603377967168: TensorSpec(shape=(4, 2), dtype=tf.int32, name=None)
  134603369511424: TensorSpec(shape=(3, 3, 64, 64), dtype=tf.float32, name=None)
  134603369511952: TensorSpec(shape=(64,), dtype=tf.float32, name=None)
  134603367827232: TensorSpec(shape=(1, 1, 64, 64), dtype=tf.float32, name=None)
  134603367830048: TensorSpec(shape=(64,), dtype=tf.float32, name=None)
  134603367958656: TensorSpec(shape=(3, 3, 32, 16), dtype=tf.float32, name=None)
  134603367808368: TensorSpec(shape=(16,), dtype=tf.float32, name=None)
  134603367956896: TensorSpec(shape=(3, 3, 16, 32), dtype=tf.float32, name=None)
  134603367831456: TensorSpec(shape=(32,), dtype=tf.float32, name=None)
  134603368223792: TensorSpec(shape=(1, 1, 96, 128), dtype=tf.float32, name=None)
  134603368226080: TensorSpec(shape=(128,), dtype=tf.float32, name=None)
  134603368331248: TensorSpec(shape=(4, 2), dtype=tf.int32, name=None)
  134603368329312: TensorSpec(shape=(3, 3, 128, 128), dtype=tf.float32, name=None)
  134603368401552: TensorSpec(shape=(128,), dtype=tf.float32, name=None)
  134603368325264: TensorSpec(shape=(1, 1, 128, 128), dtype=tf.float32, name=None)
  134603368328608: TensorSpec(shape=(128,), dtype=tf.float32, name=None)
  134603368505312: TensorSpec(shape=(1, 1, 64, 32), dtype=tf.float32, name=None)
  134603368502320: TensorSpec(shape=(32,), dtype=tf.float32, name=None)
  134603368562208: TensorSpec(shape=(3, 3, 32, 32), dtype=tf.float32, name=None)
  134603362928416: TensorSpec(shape=(32,), dtype=tf.float32, name=None)
  134603363015088: TensorSpec(shape=(3, 3, 32, 32), dtype=tf.float32, name=None)
  134603363010512: TensorSpec(shape=(32,), dtype=tf.float32, name=None)
  134603363151968: TensorSpec(shape=(3, 3, 32, 32), dtype=tf.float32, name=None)
  134603363153728: TensorSpec(shape=(32,), dtype=tf.float32, name=None)
  134603363264368: TensorSpec(shape=(3, 3, 32, 32), dtype=tf.float32, name=None)
  134603368512704: TensorSpec(shape=(1, 1, 64, 32), dtype=tf.float32, name=None)
  134603363261200: TensorSpec(shape=(32,), dtype=tf.float32, name=None)
  134603368513232: TensorSpec(shape=(32,), dtype=tf.float32, name=None)
  134603363468208: TensorSpec(shape=(1, 1, 64, 64), dtype=tf.float32, name=None)
  134603363470848: TensorSpec(shape=(64,), dtype=tf.float32, name=None)
  134603363550656: TensorSpec(shape=(1, 1, 192, 128), dtype=tf.float32, name=None)
  134603363562976: TensorSpec(shape=(128,), dtype=tf.float32, name=None)
  134603363645248: TensorSpec(shape=(4, 2), dtype=tf.int32, name=None)
  134603363635568: TensorSpec(shape=(3, 3, 128, 256), dtype=tf.float32, name=None)
  134603363768048: TensorSpec(shape=(256,), dtype=tf.float32, name=None)
  134603363771392: TensorSpec(shape=(1, 1, 256, 256), dtype=tf.float32, name=None)
  134603363831296: TensorSpec(shape=(256,), dtype=tf.float32, name=None)
  134603427515904: TensorSpec(shape=(1, 1, 128, 64), dtype=tf.float32, name=None)
  134603376361888: TensorSpec(shape=(64,), dtype=tf.float32, name=None)
  134603363828304: TensorSpec(shape=(3, 3, 64, 64), dtype=tf.float32, name=None)
  134603363839920: TensorSpec(shape=(64,), dtype=tf.float32, name=None)
  134603361892336: TensorSpec(shape=(3, 3, 64, 64), dtype=tf.float32, name=None)
  134603361890928: TensorSpec(shape=(64,), dtype=tf.float32, name=None)
  134603363167296: TensorSpec(shape=(3, 3, 64, 64), dtype=tf.float32, name=None)
  134603363171696: TensorSpec(shape=(64,), dtype=tf.float32, name=None)
  134603361981312: TensorSpec(shape=(3, 3, 64, 64), dtype=tf.float32, name=None)
  134603367793936: TensorSpec(shape=(1, 1, 128, 64), dtype=tf.float32, name=None)
  134603361979024: TensorSpec(shape=(64,), dtype=tf.float32, name=None)
  134603367794640: TensorSpec(shape=(64,), dtype=tf.float32, name=None)
  134603362147968: TensorSpec(shape=(1, 1, 128, 128), dtype=tf.float32, name=None)
  134603362146736: TensorSpec(shape=(128,), dtype=tf.float32, name=None)
  134603362094768: TensorSpec(shape=(1, 1, 384, 256), dtype=tf.float32, name=None)
  134603362104624: TensorSpec(shape=(256,), dtype=tf.float32, name=None)
  134603362283088: TensorSpec(shape=(1, 1, 256, 128), dtype=tf.float32, name=None)
  134603362282032: TensorSpec(shape=(128,), dtype=tf.float32, name=None)
  134603362383504: TensorSpec(shape=(1, 1, 512, 256), dtype=tf.float32, name=None)
  134603362381216: TensorSpec(shape=(256,), dtype=tf.float32, name=None)
  134603362376112: TensorSpec(shape=(1, 1, 256, 256), dtype=tf.float32, name=None)
  134603362379104: TensorSpec(shape=(256,), dtype=tf.float32, name=None)
  134603362470192: TensorSpec(shape=(1, 1, 128, 256), dtype=tf.float32, name=None)
  134603362475648: TensorSpec(shape=(256,), dtype=tf.float32, name=None)
  134603352318096: TensorSpec(shape=(), dtype=tf.resource, name=None)
  134603362795040: TensorSpec(shape=(128,), dtype=tf.float32, name=None)
  134603352992128: TensorSpec(shape=(1, 1, 128, 128), dtype=tf.float32, name=None)
  134603352993008: TensorSpec(shape=(128,), dtype=tf.float32, name=None)
  134603343852496: TensorSpec(shape=(1, 1, 128, 256), dtype=tf.float32, name=None)
  134603343849680: TensorSpec(shape=(256,), dtype=tf.float32, name=None)
  134603352849776: TensorSpec(shape=(1, 1, 256, 128), dtype=tf.float32, name=None)
  134603352835872: TensorSpec(shape=(128,), dtype=tf.float32, name=None)
  134603344069376: TensorSpec(shape=(1, 1, 256, 256), dtype=tf.float32, name=None)
  134603344080640: TensorSpec(shape=(256,), dtype=tf.float32, name=None)
  134603343920848: TensorSpec(shape=(1, 1, 384, 128), dtype=tf.float32, name=None)
  134603344076768: TensorSpec(shape=(128,), dtype=tf.float32, name=None)
  134603343911520: TensorSpec(shape=(3, 3, 64, 32), dtype=tf.float32, name=None)
  134603344078704: TensorSpec(shape=(32,), dtype=tf.float32, name=None)
  134603344161328: TensorSpec(shape=(3, 3, 32, 64), dtype=tf.float32, name=None)
  134603344163616: TensorSpec(shape=(64,), dtype=tf.float32, name=None)
  134603344581856: TensorSpec(shape=(1, 1, 192, 128), dtype=tf.float32, name=None)
  134603344589424: TensorSpec(shape=(128,), dtype=tf.float32, name=None)
  134603344664656: TensorSpec(shape=(1, 1, 256, 64), dtype=tf.float32, name=None)
  134603344667120: TensorSpec(shape=(64,), dtype=tf.float32, name=None)
  134603344701296: TensorSpec(shape=(3, 3, 32, 16), dtype=tf.float32, name=None)
  134603344669760: TensorSpec(shape=(16,), dtype=tf.float32, name=None)
  134603337117088: TensorSpec(shape=(3, 3, 16, 32), dtype=tf.float32, name=None)
  134603337116560: TensorSpec(shape=(32,), dtype=tf.float32, name=None)
  134603336983376: TensorSpec(shape=(1, 1, 96, 64), dtype=tf.float32, name=None)
  134603336981264: TensorSpec(shape=(64,), dtype=tf.float32, name=None)
  134603336982848: TensorSpec(shape=(4, 2), dtype=tf.int32, name=None)
  134603336989712: TensorSpec(shape=(3, 3, 64, 64), dtype=tf.float32, name=None)
  134603337187392: TensorSpec(shape=(64,), dtype=tf.float32, name=None)
  134603337198480: TensorSpec(shape=(1, 1, 192, 128), dtype=tf.float32, name=None)
  134603337460448: TensorSpec(shape=(128,), dtype=tf.float32, name=None)
  134603337845744: TensorSpec(shape=(3, 3, 64, 32), dtype=tf.float32, name=None)
  134603337852960: TensorSpec(shape=(32,), dtype=tf.float32, name=None)
  134603337865648: TensorSpec(shape=(3, 3, 32, 64), dtype=tf.float32, name=None)
  134603337866880: TensorSpec(shape=(64,), dtype=tf.float32, name=None)
  134602997447344: TensorSpec(shape=(1, 1, 192, 128), dtype=tf.float32, name=None)
  134602997447168: TensorSpec(shape=(128,), dtype=tf.float32, name=None)
  134602997635856: TensorSpec(shape=(4, 2), dtype=tf.int32, name=None)
  134602997638848: TensorSpec(shape=(3, 3, 128, 128), dtype=tf.float32, name=None)
  134602997641488: TensorSpec(shape=(128,), dtype=tf.float32, name=None)
  134602997931472: TensorSpec(shape=(1, 1, 384, 256), dtype=tf.float32, name=None)
  134602997927600: TensorSpec(shape=(256,), dtype=tf.float32, name=None)
  134602998135296: TensorSpec(shape=(1, 1, 128, 64), dtype=tf.float32, name=None)
  134602996062112: TensorSpec(shape=(64,), dtype=tf.float32, name=None)
  134602996295008: TensorSpec(shape=(3, 3, 64, 64), dtype=tf.float32, name=None)
  134602996294128: TensorSpec(shape=(64,), dtype=tf.float32, name=None)
  134602996484576: TensorSpec(shape=(3, 3, 64, 64), dtype=tf.float32, name=None)
  134602996487920: TensorSpec(shape=(64,), dtype=tf.float32, name=None)
  134602996715536: TensorSpec(shape=(3, 3, 64, 64), dtype=tf.float32, name=None)
  134602996278272: TensorSpec(shape=(64,), dtype=tf.float32, name=None)
  134602996724512: TensorSpec(shape=(3, 3, 64, 64), dtype=tf.float32, name=None)
  134602997935872: TensorSpec(shape=(1, 1, 128, 64), dtype=tf.float32, name=None)
  134602996717824: TensorSpec(shape=(64,), dtype=tf.float32, name=None)
  134602997949616: TensorSpec(shape=(64,), dtype=tf.float32, name=None)
  134602997012912: TensorSpec(shape=(1, 1, 128, 128), dtype=tf.float32, name=None)
  134602997009920: TensorSpec(shape=(128,), dtype=tf.float32, name=None)
  134602995010544: TensorSpec(shape=(1, 1, 384, 256), dtype=tf.float32, name=None)
  134602995015648: TensorSpec(shape=(256,), dtype=tf.float32, name=None)
  134602995112896: TensorSpec(shape=(3, 3, 256, 1), dtype=tf.float32, name=None)
  134602997542832: TensorSpec(shape=(3, 3, 128, 1), dtype=tf.float32, name=None)
  134603337202528: TensorSpec(shape=(3, 3, 64, 1), dtype=tf.float32, name=None)
  134602995112720: TensorSpec(shape=(256,), dtype=tf.float32, name=None)
  134602997543712: TensorSpec(shape=(128,), dtype=tf.float32, name=None)
  134603337202352: TensorSpec(shape=(64,), dtype=tf.float32, name=None)
  134602995157120: TensorSpec(shape=(1, 1, 256, 64), dtype=tf.float32, name=None)
  134602997928128: TensorSpec(shape=(1, 1, 128, 64), dtype=tf.float32, name=None)
  134603337575136: TensorSpec(shape=(1, 1, 64, 64), dtype=tf.float32, name=None)
  134602995321312: TensorSpec(shape=(64,), dtype=tf.float32, name=None)
  134602997928656: TensorSpec(shape=(64,), dtype=tf.float32, name=None)
  134603337575664: TensorSpec(shape=(64,), dtype=tf.float32, name=None)
  134602995361824: TensorSpec(shape=(3, 3, 64, 1), dtype=tf.float32, name=None)
  134602997011152: TensorSpec(shape=(3, 3, 256, 64), dtype=tf.float32, name=None)
  134602998132832: TensorSpec(shape=(3, 3, 64, 1), dtype=tf.float32, name=None)
  134602997761472: TensorSpec(shape=(3, 3, 128, 64), dtype=tf.float32, name=None)
  134603337843104: TensorSpec(shape=(3, 3, 64, 1), dtype=tf.float32, name=None)
  134603337199184: TensorSpec(shape=(3, 3, 64, 64), dtype=tf.float32, name=None)
  134602995360416: TensorSpec(shape=(64,), dtype=tf.float32, name=None)
  134602996828992: TensorSpec(shape=(64,), dtype=tf.float32, name=None)
  134602998132656: TensorSpec(shape=(64,), dtype=tf.float32, name=None)
  134602997762000: TensorSpec(shape=(64,), dtype=tf.float32, name=None)
  134603337842928: TensorSpec(shape=(64,), dtype=tf.float32, name=None)
  134603337199712: TensorSpec(shape=(64,), dtype=tf.float32, name=None)
  134602995148832: TensorSpec(shape=(1, 1, 64, 64), dtype=tf.float32, name=None)
  134602995164688: TensorSpec(shape=(3, 3, 64, 64), dtype=tf.float32, name=None)
  134602996138928: TensorSpec(shape=(1, 1, 64, 64), dtype=tf.float32, name=None)
  134602997364544: TensorSpec(shape=(3, 3, 64, 64), dtype=tf.float32, name=None)
  134602997123024: TensorSpec(shape=(1, 1, 64, 64), dtype=tf.float32, name=None)
  134603337464496: TensorSpec(shape=(3, 3, 64, 64), dtype=tf.float32, name=None)
  134602995148128: TensorSpec(shape=(64,), dtype=tf.float32, name=None)
  134602995164864: TensorSpec(shape=(64,), dtype=tf.float32, name=None)
  134602996147200: TensorSpec(shape=(64,), dtype=tf.float32, name=None)
  134602997539136: TensorSpec(shape=(64,), dtype=tf.float32, name=None)
  134602997122144: TensorSpec(shape=(64,), dtype=tf.float32, name=None)
  134603337459744: TensorSpec(shape=(64,), dtype=tf.float32, name=None)
  134602995583280: TensorSpec(shape=(1, 1, 64, 4), dtype=tf.float32, name=None)
  134602995325712: TensorSpec(shape=(1, 1, 64, 64), dtype=tf.float32, name=None)
  134602996425200: TensorSpec(shape=(1, 1, 64, 4), dtype=tf.float32, name=None)
  134602997950320: TensorSpec(shape=(1, 1, 64, 64), dtype=tf.float32, name=None)
  134603337856480: TensorSpec(shape=(1, 1, 64, 4), dtype=tf.float32, name=None)
  134603337737392: TensorSpec(shape=(1, 1, 64, 64), dtype=tf.float32, name=None)
  134602995119408: TensorSpec(shape=(64,), dtype=tf.float32, name=None)
  134602995586096: TensorSpec(shape=(4,), dtype=tf.float32, name=None)
  134602997952256: TensorSpec(shape=(64,), dtype=tf.float32, name=None)
  134602996426608: TensorSpec(shape=(4,), dtype=tf.float32, name=None)
  134603337736512: TensorSpec(shape=(64,), dtype=tf.float32, name=None)
  134603337871984: TensorSpec(shape=(4,), dtype=tf.float32, name=None)
I0000 00:00:1785521539.757710    5763 devices.cc:67] Number of eligible GPUs (core count >= 8, compute capability >= 0.0): 0
WARNING: All log messages before absl::InitializeLog() is called are written to STDERR
I0000 00:00:1785521539.758229    5763 single_machine.cc:374] Starting new session
W0000 00:00:1785521540.552005    5763 tf_tfl_flatbuffer_helpers.cc:365] Ignored output_format.
W0000 00:00:1785521540.552067    5763 tf_tfl_flatbuffer_helpers.cc:368] Ignored drop_control_dependency.
I0000 00:00:1785521544.522603    5763 devices.cc:67] Number of eligible GPUs (core count >= 8, compute capability >= 0.0): 0
I0000 00:00:1785521544.522888    5763 single_machine.cc:374] Starting new session
W0000 00:00:1785521545.103427    5763 tf_tfl_flatbuffer_helpers.cc:365] Ignored output_format.
W0000 00:00:1785521545.103480    5763 tf_tfl_flatbuffer_helpers.cc:368] Ignored drop_control_dependency.
I0000 00:00:1785521545.874453    5763 devices.cc:67] Number of eligible GPUs (core count >= 8, compute capability >= 0.0): 0
I0000 00:00:1785521545.875090    5763 single_machine.cc:374] Starting new session
W0000 00:00:1785521546.380710    5763 tf_tfl_flatbuffer_helpers.cc:365] Ignored output_format.
W0000 00:00:1785521546.380771    5763 tf_tfl_flatbuffer_helpers.cc:368] Ignored drop_control_dependency.
W0000 00:00:1785521548.710945    5763 tf_tfl_flatbuffer_helpers.cc:365] Ignored output_format.
W0000 00:00:1785521548.711017    5763 tf_tfl_flatbuffer_helpers.cc:368] Ignored drop_control_dependency.
I0000 00:00:1785521548.842169    5763 mlir_graph_optimization_pass.cc:425] MLIR V1 optimization pass is not enabled
fully_quantize: 0, inference_type: 6, input_inference_type: FLOAT32, output_inference_type: FLOAT32
W0000 00:00:1785521555.045630    5763 tf_tfl_flatbuffer_helpers.cc:365] Ignored output_format.
W0000 00:00:1785521555.045693    5763 tf_tfl_flatbuffer_helpers.cc:368] Ignored drop_control_dependency.
fully_quantize: 0, inference_type: 6, input_inference_type: INT8, output_inference_type: INT8
W0000 00:00:1785521561.503608    5763 tf_tfl_flatbuffer_helpers.cc:365] Ignored output_format.
W0000 00:00:1785521561.503656    5763 tf_tfl_flatbuffer_helpers.cc:368] Ignored drop_control_dependency.
W0000 00:00:1785521572.015419    5763 tf_tfl_flatbuffer_helpers.cc:365] Ignored output_format.
W0000 00:00:1785521572.015471    5763 tf_tfl_flatbuffer_helpers.cc:368] Ignored drop_control_dependency.
[32msaved_model output complete![0m
[32mFloat32 tflite output complete![0m
[32mFloat16 tflite output complete![0m
[32mDynamic Range Quantization tflite output complete![0m

[34mSignature information for quantization[0m
[34msignature_name[0m: serving_default
[34minput_name.0[0m: images [34mshape[0m: (1, 256, 256, 3) [34mdtype[0m: <dtype: 'float32'>
[34moutput_name.0[0m: output_2 [34mshape[0m: (1, 8, 8, 68) [34mdtype[0m: <dtype: 'float32'>
[34moutput_name.1[0m: output_1 [34mshape[0m: (1, 16, 16, 68) [34mdtype[0m: <dtype: 'float32'>
[34moutput_name.2[0m: output_0 [34mshape[0m: (1, 32, 32, 68) [34mdtype[0m: <dtype: 'float32'>
[34mquant_norm_mean[0m: [[[[0.485 0.456 0.406]]]] 
[34mquant_norm_std[0m: [[[[0.229 0.224 0.225]]]] 

WARNING: No local images found; using deterministic synthetic calibration data.
[32mINT8 Quantization tflite output complete![0m
[32mFull INT8 Quantization tflite output complete![0m
[32mINT8 Quantization with int16 activations tflite output complete![0m
[32mFull INT8 Quantization with int16 activations tflite output complete![0m

[07mONNX and TF output value validation started[0m =========================================
[32mINFO:[0m [32mvalidation_conditions[0m: np.allclose(onnx_outputs, tf_outputs, rtol=0.0, atol=0.0001, equal_nan=True)
[33mWARNING:[0m Accuracy validation found errors > 1e-2. Automatic JSON generation on error is disabled by default.
Re-run with --auto_generate_json_on_error or provide a parameter replacement JSON file.
[32mINFO:[0m [32monnx_output_name[0m: /model.0/conv/Conv_output_0 [32mshape[0m: (1, 16, 128, 128) [32mdtype[0m: float32 [32mvalidate_result[0m: [07m[33m Unmatched [0m [32mmax_abs_error[0m: 0.005859375
[32mINFO:[0m [32monnx_output_name[0m: /model.0/act/Sigmoid_output_0 [32mshape[0m: (1, 16, 128, 128) [32mdtype[0m: float32 [32mvalidate_result[0m: [07m[33m Unmatched [0m [32mmax_abs_error[0m: 0.00041618943214416504
[32mINFO:[0m [32monnx_output_name[0m: /model.0/act/Mul_output_0 [32mshape[0m: (1, 16, 128, 128) [32mdtype[0m: float32 [32mvalidate_result[0m: [07m[33m Unmatched [0m [32mmax_abs_error[0m: 0.0048828125
[32mINFO:[0m [32monnx_output_name[0m: /model.1/conv/Conv_output_0 [32mshape[0m: (1, 32, 64, 64) [32mdtype[0m: float32 [32mvalidate_result[0m: [07m[33m Unmatched [0m [32mmax_abs_error[0m: 0.0087890625
[32mINFO:[0m [32monnx_output_name[0m: /model.1/act/Sigmoid_output_0 [32mshape[0m: (1, 32, 64, 64) [32mdtype[0m: float32 [32mvalidate_result[0m: [07m[33m Unmatched [0m [32mmax_abs_error[0m: 0.0004597604274749756
[32mINFO:[0m [32monnx_output_name[0m: /model.1/act/Mul_output_0 [32mshape[0m: (1, 32, 64, 64) [32mdtype[0m: float32 [32mvalidate_result[0m: [07m[33m Unmatched [0m [32mmax_abs_error[0m: 0.0078125
[32mINFO:[0m [32monnx_output_name[0m: /model.2/cv1/conv/Conv_output_0 [32mshape[0m: (1, 32, 64, 64) [32mdtype[0m: float32 [32mvalidate_result[0m: [07m[33m Unmatched [0m [32mmax_abs_error[0m: 0.008331298828125
[32mINFO:[0m [32monnx_output_name[0m: /model.2/cv1/act/Sigmoid_output_0 [32mshape[0m: (1, 32, 64, 64) [32mdtype[0m: float32 [32mvalidate_result[0m: [07m[33m Unmatched [0m [32mmax_abs_error[0m: 0.0005239248275756836
[32mINFO:[0m [32monnx_output_name[0m: /model.2/cv1/act/Mul_output_0 [32mshape[0m: (1, 32, 64, 64) [32mdtype[0m: float32 [32mvalidate_result[0m: [07m[33m Unmatched [0m [32mmax_abs_error[0m: 0.008331298828125
[32mINFO:[0m [32monnx_output_name[0m: /model.2/Split_output_0 [32mshape[0m: (1, 16, 64, 64) [32mdtype[0m: float32 [32mvalidate_result[0m: [07m[33m Unmatched [0m [32mmax_abs_error[0m: 0.008331298828125
[32mINFO:[0m [32monnx_output_name[0m: /model.2/Split_output_1 [32mshape[0m: (1, 16, 64, 64) [32mdtype[0m: float32 [32mvalidate_result[0m: [07m[33m Unmatched [0m [32mmax_abs_error[0m: 0.00390625
[32mINFO:[0m [32monnx_output_name[0m: /model.2/m.0/cv1/conv/Conv_output_0 [32mshape[0m: (1, 8, 64, 64) [32mdtype[0m: float32 [32mvalidate_result[0m: [07m[33m Unmatched [0m [32mmax_abs_error[0m: 0.00054931640625
[32mINFO:[0m [32monnx_output_name[0m: /model.2/m.0/cv1/act/Sigmoid_output_0 [32mshape[0m: (1, 8, 64, 64) [32mdtype[0m: float32 [32mvalidate_result[0m: [07m[32m Matches [0m
[32mINFO:[0m [32monnx_output_name[0m: /model.2/m.0/cv1/act/Mul_output_0 [32mshape[0m: (1, 8, 64, 64) [32mdtype[0m: float32 [32mvalidate_result[0m: [07m[33m Unmatched [0m [32mmax_abs_error[0m: 0.0002002716064453125
[32mINFO:[0m [32monnx_output_name[0m: /model.2/m.0/cv2/conv/Conv_output_0 [32mshape[0m: (1, 16, 64, 64) [32mdtype[0m: float32 [32mvalidate_result[0m: [07m[33m Unmatched [0m [32mmax_abs_error[0m: 0.00128173828125
[32mINFO:[0m [32monnx_output_name[0m: /model.2/m.0/cv2/act/Sigmoid_output_0 [32mshape[0m: (1, 16, 64, 64) [32mdtype[0m: float32 [32mvalidate_result[0m: [07m[33m Unmatched [0m [32mmax_abs_error[0m: 0.0001526474952697754
[32mINFO:[0m [32monnx_output_name[0m: /model.2/m.0/cv2/act/Mul_output_0 [32mshape[0m: (1, 16, 64, 64) [32mdtype[0m: float32 [32mvalidate_result[0m: [07m[33m Unmatched [0m [32mmax_abs_error[0m: 0.00122833251953125
[32mINFO:[0m [32monnx_output_name[0m: /model.2/m.0/Add_output_0 [32mshape[0m: (1, 16, 64, 64) [32mdtype[0m: float32 [32mvalidate_result[0m: [07m[33m Unmatched [0m [32mmax_abs_error[0m: 0.00390625
[32mINFO:[0m [32monnx_output_name[0m: /model.2/Concat_output_0 [32mshape[0m: (1, 48, 64, 64) [32mdtype[0m: float32 [32mvalidate_result[0m: [07m[33m Unmatched [0m [32mmax_abs_error[0m: 0.008331298828125
[32mINFO:[0m [32monnx_output_name[0m: /model.2/cv2/conv/Conv_output_0 [32mshape[0m: (1, 64, 64, 64) [32mdtype[0m: float32 [32mvalidate_result[0m: [07m[33m Unmatched [0m [32mmax_abs_error[0m: 0.004150390625
[32mINFO:[0m [32monnx_output_name[0m: /model.2/cv2/act/Sigmoid_output_0 [32mshape[0m: (1, 64, 64, 64) [32mdtype[0m: float32 [32mvalidate_result[0m: [07m[33m Unmatched [0m [32mmax_abs_error[0m: 0.00017631053924560547
[32mINFO:[0m [32monnx_output_name[0m: /model.2/cv2/act/Mul_output_0 [32mshape[0m: (1, 64, 64, 64) [32mdtype[0m: float32 [32mvalidate_result[0m: [07m[33m Unmatched [0m [32mmax_abs_error[0m: 0.00258636474609375
[32mINFO:[0m [32monnx_output_name[0m: /model.3/conv/Conv_output_0 [32mshape[0m: (1, 64, 32, 32) [32mdtype[0m: float32 [32mvalidate_result[0m: [07m[33m Unmatched [0m [32mmax_abs_error[0m: 0.0013427734375
[32mINFO:[0m [32monnx_output_name[0m: /model.3/act/Sigmoid_output_0 [32mshape[0m: (1, 64, 32, 32) [32mdtype[0m: float32 [32mvalidate_result[0m: [07m[32m Matches [0m
[32mINFO:[0m [32monnx_output_name[0m: /model.3/act/Mul_output_0 [32mshape[0m: (1, 64, 32, 32) [32mdtype[0m: float32 [32mvalidate_result[0m: [07m[33m Unmatched [0m [32mmax_abs_error[0m: 0.00079345703125
[32mINFO:[0m [32monnx_output_name[0m: /model.4/cv1/conv/Conv_output_0 [32mshape[0m: (1, 64, 32, 32) [32mdtype[0m: float32 [32mvalidate_result[0m: [07m[33m Unmatched [0m [32mmax_abs_error[0m: 0.0009765625
[32mINFO:[0m [32monnx_output_name[0m: /model.4/cv1/act/Sigmoid_output_0 [32mshape[0m: (1, 64, 32, 32) [32mdtype[0m: float32 [32mvalidate_result[0m: [07m[32m Matches [0m
[32mINFO:[0m [32monnx_output_name[0m: /model.4/cv1/act/Mul_output_0 [32mshape[0m: (1, 64, 32, 32) [32mdtype[0m: float32 [32mvalidate_result[0m: [07m[33m Unmatched [0m [32mmax_abs_error[0m: 0.0006103515625
[32mINFO:[0m [32monnx_output_name[0m: /model.4/Split_output_0 [32mshape[0m: (1, 32, 32, 32) [32mdtype[0m: float32 [32mvalidate_result[0m: [07m[33m Unmatched [0m [32mmax_abs_error[0m: 0.0006103515625
[32mINFO:[0m [32monnx_output_name[0m: /model.4/Split_output_1 [32mshape[0m: (1, 32, 32, 32) [32mdtype[0m: float32 [32mvalidate_result[0m: [07m[33m Unmatched [0m [32mmax_abs_error[0m: 0.000354766845703125
[32mINFO:[0m [32monnx_output_name[0m: /model.4/m.0/cv1/conv/Conv_output_0 [32mshape[0m: (1, 16, 32, 32) [32mdtype[0m: float32 [32mvalidate_result[0m: [07m[33m Unmatched [0m [32mmax_abs_error[0m: 0.000213623046875
[32mINFO:[0m [32monnx_output_name[0m: /model.4/m.0/cv1/act/Sigmoid_output_0 [32mshape[0m: (1, 16, 32, 32) [32mdtype[0m: float32 [32mvalidate_result[0m: [07m[32m Matches [0m
[32mINFO:[0m [32monnx_output_name[0m: /model.4/m.0/cv1/act/Mul_output_0 [32mshape[0m: (1, 16, 32, 32) [32mdtype[0m: float32 [32mvalidate_result[0m: [07m[33m Unmatched [0m [32mmax_abs_error[0m: 0.00014400482177734375
[32mINFO:[0m [32monnx_output_name[0m: /model.4/m.0/cv2/conv/Conv_output_0 [32mshape[0m: (1, 32, 32, 32) [32mdtype[0m: float32 [32mvalidate_result[0m: [07m[33m Unmatched [0m [32mmax_abs_error[0m: 0.00010395050048828125
[32mINFO:[0m [32monnx_output_name[0m: /model.4/m.0/cv2/act/Sigmoid_output_0 [32mshape[0m: (1, 32, 32, 32) [32mdtype[0m: float32 [32mvalidate_result[0m: [07m[32m Matches [0m
[32mINFO:[0m [32monnx_output_name[0m: /model.4/m.0/cv2/act/Mul_output_0 [32mshape[0m: (1, 32, 32, 32) [32mdtype[0m: float32 [32mvalidate_result[0m: [07m[32m Matches [0m
[32mINFO:[0m [32monnx_output_name[0m: /model.4/m.0/Add_output_0 [32mshape[0m: (1, 32, 32, 32) [32mdtype[0m: float32 [32mvalidate_result[0m: [07m[33m Unmatched [0m [32mmax_abs_error[0m: 0.0003509521484375
[32mINFO:[0m [32monnx_output_name[0m: /model.4/Concat_output_0 [32mshape[0m: (1, 96, 32, 32) [32mdtype[0m: float32 [32mvalidate_result[0m: [07m[33m Unmatched [0m [32mmax_abs_error[0m: 0.0006103515625
[32mINFO:[0m [32monnx_output_name[0m: /model.4/cv2/conv/Conv_output_0 [32mshape[0m: (1, 128, 32, 32) [32mdtype[0m: float32 [32mvalidate_result[0m: [07m[33m Unmatched [0m [32mmax_abs_error[0m: 0.000640869140625
[32mINFO:[0m [32monnx_output_name[0m: /model.4/cv2/act/Sigmoid_output_0 [32mshape[0m: (1, 128, 32, 32) [32mdtype[0m: float32 [32mvalidate_result[0m: [07m[32m Matches [0m
[32mINFO:[0m [32monnx_output_name[0m: /model.4/cv2/act/Mul_output_0 [32mshape[0m: (1, 128, 32, 32) [32mdtype[0m: float32 [32mvalidate_result[0m: [07m[33m Unmatched [0m [32mmax_abs_error[0m: 0.0003662109375
[32mINFO:[0m [32monnx_output_name[0m: /model.5/conv/Conv_output_0 [32mshape[0m: (1, 128, 16, 16) [32mdtype[0m: float32 [32mvalidate_result[0m: [07m[33m Unmatched [0m [32mmax_abs_error[0m: 0.0008544921875
[32mINFO:[0m [32monnx_output_name[0m: /model.5/act/Sigmoid_output_0 [32mshape[0m: (1, 128, 16, 16) [32mdtype[0m: float32 [32mvalidate_result[0m: [07m[32m Matches [0m
[32mINFO:[0m [32monnx_output_name[0m: /model.5/act/Mul_output_0 [32mshape[0m: (1, 128, 16, 16) [32mdtype[0m: float32 [32mvalidate_result[0m: [07m[33m Unmatched [0m [32mmax_abs_error[0m: 0.0008544921875
[32mINFO:[0m [32monnx_output_name[0m: /model.6/cv1/conv/Conv_output_0 [32mshape[0m: (1, 128, 16, 16) [32mdtype[0m: float32 [32mvalidate_result[0m: [07m[33m Unmatched [0m [32mmax_abs_error[0m: 0.001708984375
[32mINFO:[0m [32monnx_output_name[0m: /model.6/cv1/act/Sigmoid_output_0 [32mshape[0m: (1, 128, 16, 16) [32mdtype[0m: float32 [32mvalidate_result[0m: [07m[32m Matches [0m
[32mINFO:[0m [32monnx_output_name[0m: /model.6/cv1/act/Mul_output_0 [32mshape[0m: (1, 128, 16, 16) [32mdtype[0m: float32 [32mvalidate_result[0m: [07m[33m Unmatched [0m [32mmax_abs_error[0m: 0.001220703125
[32mINFO:[0m [32monnx_output_name[0m: /model.6/Split_output_0 [32mshape[0m: (1, 64, 16, 16) [32mdtype[0m: float32 [32mvalidate_result[0m: [07m[33m Unmatched [0m [32mmax_abs_error[0m: 0.0008544921875
[32mINFO:[0m [32monnx_output_name[0m: /model.6/Split_output_1 [32mshape[0m: (1, 64, 16, 16) [32mdtype[0m: float32 [32mvalidate_result[0m: [07m[33m Unmatched [0m [32mmax_abs_error[0m: 0.001220703125
[32mINFO:[0m [32monnx_output_name[0m: /model.6/m.0/cv1/conv/Conv_output_0 [32mshape[0m: (1, 32, 16, 16) [32mdtype[0m: float32 [32mvalidate_result[0m: [07m[33m Unmatched [0m [32mmax_abs_error[0m: 0.0003509521484375
[32mINFO:[0m [32monnx_output_name[0m: /model.6/m.0/cv2/conv/Conv_output_0 [32mshape[0m: (1, 32, 16, 16) [32mdtype[0m: float32 [32mvalidate_result[0m: [07m[33m Unmatched [0m [32mmax_abs_error[0m: 0.00146484375
[32mINFO:[0m [32monnx_output_name[0m: /model.6/m.0/cv1/act/Sigmoid_output_0 [32mshape[0m: (1, 32, 16, 16) [32mdtype[0m: float32 [32mvalidate_result[0m: [07m[32m Matches [0m
[32mINFO:[0m [32monnx_output_name[0m: /model.6/m.0/cv2/act/Sigmoid_output_0 [32mshape[0m: (1, 32, 16, 16) [32mdtype[0m: float32 [32mvalidate_result[0m: [07m[32m Matches [0m
[32mINFO:[0m [32monnx_output_name[0m: /model.6/m.0/cv1/act/Mul_output_0 [32mshape[0m: (1, 32, 16, 16) [32mdtype[0m: float32 [32mvalidate_result[0m: [07m[33m Unmatched [0m [32mmax_abs_error[0m: 0.000335693359375
[32mINFO:[0m [32monnx_output_name[0m: /model.6/m.0/cv2/act/Mul_output_0 [32mshape[0m: (1, 32, 16, 16) [32mdtype[0m: float32 [32mvalidate_result[0m: [07m[33m Unmatched [0m [32mmax_abs_error[0m: 0.00146484375
[32mINFO:[0m [32monnx_output_name[0m: /model.6/m.0/m/m.0/cv1/conv/Conv_output_0 [32mshape[0m: (1, 32, 16, 16) [32mdtype[0m: float32 [32mvalidate_result[0m: [07m[33m Unmatched [0m [32mmax_abs_error[0m: 0.0006103515625
[32mINFO:[0m [32monnx_output_name[0m: /model.6/m.0/m/m.0/cv1/act/Sigmoid_output_0 [32mshape[0m: (1, 32, 16, 16) [32mdtype[0m: float32 [32mvalidate_result[0m: [07m[32m Matches [0m
[32mINFO:[0m [32monnx_output_name[0m: /model.6/m.0/m/m.0/cv1/act/Mul_output_0 [32mshape[0m: (1, 32, 16, 16) [32mdtype[0m: float32 [32mvalidate_result[0m: [07m[33m Unmatched [0m [32mmax_abs_error[0m: 0.0002899169921875
[32mINFO:[0m [32monnx_output_name[0m: /model.6/m.0/m/m.0/cv2/conv/Conv_output_0 [32mshape[0m: (1, 32, 16, 16) [32mdtype[0m: float32 [32mvalidate_result[0m: [07m[33m Unmatched [0m [32mmax_abs_error[0m: 0.000274658203125
[32mINFO:[0m [32monnx_output_name[0m: /model.6/m.0/m/m.0/cv2/act/Sigmoid_output_0 [32mshape[0m: (1, 32, 16, 16) [32mdtype[0m: float32 [32mvalidate_result[0m: [07m[32m Matches [0m
[32mINFO:[0m [32monnx_output_name[0m: /model.6/m.0/m/m.0/cv2/act/Mul_output_0 [32mshape[0m: (1, 32, 16, 16) [32mdtype[0m: float32 [32mvalidate_result[0m: [07m[33m Unmatched [0m [32mmax_abs_error[0m: 0.000213623046875
[32mINFO:[0m [32monnx_output_name[0m: /model.6/m.0/m/m.0/Add_output_0 [32mshape[0m: (1, 32, 16, 16) [32mdtype[0m: float32 [32mvalidate_result[0m: [07m[33m Unmatched [0m [32mmax_abs_error[0m: 0.0003662109375
[32mINFO:[0m [32monnx_output_name[0m: /model.6/m.0/m/m.1/cv1/conv/Conv_output_0 [32mshape[0m: (1, 32, 16, 16) [32mdtype[0m: float32 [32mvalidate_result[0m: [07m[33m Unmatched [0m [32mmax_abs_error[0m: 0.000457763671875
[32mINFO:[0m [32monnx_output_name[0m: /model.6/m.0/m/m.1/cv1/act/Sigmoid_output_0 [32mshape[0m: (1, 32, 16, 16) [32mdtype[0m: float32 [32mvalidate_result[0m: [07m[32m Matches [0m
[32mINFO:[0m [32monnx_output_name[0m: /model.6/m.0/m/m.1/cv1/act/Mul_output_0 [32mshape[0m: (1, 32, 16, 16) [32mdtype[0m: float32 [32mvalidate_result[0m: [07m[33m Unmatched [0m [32mmax_abs_error[0m: 0.000457763671875
[32mINFO:[0m [32monnx_output_name[0m: /model.6/m.0/m/m.1/cv2/conv/Conv_output_0 [32mshape[0m: (1, 32, 16, 16) [32mdtype[0m: float32 [32mvalidate_result[0m: [07m[33m Unmatched [0m [32mmax_abs_error[0m: 0.000732421875
[32mINFO:[0m [32monnx_output_name[0m: /model.6/m.0/m/m.1/cv2/act/Sigmoid_output_0 [32mshape[0m: (1, 32, 16, 16) [32mdtype[0m: float32 [32mvalidate_result[0m: [07m[32m Matches [0m
[32mINFO:[0m [32monnx_output_name[0m: /model.6/m.0/m/m.1/cv2/act/Mul_output_0 [32mshape[0m: (1, 32, 16, 16) [32mdtype[0m: float32 [32mvalidate_result[0m: [07m[33m Unmatched [0m [32mmax_abs_error[0m: 0.00048828125
[32mINFO:[0m [32monnx_output_name[0m: /model.6/m.0/m/m.1/Add_output_0 [32mshape[0m: (1, 32, 16, 16) [32mdtype[0m: float32 [32mvalidate_result[0m: [07m[33m Unmatched [0m [32mmax_abs_error[0m: 0.00048828125
[32mINFO:[0m [32monnx_output_name[0m: /model.6/m.0/Concat_output_0 [32mshape[0m: (1, 64, 16, 16) [32mdtype[0m: float32 [32mvalidate_result[0m: [07m[33m Unmatched [0m [32mmax_abs_error[0m: 0.00146484375
[32mINFO:[0m [32monnx_output_name[0m: /model.6/m.0/cv3/conv/Conv_output_0 [32mshape[0m: (1, 64, 16, 16) [32mdtype[0m: float32 [32mvalidate_result[0m: [07m[33m Unmatched [0m [32mmax_abs_error[0m: 0.000732421875
[32mINFO:[0m [32monnx_output_name[0m: /model.6/m.0/cv3/act/Sigmoid_output_0 [32mshape[0m: (1, 64, 16, 16) [32mdtype[0m: float32 [32mvalidate_result[0m: [07m[32m Matches [0m
[32mINFO:[0m [32monnx_output_name[0m: /model.6/m.0/cv3/act/Mul_output_0 [32mshape[0m: (1, 64, 16, 16) [32mdtype[0m: float32 [32mvalidate_result[0m: [07m[33m Unmatched [0m [32mmax_abs_error[0m: 0.000732421875
[32mINFO:[0m [32monnx_output_name[0m: /model.6/Concat_output_0 [32mshape[0m: (1, 192, 16, 16) [32mdtype[0m: float32 [32mvalidate_result[0m: [07m[33m Unmatched [0m [32mmax_abs_error[0m: 0.001220703125
[32mINFO:[0m [32monnx_output_name[0m: /model.6/cv2/conv/Conv_output_0 [32mshape[0m: (1, 128, 16, 16) [32mdtype[0m: float32 [32mvalidate_result[0m: [07m[33m Unmatched [0m [32mmax_abs_error[0m: 0.0008544921875
[32mINFO:[0m [32monnx_output_name[0m: /model.6/cv2/act/Sigmoid_output_0 [32mshape[0m: (1, 128, 16, 16) [32mdtype[0m: float32 [32mvalidate_result[0m: [07m[32m Matches [0m
[32mINFO:[0m [32monnx_output_name[0m: /model.6/cv2/act/Mul_output_0 [32mshape[0m: (1, 128, 16, 16) [32mdtype[0m: float32 [32mvalidate_result[0m: [07m[33m Unmatched [0m [32mmax_abs_error[0m: 0.000701904296875
[32mINFO:[0m [32monnx_output_name[0m: /model.7/conv/Conv_output_0 [32mshape[0m: (1, 256, 8, 8) [32mdtype[0m: float32 [32mvalidate_result[0m: [07m[33m Unmatched [0m [32mmax_abs_error[0m: 0.001220703125
[32mINFO:[0m [32monnx_output_name[0m: /model.7/act/Sigmoid_output_0 [32mshape[0m: (1, 256, 8, 8) [32mdtype[0m: float32 [32mvalidate_result[0m: [07m[32m Matches [0m
[32mINFO:[0m [32monnx_output_name[0m: /model.7/act/Mul_output_0 [32mshape[0m: (1, 256, 8, 8) [32mdtype[0m: float32 [32mvalidate_result[0m: [07m[33m Unmatched [0m [32mmax_abs_error[0m: 0.001220703125
[32mINFO:[0m [32monnx_output_name[0m: /model.8/cv1/conv/Conv_output_0 [32mshape[0m: (1, 256, 8, 8) [32mdtype[0m: float32 [32mvalidate_result[0m: [07m[33m Unmatched [0m [32mmax_abs_error[0m: 0.001708984375
[32mINFO:[0m [32monnx_output_name[0m: /model.8/cv1/act/Sigmoid_output_0 [32mshape[0m: (1, 256, 8, 8) [32mdtype[0m: float32 [32mvalidate_result[0m: [07m[33m Unmatched [0m [32mmax_abs_error[0m: 0.00012475252151489258
[32mINFO:[0m [32monnx_output_name[0m: /model.8/cv1/act/Mul_output_0 [32mshape[0m: (1, 256, 8, 8) [32mdtype[0m: float32 [32mvalidate_result[0m: [07m[33m Unmatched [0m [32mmax_abs_error[0m: 0.00146484375
[32mINFO:[0m [32monnx_output_name[0m: /model.8/Split_output_0 [32mshape[0m: (1, 128, 8, 8) [32mdtype[0m: float32 [32mvalidate_result[0m: [07m[33m Unmatched [0m [32mmax_abs_error[0m: 0.0011258125305175781
[32mINFO:[0m [32monnx_output_name[0m: /model.8/Split_output_1 [32mshape[0m: (1, 128, 8, 8) [32mdtype[0m: float32 [32mvalidate_result[0m: [07m[33m Unmatched [0m [32mmax_abs_error[0m: 0.00146484375
[32mINFO:[0m [32monnx_output_name[0m: /model.8/m.0/cv1/conv/Conv_output_0 [32mshape[0m: (1, 64, 8, 8) [32mdtype[0m: float32 [32mvalidate_result[0m: [07m[33m Unmatched [0m [32mmax_abs_error[0m: 0.001220703125
[32mINFO:[0m [32monnx_output_name[0m: /model.8/m.0/cv2/conv/Conv_output_0 [32mshape[0m: (1, 64, 8, 8) [32mdtype[0m: float32 [32mvalidate_result[0m: [07m[33m Unmatched [0m [32mmax_abs_error[0m: 0.001220703125
[32mINFO:[0m [32monnx_output_name[0m: /model.8/m.0/cv1/act/Sigmoid_output_0 [32mshape[0m: (1, 64, 8, 8) [32mdtype[0m: float32 [32mvalidate_result[0m: [07m[32m Matches [0m
[32mINFO:[0m [32monnx_output_name[0m: /model.8/m.0/cv2/act/Sigmoid_output_0 [32mshape[0m: (1, 64, 8, 8) [32mdtype[0m: float32 [32mvalidate_result[0m: [07m[32m Matches [0m
[32mINFO:[0m [32monnx_output_name[0m: /model.8/m.0/cv1/act/Mul_output_0 [32mshape[0m: (1, 64, 8, 8) [32mdtype[0m: float32 [32mvalidate_result[0m: [07m[33m Unmatched [0m [32mmax_abs_error[0m: 0.00043487548828125
[32mINFO:[0m [32monnx_output_name[0m: /model.8/m.0/cv2/act/Mul_output_0 [32mshape[0m: (1, 64, 8, 8) [32mdtype[0m: float32 [32mvalidate_result[0m: [07m[33m Unmatched [0m [32mmax_abs_error[0m: 0.0008544921875
[32mINFO:[0m [32monnx_output_name[0m: /model.8/m.0/m/m.0/cv1/conv/Conv_output_0 [32mshape[0m: (1, 64, 8, 8) [32mdtype[0m: float32 [32mvalidate_result[0m: [07m[33m Unmatched [0m [32mmax_abs_error[0m: 0.001220703125
[32mINFO:[0m [32monnx_output_name[0m: /model.8/m.0/m/m.0/cv1/act/Sigmoid_output_0 [32mshape[0m: (1, 64, 8, 8) [32mdtype[0m: float32 [32mvalidate_result[0m: [07m[32m Matches [0m
[32mINFO:[0m [32monnx_output_name[0m: /model.8/m.0/m/m.0/cv1/act/Mul_output_0 [32mshape[0m: (1, 64, 8, 8) [32mdtype[0m: float32 [32mvalidate_result[0m: [07m[33m Unmatched [0m [32mmax_abs_error[0m: 0.0005950927734375
[32mINFO:[0m [32monnx_output_name[0m: /model.8/m.0/m/m.0/cv2/conv/Conv_output_0 [32mshape[0m: (1, 64, 8, 8) [32mdtype[0m: float32 [32mvalidate_result[0m: [07m[33m Unmatched [0m [32mmax_abs_error[0m: 0.00054931640625
[32mINFO:[0m [32monnx_output_name[0m: /model.8/m.0/m/m.0/cv2/act/Sigmoid_output_0 [32mshape[0m: (1, 64, 8, 8) [32mdtype[0m: float32 [32mvalidate_result[0m: [07m[32m Matches [0m
[32mINFO:[0m [32monnx_output_name[0m: /model.8/m.0/m/m.0/cv2/act/Mul_output_0 [32mshape[0m: (1, 64, 8, 8) [32mdtype[0m: float32 [32mvalidate_result[0m: [07m[33m Unmatched [0m [32mmax_abs_error[0m: 0.000396728515625
[32mINFO:[0m [32monnx_output_name[0m: /model.8/m.0/m/m.0/Add_output_0 [32mshape[0m: (1, 64, 8, 8) [32mdtype[0m: float32 [32mvalidate_result[0m: [07m[33m Unmatched [0m [32mmax_abs_error[0m: 0.00048828125
[32mINFO:[0m [32monnx_output_name[0m: /model.8/m.0/m/m.1/cv1/conv/Conv_output_0 [32mshape[0m: (1, 64, 8, 8) [32mdtype[0m: float32 [32mvalidate_result[0m: [07m[33m Unmatched [0m [32mmax_abs_error[0m: 0.0008544921875
[32mINFO:[0m [32monnx_output_name[0m: /model.8/m.0/m/m.1/cv1/act/Sigmoid_output_0 [32mshape[0m: (1, 64, 8, 8) [32mdtype[0m: float32 [32mvalidate_result[0m: [07m[32m Matches [0m
[32mINFO:[0m [32monnx_output_name[0m: /model.8/m.0/m/m.1/cv1/act/Mul_output_0 [32mshape[0m: (1, 64, 8, 8) [32mdtype[0m: float32 [32mvalidate_result[0m: [07m[33m Unmatched [0m [32mmax_abs_error[0m: 0.00030517578125
[32mINFO:[0m [32monnx_output_name[0m: /model.8/m.0/m/m.1/cv2/conv/Conv_output_0 [32mshape[0m: (1, 64, 8, 8) [32mdtype[0m: float32 [32mvalidate_result[0m: [07m[33m Unmatched [0m [32mmax_abs_error[0m: 0.00030517578125
[32mINFO:[0m [32monnx_output_name[0m: /model.8/m.0/m/m.1/cv2/act/Sigmoid_output_0 [32mshape[0m: (1, 64, 8, 8) [32mdtype[0m: float32 [32mvalidate_result[0m: [07m[32m Matches [0m
[32mINFO:[0m [32monnx_output_name[0m: /model.8/m.0/m/m.1/cv2/act/Mul_output_0 [32mshape[0m: (1, 64, 8, 8) [32mdtype[0m: float32 [32mvalidate_result[0m: [07m[33m Unmatched [0m [32mmax_abs_error[0m: 0.00025177001953125
[32mINFO:[0m [32monnx_output_name[0m: /model.8/m.0/m/m.1/Add_output_0 [32mshape[0m: (1, 64, 8, 8) [32mdtype[0m: float32 [32mvalidate_result[0m: [07m[33m Unmatched [0m [32mmax_abs_error[0m: 0.00054931640625
[32mINFO:[0m [32monnx_output_name[0m: /model.8/m.0/Concat_output_0 [32mshape[0m: (1, 128, 8, 8) [32mdtype[0m: float32 [32mvalidate_result[0m: [07m[33m Unmatched [0m [32mmax_abs_error[0m: 0.0008544921875
[32mINFO:[0m [32monnx_output_name[0m: /model.8/m.0/cv3/conv/Conv_output_0 [32mshape[0m: (1, 128, 8, 8) [32mdtype[0m: float32 [32mvalidate_result[0m: [07m[33m Unmatched [0m [32mmax_abs_error[0m: 0.00048828125
[32mINFO:[0m [32monnx_output_name[0m: /model.8/m.0/cv3/act/Sigmoid_output_0 [32mshape[0m: (1, 128, 8, 8) [32mdtype[0m: float32 [32mvalidate_result[0m: [07m[32m Matches [0m
[32mINFO:[0m [32monnx_output_name[0m: /model.8/m.0/cv3/act/Mul_output_0 [32mshape[0m: (1, 128, 8, 8) [32mdtype[0m: float32 [32mvalidate_result[0m: [07m[33m Unmatched [0m [32mmax_abs_error[0m: 0.00048828125
[32mINFO:[0m [32monnx_output_name[0m: /model.8/Concat_output_0 [32mshape[0m: (1, 384, 8, 8) [32mdtype[0m: float32 [32mvalidate_result[0m: [07m[33m Unmatched [0m [32mmax_abs_error[0m: 0.00146484375
[32mINFO:[0m [32monnx_output_name[0m: /model.8/cv2/conv/Conv_output_0 [32mshape[0m: (1, 256, 8, 8) [32mdtype[0m: float32 [32mvalidate_result[0m: [07m[33m Unmatched [0m [32mmax_abs_error[0m: 0.00146484375
[32mINFO:[0m [32monnx_output_name[0m: /model.8/cv2/act/Sigmoid_output_0 [32mshape[0m: (1, 256, 8, 8) [32mdtype[0m: float32 [32mvalidate_result[0m: [07m[32m Matches [0m
[32mINFO:[0m [32monnx_output_name[0m: /model.8/cv2/act/Mul_output_0 [32mshape[0m: (1, 256, 8, 8) [32mdtype[0m: float32 [32mvalidate_result[0m: [07m[33m Unmatched [0m [32mmax_abs_error[0m: 0.0010986328125
[32mINFO:[0m [32monnx_output_name[0m: /model.9/cv1/conv/Conv_output_0 [32mshape[0m: (1, 128, 8, 8) [32mdtype[0m: float32 [32mvalidate_result[0m: [07m[33m Unmatched [0m [32mmax_abs_error[0m: 0.0003662109375
[32mINFO:[0m [32monnx_output_name[0m: /model.9/m/MaxPool_output_0 [32mshape[0m: (1, 128, 8, 8) [32mdtype[0m: float32 [32mvalidate_result[0m: [07m[33m Unmatched [0m [32mmax_abs_error[0m: 0.00030517578125
[32mINFO:[0m [32monnx_output_name[0m: /model.9/m_1/MaxPool_output_0 [32mshape[0m: (1, 128, 8, 8) [32mdtype[0m: float32 [32mvalidate_result[0m: [07m[33m Unmatched [0m [32mmax_abs_error[0m: 0.000244140625
[32mINFO:[0m [32monnx_output_name[0m: /model.9/m_2/MaxPool_output_0 [32mshape[0m: (1, 128, 8, 8) [32mdtype[0m: float32 [32mvalidate_result[0m: [07m[33m Unmatched [0m [32mmax_abs_error[0m: 0.000244140625
[32mINFO:[0m [32monnx_output_name[0m: /model.9/Concat_output_0 [32mshape[0m: (1, 512, 8, 8) [32mdtype[0m: float32 [32mvalidate_result[0m: [07m[33m Unmatched [0m [32mmax_abs_error[0m: 0.0003662109375
[32mINFO:[0m [32monnx_output_name[0m: /model.9/cv2/conv/Conv_output_0 [32mshape[0m: (1, 256, 8, 8) [32mdtype[0m: float32 [32mvalidate_result[0m: [07m[33m Unmatched [0m [32mmax_abs_error[0m: 0.00146484375
[32mINFO:[0m [32monnx_output_name[0m: /model.9/cv2/act/Sigmoid_output_0 [32mshape[0m: (1, 256, 8, 8) [32mdtype[0m: float32 [32mvalidate_result[0m: [07m[32m Matches [0m
[32mINFO:[0m [32monnx_output_name[0m: /model.9/cv2/act/Mul_output_0 [32mshape[0m: (1, 256, 8, 8) [32mdtype[0m: float32 [32mvalidate_result[0m: [07m[33m Unmatched [0m [32mmax_abs_error[0m: 0.00146484375
[32mINFO:[0m [32monnx_output_name[0m: /model.10/cv1/conv/Conv_output_0 [32mshape[0m: (1, 256, 8, 8) [32mdtype[0m: float32 [32mvalidate_result[0m: [07m[33m Unmatched [0m [32mmax_abs_error[0m: 0.0029296875
[32mINFO:[0m [32monnx_output_name[0m: /model.10/cv1/act/Sigmoid_output_0 [32mshape[0m: (1, 256, 8, 8) [32mdtype[0m: float32 [32mvalidate_result[0m: [07m[33m Unmatched [0m [32mmax_abs_error[0m: 0.00011271238327026367
[32mINFO:[0m [32monnx_output_name[0m: /model.10/cv1/act/Mul_output_0 [32mshape[0m: (1, 256, 8, 8) [32mdtype[0m: float32 [32mvalidate_result[0m: [07m[33m Unmatched [0m [32mmax_abs_error[0m: 0.0029296875
[32mINFO:[0m [32monnx_output_name[0m: /model.10/Split_output_0 [32mshape[0m: (1, 128, 8, 8) [32mdtype[0m: float32 [32mvalidate_result[0m: [07m[33m Unmatched [0m [32mmax_abs_error[0m: 0.0018310546875
[32mINFO:[0m [32monnx_output_name[0m: /model.10/Split_output_1 [32mshape[0m: (1, 128, 8, 8) [32mdtype[0m: float32 [32mvalidate_result[0m: [07m[33m Unmatched [0m [32mmax_abs_error[0m: 0.0029296875
[32mINFO:[0m [32monnx_output_name[0m: /model.10/m/m.0/attn/qkv/conv/Conv_output_0 [32mshape[0m: (1, 256, 8, 8) [32mdtype[0m: float32 [32mvalidate_result[0m: [07m[33m Unmatched [0m [32mmax_abs_error[0m: 0.0029296875
[32mINFO:[0m [32monnx_output_name[0m: /model.10/m/m.0/attn/Reshape_output_0 [32mshape[0m: (1, 2, 128, 64) [32mdtype[0m: float32 [32mvalidate_result[0m: [07m[33m Unmatched [0m [32mmax_abs_error[0m: 0.0029296875
[32mINFO:[0m [32monnx_output_name[0m: /model.10/m/m.0/attn/Split_output_0 [32mshape[0m: (1, 2, 32, 64) [32mdtype[0m: float32 [32mvalidate_result[0m: [07m[33m Unmatched [0m [32mmax_abs_error[0m: 0.00146484375
[32mINFO:[0m [32monnx_output_name[0m: /model.10/m/m.0/attn/Split_output_1 [32mshape[0m: (1, 2, 32, 64) [32mdtype[0m: float32 [32mvalidate_result[0m: [07m[33m Unmatched [0m [32mmax_abs_error[0m: 0.0029296875
[32mINFO:[0m [32monnx_output_name[0m: /model.10/m/m.0/attn/Split_output_2 [32mshape[0m: (1, 2, 64, 64) [32mdtype[0m: float32 [32mvalidate_result[0m: [07m[33m Unmatched [0m [32mmax_abs_error[0m: 0.001953125
[32mINFO:[0m [32monnx_output_name[0m: /model.10/m/m.0/attn/Mul_output_0 [32mshape[0m: (1, 2, 32, 64) [32mdtype[0m: float32 [32mvalidate_result[0m: [07m[33m Unmatched [0m [32mmax_abs_error[0m: 0.000244140625
[32mINFO:[0m [32monnx_output_name[0m: /model.10/m/m.0/attn/Reshape_2_output_0 [32mshape[0m: (1, 128, 8, 8) [32mdtype[0m: float32 [32mvalidate_result[0m: [07m[33m Unmatched [0m [32mmax_abs_error[0m: 0.001953125
[32mINFO:[0m [32monnx_output_name[0m: /model.10/m/m.0/attn/Transpose_output_0 [32mshape[0m: (1, 2, 64, 32) [32mdtype[0m: float32 [32mvalidate_result[0m: [07m[33m Unmatched [0m [32mmax_abs_error[0m: 0.000244140625
[32mINFO:[0m [32monnx_output_name[0m: /model.10/m/m.0/attn/pe/conv/Conv_output_0 [32mshape[0m: (1, 128, 8, 8) [32mdtype[0m: float32 [32mvalidate_result[0m: [07m[33m Unmatched [0m [32mmax_abs_error[0m: 0.00146484375
[32mINFO:[0m [32monnx_output_name[0m: /model.10/m/m.0/attn/MatMul_output_0 [32mshape[0m: (1, 2, 64, 64) [32mdtype[0m: float32 [32mvalidate_result[0m: [07m[33m Unmatched [0m [32mmax_abs_error[0m: 2.625
[32mINFO:[0m [32monnx_output_name[0m: /model.10/m/m.0/attn/Softmax_output_0 [32mshape[0m: (1, 2, 64, 64) [32mdtype[0m: float32 [32mvalidate_result[0m: [07m[32m Matches [0m
[32mINFO:[0m [32monnx_output_name[0m: /model.10/m/m.0/attn/Transpose_1_output_0 [32mshape[0m: (1, 2, 64, 64) [32mdtype[0m: float32 [32mvalidate_result[0m: [07m[32m Matches [0m
[32mINFO:[0m [32monnx_output_name[0m: /model.10/m/m.0/attn/MatMul_1_output_0 [32mshape[0m: (1, 2, 64, 64) [32mdtype[0m: float32 [32mvalidate_result[0m: [07m[33m Unmatched [0m [32mmax_abs_error[0m: 0.00146484375
[32mINFO:[0m [32monnx_output_name[0m: /model.10/m/m.0/attn/Reshape_1_output_0 [32mshape[0m: (1, 128, 8, 8) [32mdtype[0m: float32 [32mvalidate_result[0m: [07m[33m Unmatched [0m [32mmax_abs_error[0m: 0.00146484375
[32mINFO:[0m [32monnx_output_name[0m: /model.10/m/m.0/attn/Add_output_0 [32mshape[0m: (1, 128, 8, 8) [32mdtype[0m: float32 [32mvalidate_result[0m: [07m[33m Unmatched [0m [32mmax_abs_error[0m: 0.001953125
[32mINFO:[0m [32monnx_output_name[0m: /model.10/m/m.0/attn/proj/conv/Conv_output_0 [32mshape[0m: (1, 128, 8, 8) [32mdtype[0m: float32 [32mvalidate_result[0m: [07m[33m Unmatched [0m [32mmax_abs_error[0m: 0.0015869140625
[32mINFO:[0m [32monnx_output_name[0m: /model.10/m/m.0/Add_output_0 [32mshape[0m: (1, 128, 8, 8) [32mdtype[0m: float32 [32mvalidate_result[0m: [07m[33m Unmatched [0m [32mmax_abs_error[0m: 0.003173828125
[32mINFO:[0m [32monnx_output_name[0m: /model.10/m/m.0/ffn/ffn.0/conv/Conv_output_0 [32mshape[0m: (1, 256, 8, 8) [32mdtype[0m: float32 [32mvalidate_result[0m: [07m[33m Unmatched [0m [32mmax_abs_error[0m: 0.0013427734375
[32mINFO:[0m [32monnx_output_name[0m: /model.10/m/m.0/ffn/ffn.0/act/Sigmoid_output_0 [32mshape[0m: (1, 256, 8, 8) [32mdtype[0m: float32 [32mvalidate_result[0m: [07m[33m Unmatched [0m [32mmax_abs_error[0m: 0.0001277327537536621
[32mINFO:[0m [32monnx_output_name[0m: /model.10/m/m.0/ffn/ffn.0/act/Mul_output_0 [32mshape[0m: (1, 256, 8, 8) [32mdtype[0m: float32 [32mvalidate_result[0m: [07m[33m Unmatched [0m [32mmax_abs_error[0m: 0.0013427734375
[32mINFO:[0m [32monnx_output_name[0m: /model.10/m/m.0/ffn/ffn.1/conv/Conv_output_0 [32mshape[0m: (1, 128, 8, 8) [32mdtype[0m: float32 [32mvalidate_result[0m: [07m[33m Unmatched [0m [32mmax_abs_error[0m: 0.003173828125
[32mINFO:[0m [32monnx_output_name[0m: /model.10/m/m.0/Add_1_output_0 [32mshape[0m: (1, 128, 8, 8) [32mdtype[0m: float32 [32mvalidate_result[0m: [07m[33m Unmatched [0m [32mmax_abs_error[0m: 0.004150390625
[32mINFO:[0m [32monnx_output_name[0m: /model.10/Concat_output_0 [32mshape[0m: (1, 256, 8, 8) [32mdtype[0m: float32 [32mvalidate_result[0m: [07m[33m Unmatched [0m [32mmax_abs_error[0m: 0.004150390625
[32mINFO:[0m [32monnx_output_name[0m: /model.10/cv2/conv/Conv_output_0 [32mshape[0m: (1, 256, 8, 8) [32mdtype[0m: float32 [32mvalidate_result[0m: [07m[33m Unmatched [0m [32mmax_abs_error[0m: 0.002197265625
[32mINFO:[0m [32monnx_output_name[0m: /model.10/cv2/act/Sigmoid_output_0 [32mshape[0m: (1, 256, 8, 8) [32mdtype[0m: float32 [32mvalidate_result[0m: [07m[32m Matches [0m
[32mINFO:[0m [32monnx_output_name[0m: /model.10/cv2/act/Mul_output_0 [32mshape[0m: (1, 256, 8, 8) [32mdtype[0m: float32 [32mvalidate_result[0m: [07m[33m Unmatched [0m [32mmax_abs_error[0m: 0.00067901611328125
[32mINFO:[0m [32monnx_output_name[0m: /model.11/Resize_output_0 [32mshape[0m: (1, 256, 16, 16) [32mdtype[0m: float32 [32mvalidate_result[0m: [07m[33m Unmatched [0m [32mmax_abs_error[0m: 0.00067901611328125
[32mINFO:[0m [32monnx_output_name[0m: /model.12/Concat_output_0 [32mshape[0m: (1, 384, 16, 16) [32mdtype[0m: float32 [32mvalidate_result[0m: [07m[33m Unmatched [0m [32mmax_abs_error[0m: 0.000701904296875
[32mINFO:[0m [32monnx_output_name[0m: /model.13/cv1/conv/Conv_output_0 [32mshape[0m: (1, 128, 16, 16) [32mdtype[0m: float32 [32mvalidate_result[0m: [07m[33m Unmatched [0m [32mmax_abs_error[0m: 0.000621795654296875
[32mINFO:[0m [32monnx_output_name[0m: /model.13/cv1/act/Sigmoid_output_0 [32mshape[0m: (1, 128, 16, 16) [32mdtype[0m: float32 [32mvalidate_result[0m: [07m[33m Unmatched [0m [32mmax_abs_error[0m: 0.00010573863983154297
[32mINFO:[0m [32monnx_output_name[0m: /model.13/cv1/act/Mul_output_0 [32mshape[0m: (1, 128, 16, 16) [32mdtype[0m: float32 [32mvalidate_result[0m: [07m[33m Unmatched [0m [32mmax_abs_error[0m: 0.000621795654296875
[32mINFO:[0m [32monnx_output_name[0m: /model.13/Split_output_0 [32mshape[0m: (1, 64, 16, 16) [32mdtype[0m: float32 [32mvalidate_result[0m: [07m[33m Unmatched [0m [32mmax_abs_error[0m: 0.000621795654296875
[32mINFO:[0m [32monnx_output_name[0m: /model.13/Split_output_1 [32mshape[0m: (1, 64, 16, 16) [32mdtype[0m: float32 [32mvalidate_result[0m: [07m[33m Unmatched [0m [32mmax_abs_error[0m: 0.000453948974609375
[32mINFO:[0m [32monnx_output_name[0m: /model.13/m.0/cv1/conv/Conv_output_0 [32mshape[0m: (1, 32, 16, 16) [32mdtype[0m: float32 [32mvalidate_result[0m: [07m[33m Unmatched [0m [32mmax_abs_error[0m: 0.000732421875
[32mINFO:[0m [32monnx_output_name[0m: /model.13/m.0/cv1/act/Sigmoid_output_0 [32mshape[0m: (1, 32, 16, 16) [32mdtype[0m: float32 [32mvalidate_result[0m: [07m[32m Matches [0m
[32mINFO:[0m [32monnx_output_name[0m: /model.13/m.0/cv1/act/Mul_output_0 [32mshape[0m: (1, 32, 16, 16) [32mdtype[0m: float32 [32mvalidate_result[0m: [07m[33m Unmatched [0m [32mmax_abs_error[0m: 0.0006103515625
[32mINFO:[0m [32monnx_output_name[0m: /model.13/m.0/cv2/conv/Conv_output_0 [32mshape[0m: (1, 64, 16, 16) [32mdtype[0m: float32 [32mvalidate_result[0m: [07m[33m Unmatched [0m [32mmax_abs_error[0m: 0.000946044921875
[32mINFO:[0m [32monnx_output_name[0m: /model.13/m.0/cv2/act/Sigmoid_output_0 [32mshape[0m: (1, 64, 16, 16) [32mdtype[0m: float32 [32mvalidate_result[0m: [07m[33m Unmatched [0m [32mmax_abs_error[0m: 0.00011166930198669434
[32mINFO:[0m [32monnx_output_name[0m: /model.13/m.0/cv2/act/Mul_output_0 [32mshape[0m: (1, 64, 16, 16) [32mdtype[0m: float32 [32mvalidate_result[0m: [07m[33m Unmatched [0m [32mmax_abs_error[0m: 0.000946044921875
[32mINFO:[0m [32monnx_output_name[0m: /model.13/m.0/Add_output_0 [32mshape[0m: (1, 64, 16, 16) [32mdtype[0m: float32 [32mvalidate_result[0m: [07m[33m Unmatched [0m [32mmax_abs_error[0m: 0.000946044921875
[32mINFO:[0m [32monnx_output_name[0m: /model.13/Concat_output_0 [32mshape[0m: (1, 192, 16, 16) [32mdtype[0m: float32 [32mvalidate_result[0m: [07m[33m Unmatched [0m [32mmax_abs_error[0m: 0.000946044921875
[32mINFO:[0m [32monnx_output_name[0m: /model.13/cv2/conv/Conv_output_0 [32mshape[0m: (1, 128, 16, 16) [32mdtype[0m: float32 [32mvalidate_result[0m: [07m[33m Unmatched [0m [32mmax_abs_error[0m: 0.000732421875
[32mINFO:[0m [32monnx_output_name[0m: /model.13/cv2/act/Sigmoid_output_0 [32mshape[0m: (1, 128, 16, 16) [32mdtype[0m: float32 [32mvalidate_result[0m: [07m[32m Matches [0m
[32mINFO:[0m [32monnx_output_name[0m: /model.13/cv2/act/Mul_output_0 [32mshape[0m: (1, 128, 16, 16) [32mdtype[0m: float32 [32mvalidate_result[0m: [07m[33m Unmatched [0m [32mmax_abs_error[0m: 0.0006103515625
[32mINFO:[0m [32monnx_output_name[0m: /model.14/Resize_output_0 [32mshape[0m: (1, 128, 32, 32) [32mdtype[0m: float32 [32mvalidate_result[0m: [07m[33m Unmatched [0m [32mmax_abs_error[0m: 0.0006103515625
[32mINFO:[0m [32monnx_output_name[0m: /model.15/Concat_output_0 [32mshape[0m: (1, 256, 32, 32) [32mdtype[0m: float32 [32mvalidate_result[0m: [07m[33m Unmatched [0m [32mmax_abs_error[0m: 0.0006103515625
[32mINFO:[0m [32monnx_output_name[0m: /model.16/cv1/conv/Conv_output_0 [32mshape[0m: (1, 64, 32, 32) [32mdtype[0m: float32 [32mvalidate_result[0m: [07m[33m Unmatched [0m [32mmax_abs_error[0m: 0.00054931640625
[32mINFO:[0m [32monnx_output_name[0m: /model.16/cv1/act/Sigmoid_output_0 [32mshape[0m: (1, 64, 32, 32) [32mdtype[0m: float32 [32mvalidate_result[0m: [07m[32m Matches [0m
[32mINFO:[0m [32monnx_output_name[0m: /model.16/cv1/act/Mul_output_0 [32mshape[0m: (1, 64, 32, 32) [32mdtype[0m: float32 [32mvalidate_result[0m: [07m[33m Unmatched [0m [32mmax_abs_error[0m: 0.00037384033203125
[32mINFO:[0m [32monnx_output_name[0m: /model.16/Split_output_0 [32mshape[0m: (1, 32, 32, 32) [32mdtype[0m: float32 [32mvalidate_result[0m: [07m[33m Unmatched [0m [32mmax_abs_error[0m: 0.00037384033203125
[32mINFO:[0m [32monnx_output_name[0m: /model.16/Split_output_1 [32mshape[0m: (1, 32, 32, 32) [32mdtype[0m: float32 [32mvalidate_result[0m: [07m[33m Unmatched [0m [32mmax_abs_error[0m: 0.00028228759765625
[32mINFO:[0m [32monnx_output_name[0m: /model.16/m.0/cv1/conv/Conv_output_0 [32mshape[0m: (1, 16, 32, 32) [32mdtype[0m: float32 [32mvalidate_result[0m: [07m[33m Unmatched [0m [32mmax_abs_error[0m: 0.000457763671875
[32mINFO:[0m [32monnx_output_name[0m: /model.16/m.0/cv1/act/Sigmoid_output_0 [32mshape[0m: (1, 16, 32, 32) [32mdtype[0m: float32 [32mvalidate_result[0m: [07m[32m Matches [0m
[32mINFO:[0m [32monnx_output_name[0m: /model.16/m.0/cv1/act/Mul_output_0 [32mshape[0m: (1, 16, 32, 32) [32mdtype[0m: float32 [32mvalidate_result[0m: [07m[33m Unmatched [0m [32mmax_abs_error[0m: 0.0004177093505859375
[32mINFO:[0m [32monnx_output_name[0m: /model.16/m.0/cv2/conv/Conv_output_0 [32mshape[0m: (1, 32, 32, 32) [32mdtype[0m: float32 [32mvalidate_result[0m: [07m[33m Unmatched [0m [32mmax_abs_error[0m: 0.00054168701171875
[32mINFO:[0m [32monnx_output_name[0m: /model.16/m.0/cv2/act/Sigmoid_output_0 [32mshape[0m: (1, 32, 32, 32) [32mdtype[0m: float32 [32mvalidate_result[0m: [07m[32m Matches [0m
[32mINFO:[0m [32monnx_output_name[0m: /model.16/m.0/cv2/act/Mul_output_0 [32mshape[0m: (1, 32, 32, 32) [32mdtype[0m: float32 [32mvalidate_result[0m: [07m[33m Unmatched [0m [32mmax_abs_error[0m: 0.00054168701171875
[32mINFO:[0m [32monnx_output_name[0m: /model.16/m.0/Add_output_0 [32mshape[0m: (1, 32, 32, 32) [32mdtype[0m: float32 [32mvalidate_result[0m: [07m[33m Unmatched [0m [32mmax_abs_error[0m: 0.00042724609375
[32mINFO:[0m [32monnx_output_name[0m: /model.16/Concat_output_0 [32mshape[0m: (1, 96, 32, 32) [32mdtype[0m: float32 [32mvalidate_result[0m: [07m[33m Unmatched [0m [32mmax_abs_error[0m: 0.00042724609375
[32mINFO:[0m [32monnx_output_name[0m: /model.16/cv2/conv/Conv_output_0 [32mshape[0m: (1, 64, 32, 32) [32mdtype[0m: float32 [32mvalidate_result[0m: [07m[33m Unmatched [0m [32mmax_abs_error[0m: 0.0006103515625
[32mINFO:[0m [32monnx_output_name[0m: /model.16/cv2/act/Sigmoid_output_0 [32mshape[0m: (1, 64, 32, 32) [32mdtype[0m: float32 [32mvalidate_result[0m: [07m[32m Matches [0m
[32mINFO:[0m [32monnx_output_name[0m: /model.16/cv2/act/Mul_output_0 [32mshape[0m: (1, 64, 32, 32) [32mdtype[0m: float32 [32mvalidate_result[0m: [07m[33m Unmatched [0m [32mmax_abs_error[0m: 0.0004730224609375
[32mINFO:[0m [32monnx_output_name[0m: /model.17/conv/Conv_output_0 [32mshape[0m: (1, 64, 16, 16) [32mdtype[0m: float32 [32mvalidate_result[0m: [07m[33m Unmatched [0m [32mmax_abs_error[0m: 0.00030517578125
[32mINFO:[0m [32monnx_output_name[0m: /model.23/cv2.0/cv2.0.0/conv/Conv_output_0 [32mshape[0m: (1, 64, 32, 32) [32mdtype[0m: float32 [32mvalidate_result[0m: [07m[33m Unmatched [0m [32mmax_abs_error[0m: 0.000518798828125
[32mINFO:[0m [32monnx_output_name[0m: /model.23/cv3.0/cv3.0.0/cv3.0.0.0/conv/Conv_output_0 [32mshape[0m: (1, 64, 32, 32) [32mdtype[0m: float32 [32mvalidate_result[0m: [07m[33m Unmatched [0m [32mmax_abs_error[0m: 0.0009441375732421875
[32mINFO:[0m [32monnx_output_name[0m: /model.17/act/Sigmoid_output_0 [32mshape[0m: (1, 64, 16, 16) [32mdtype[0m: float32 [32mvalidate_result[0m: [07m[32m Matches [0m
[32mINFO:[0m [32monnx_output_name[0m: /model.23/cv2.0/cv2.0.0/act/Sigmoid_output_0 [32mshape[0m: (1, 64, 32, 32) [32mdtype[0m: float32 [32mvalidate_result[0m: [07m[32m Matches [0m
[32mINFO:[0m [32monnx_output_name[0m: /model.23/cv3.0/cv3.0.0/cv3.0.0.0/act/Sigmoid_output_0 [32mshape[0m: (1, 64, 32, 32) [32mdtype[0m: float32 [32mvalidate_result[0m: [07m[32m Matches [0m
[32mINFO:[0m [32monnx_output_name[0m: /model.17/act/Mul_output_0 [32mshape[0m: (1, 64, 16, 16) [32mdtype[0m: float32 [32mvalidate_result[0m: [07m[33m Unmatched [0m [32mmax_abs_error[0m: 0.00030517578125
[32mINFO:[0m [32monnx_output_name[0m: /model.23/cv2.0/cv2.0.0/act/Mul_output_0 [32mshape[0m: (1, 64, 32, 32) [32mdtype[0m: float32 [32mvalidate_result[0m: [07m[33m Unmatched [0m [32mmax_abs_error[0m: 0.000331878662109375
[32mINFO:[0m [32monnx_output_name[0m: /model.23/cv3.0/cv3.0.0/cv3.0.0.0/act/Mul_output_0 [32mshape[0m: (1, 64, 32, 32) [32mdtype[0m: float32 [32mvalidate_result[0m: [07m[33m Unmatched [0m [32mmax_abs_error[0m: 0.0009441375732421875
[32mINFO:[0m [32monnx_output_name[0m: /model.18/Concat_output_0 [32mshape[0m: (1, 192, 16, 16) [32mdtype[0m: float32 [32mvalidate_result[0m: [07m[33m Unmatched [0m [32mmax_abs_error[0m: 0.0006103515625
[32mINFO:[0m [32monnx_output_name[0m: /model.23/cv2.0/cv2.0.1/conv/Conv_output_0 [32mshape[0m: (1, 64, 32, 32) [32mdtype[0m: float32 [32mvalidate_result[0m: [07m[33m Unmatched [0m [32mmax_abs_error[0m: 0.00146484375
[32mINFO:[0m [32monnx_output_name[0m: /model.23/cv3.0/cv3.0.0/cv3.0.0.1/conv/Conv_output_0 [32mshape[0m: (1, 64, 32, 32) [32mdtype[0m: float32 [32mvalidate_result[0m: [07m[33m Unmatched [0m [32mmax_abs_error[0m: 0.0007171630859375
[32mINFO:[0m [32monnx_output_name[0m: /model.19/cv1/conv/Conv_output_0 [32mshape[0m: (1, 128, 16, 16) [32mdtype[0m: float32 [32mvalidate_result[0m: [07m[33m Unmatched [0m [32mmax_abs_error[0m: 0.000518798828125
[32mINFO:[0m [32monnx_output_name[0m: /model.23/cv2.0/cv2.0.1/act/Sigmoid_output_0 [32mshape[0m: (1, 64, 32, 32) [32mdtype[0m: float32 [32mvalidate_result[0m: [07m[33m Unmatched [0m [32mmax_abs_error[0m: 0.00011450052261352539
[32mINFO:[0m [32monnx_output_name[0m: /model.23/cv3.0/cv3.0.0/cv3.0.0.1/act/Sigmoid_output_0 [32mshape[0m: (1, 64, 32, 32) [32mdtype[0m: float32 [32mvalidate_result[0m: [07m[32m Matches [0m
[32mINFO:[0m [32monnx_output_name[0m: /model.19/cv1/act/Sigmoid_output_0 [32mshape[0m: (1, 128, 16, 16) [32mdtype[0m: float32 [32mvalidate_result[0m: [07m[32m Matches [0m
[32mINFO:[0m [32monnx_output_name[0m: /model.23/cv2.0/cv2.0.1/act/Mul_output_0 [32mshape[0m: (1, 64, 32, 32) [32mdtype[0m: float32 [32mvalidate_result[0m: [07m[33m Unmatched [0m [32mmax_abs_error[0m: 0.00102996826171875
[32mINFO:[0m [32monnx_output_name[0m: /model.23/cv3.0/cv3.0.0/cv3.0.0.1/act/Mul_output_0 [32mshape[0m: (1, 64, 32, 32) [32mdtype[0m: float32 [32mvalidate_result[0m: [07m[33m Unmatched [0m [32mmax_abs_error[0m: 0.0006322860717773438
[32mINFO:[0m [32monnx_output_name[0m: /model.19/cv1/act/Mul_output_0 [32mshape[0m: (1, 128, 16, 16) [32mdtype[0m: float32 [32mvalidate_result[0m: [07m[33m Unmatched [0m [32mmax_abs_error[0m: 0.00045418739318847656
[32mINFO:[0m [32monnx_output_name[0m: /model.23/cv2.0/cv2.0.2/Conv_output_0 [32mshape[0m: (1, 64, 32, 32) [32mdtype[0m: float32 [32mvalidate_result[0m: [07m[33m Unmatched [0m [32mmax_abs_error[0m: 0.00048828125
[32mINFO:[0m [32monnx_output_name[0m: /model.23/cv3.0/cv3.0.1/cv3.0.1.0/conv/Conv_output_0 [32mshape[0m: (1, 64, 32, 32) [32mdtype[0m: float32 [32mvalidate_result[0m: [07m[33m Unmatched [0m [32mmax_abs_error[0m: 0.0008697509765625
[32mINFO:[0m [32monnx_output_name[0m: /model.19/Split_output_0 [32mshape[0m: (1, 64, 16, 16) [32mdtype[0m: float32 [32mvalidate_result[0m: [07m[33m Unmatched [0m [32mmax_abs_error[0m: 0.0003662109375
[32mINFO:[0m [32monnx_output_name[0m: /model.19/Split_output_1 [32mshape[0m: (1, 64, 16, 16) [32mdtype[0m: float32 [32mvalidate_result[0m: [07m[33m Unmatched [0m [32mmax_abs_error[0m: 0.00045418739318847656
[32mINFO:[0m [32monnx_output_name[0m: /model.23/cv3.0/cv3.0.1/cv3.0.1.0/act/Sigmoid_output_0 [32mshape[0m: (1, 64, 32, 32) [32mdtype[0m: float32 [32mvalidate_result[0m: [07m[32m Matches [0m
[32mINFO:[0m [32monnx_output_name[0m: /model.19/m.0/cv1/conv/Conv_output_0 [32mshape[0m: (1, 32, 16, 16) [32mdtype[0m: float32 [32mvalidate_result[0m: [07m[33m Unmatched [0m [32mmax_abs_error[0m: 0.0008697509765625
[32mINFO:[0m [32monnx_output_name[0m: /model.23/cv3.0/cv3.0.1/cv3.0.1.0/act/Mul_output_0 [32mshape[0m: (1, 64, 32, 32) [32mdtype[0m: float32 [32mvalidate_result[0m: [07m[33m Unmatched [0m [32mmax_abs_error[0m: 0.00072479248046875
[32mINFO:[0m [32monnx_output_name[0m: /model.19/m.0/cv1/act/Sigmoid_output_0 [32mshape[0m: (1, 32, 16, 16) [32mdtype[0m: float32 [32mvalidate_result[0m: [07m[32m Matches [0m
[32mINFO:[0m [32monnx_output_name[0m: /model.23/cv3.0/cv3.0.1/cv3.0.1.1/conv/Conv_output_0 [32mshape[0m: (1, 64, 32, 32) [32mdtype[0m: float32 [32mvalidate_result[0m: [07m[33m Unmatched [0m [32mmax_abs_error[0m: 0.000518798828125
[32mINFO:[0m [32monnx_output_name[0m: /model.19/m.0/cv1/act/Mul_output_0 [32mshape[0m: (1, 32, 16, 16) [32mdtype[0m: float32 [32mvalidate_result[0m: [07m[33m Unmatched [0m [32mmax_abs_error[0m: 0.0006256103515625
[32mINFO:[0m [32monnx_output_name[0m: /model.23/cv3.0/cv3.0.1/cv3.0.1.1/act/Sigmoid_output_0 [32mshape[0m: (1, 64, 32, 32) [32mdtype[0m: float32 [32mvalidate_result[0m: [07m[32m Matches [0m
[32mINFO:[0m [32monnx_output_name[0m: /model.19/m.0/cv2/conv/Conv_output_0 [32mshape[0m: (1, 64, 16, 16) [32mdtype[0m: float32 [32mvalidate_result[0m: [07m[33m Unmatched [0m [32mmax_abs_error[0m: 0.0008544921875
[32mINFO:[0m [32monnx_output_name[0m: /model.23/cv3.0/cv3.0.1/cv3.0.1.1/act/Mul_output_0 [32mshape[0m: (1, 64, 32, 32) [32mdtype[0m: float32 [32mvalidate_result[0m: [07m[33m Unmatched [0m [32mmax_abs_error[0m: 0.000518798828125
[32mINFO:[0m [32monnx_output_name[0m: /model.19/m.0/cv2/act/Sigmoid_output_0 [32mshape[0m: (1, 64, 16, 16) [32mdtype[0m: float32 [32mvalidate_result[0m: [07m[32m Matches [0m
[32mINFO:[0m [32monnx_output_name[0m: /model.23/cv3.0/cv3.0.2/Conv_output_0 [32mshape[0m: (1, 4, 32, 32) [32mdtype[0m: float32 [32mvalidate_result[0m: [07m[33m Unmatched [0m [32mmax_abs_error[0m: 0.00054931640625
[32mINFO:[0m [32monnx_output_name[0m: /model.19/m.0/cv2/act/Mul_output_0 [32mshape[0m: (1, 64, 16, 16) [32mdtype[0m: float32 [32mvalidate_result[0m: [07m[33m Unmatched [0m [32mmax_abs_error[0m: 0.00058746337890625
[32mINFO:[0m [32monnx_output_name[0m: output0 [32mshape[0m: (1, 68, 32, 32) [32mdtype[0m: float32 [32mvalidate_result[0m: [07m[33m Unmatched [0m [32mmax_abs_error[0m: 0.00054931640625
[32mINFO:[0m [32monnx_output_name[0m: /model.19/m.0/Add_output_0 [32mshape[0m: (1, 64, 16, 16) [32mdtype[0m: float32 [32mvalidate_result[0m: [07m[33m Unmatched [0m [32mmax_abs_error[0m: 0.00058746337890625
[32mINFO:[0m [32monnx_output_name[0m: /model.19/Concat_output_0 [32mshape[0m: (1, 192, 16, 16) [32mdtype[0m: float32 [32mvalidate_result[0m: [07m[33m Unmatched [0m [32mmax_abs_error[0m: 0.00058746337890625
[32mINFO:[0m [32monnx_output_name[0m: /model.19/cv2/conv/Conv_output_0 [32mshape[0m: (1, 128, 16, 16) [32mdtype[0m: float32 [32mvalidate_result[0m: [07m[33m Unmatched [0m [32mmax_abs_error[0m: 0.0004730224609375
[32mINFO:[0m [32monnx_output_name[0m: /model.19/cv2/act/Sigmoid_output_0 [32mshape[0m: (1, 128, 16, 16) [32mdtype[0m: float32 [32mvalidate_result[0m: [07m[32m Matches [0m
[32mINFO:[0m [32monnx_output_name[0m: /model.19/cv2/act/Mul_output_0 [32mshape[0m: (1, 128, 16, 16) [32mdtype[0m: float32 [32mvalidate_result[0m: [07m[33m Unmatched [0m [32mmax_abs_error[0m: 0.000324249267578125
[32mINFO:[0m [32monnx_output_name[0m: /model.20/conv/Conv_output_0 [32mshape[0m: (1, 128, 8, 8) [32mdtype[0m: float32 [32mvalidate_result[0m: [07m[33m Unmatched [0m [32mmax_abs_error[0m: 0.000457763671875
[32mINFO:[0m [32monnx_output_name[0m: /model.23/cv2.1/cv2.1.0/conv/Conv_output_0 [32mshape[0m: (1, 64, 16, 16) [32mdtype[0m: float32 [32mvalidate_result[0m: [07m[33m Unmatched [0m [32mmax_abs_error[0m: 0.0010986328125
[32mINFO:[0m [32monnx_output_name[0m: /model.23/cv3.1/cv3.1.0/cv3.1.0.0/conv/Conv_output_0 [32mshape[0m: (1, 128, 16, 16) [32mdtype[0m: float32 [32mvalidate_result[0m: [07m[33m Unmatched [0m [32mmax_abs_error[0m: 0.000732421875
[32mINFO:[0m [32monnx_output_name[0m: /model.20/act/Sigmoid_output_0 [32mshape[0m: (1, 128, 8, 8) [32mdtype[0m: float32 [32mvalidate_result[0m: [07m[32m Matches [0m
[32mINFO:[0m [32monnx_output_name[0m: /model.23/cv2.1/cv2.1.0/act/Sigmoid_output_0 [32mshape[0m: (1, 64, 16, 16) [32mdtype[0m: float32 [32mvalidate_result[0m: [07m[32m Matches [0m
[32mINFO:[0m [32monnx_output_name[0m: /model.23/cv3.1/cv3.1.0/cv3.1.0.0/act/Sigmoid_output_0 [32mshape[0m: (1, 128, 16, 16) [32mdtype[0m: float32 [32mvalidate_result[0m: [07m[33m Unmatched [0m [32mmax_abs_error[0m: 0.00010541081428527832
[32mINFO:[0m [32monnx_output_name[0m: /model.20/act/Mul_output_0 [32mshape[0m: (1, 128, 8, 8) [32mdtype[0m: float32 [32mvalidate_result[0m: [07m[33m Unmatched [0m [32mmax_abs_error[0m: 0.0003204345703125
[32mINFO:[0m [32monnx_output_name[0m: /model.23/cv2.1/cv2.1.0/act/Mul_output_0 [32mshape[0m: (1, 64, 16, 16) [32mdtype[0m: float32 [32mvalidate_result[0m: [07m[33m Unmatched [0m [32mmax_abs_error[0m: 0.00028228759765625
[32mINFO:[0m [32monnx_output_name[0m: /model.23/cv3.1/cv3.1.0/cv3.1.0.0/act/Mul_output_0 [32mshape[0m: (1, 128, 16, 16) [32mdtype[0m: float32 [32mvalidate_result[0m: [07m[33m Unmatched [0m [32mmax_abs_error[0m: 0.0005035400390625
[32mINFO:[0m [32monnx_output_name[0m: /model.21/Concat_output_0 [32mshape[0m: (1, 384, 8, 8) [32mdtype[0m: float32 [32mvalidate_result[0m: [07m[33m Unmatched [0m [32mmax_abs_error[0m: 0.00067901611328125
[32mINFO:[0m [32monnx_output_name[0m: /model.23/cv2.1/cv2.1.1/conv/Conv_output_0 [32mshape[0m: (1, 64, 16, 16) [32mdtype[0m: float32 [32mvalidate_result[0m: [07m[33m Unmatched [0m [32mmax_abs_error[0m: 0.001220703125
[32mINFO:[0m [32monnx_output_name[0m: /model.23/cv3.1/cv3.1.0/cv3.1.0.1/conv/Conv_output_0 [32mshape[0m: (1, 64, 16, 16) [32mdtype[0m: float32 [32mvalidate_result[0m: [07m[33m Unmatched [0m [32mmax_abs_error[0m: 0.00038909912109375
[32mINFO:[0m [32monnx_output_name[0m: /model.22/cv1/conv/Conv_output_0 [32mshape[0m: (1, 256, 8, 8) [32mdtype[0m: float32 [32mvalidate_result[0m: [07m[33m Unmatched [0m [32mmax_abs_error[0m: 0.00042724609375
[32mINFO:[0m [32monnx_output_name[0m: /model.23/cv2.1/cv2.1.1/act/Sigmoid_output_0 [32mshape[0m: (1, 64, 16, 16) [32mdtype[0m: float32 [32mvalidate_result[0m: [07m[32m Matches [0m
[32mINFO:[0m [32monnx_output_name[0m: /model.23/cv3.1/cv3.1.0/cv3.1.0.1/act/Sigmoid_output_0 [32mshape[0m: (1, 64, 16, 16) [32mdtype[0m: float32 [32mvalidate_result[0m: [07m[32m Matches [0m
[32mINFO:[0m [32monnx_output_name[0m: /model.22/cv1/act/Sigmoid_output_0 [32mshape[0m: (1, 256, 8, 8) [32mdtype[0m: float32 [32mvalidate_result[0m: [07m[32m Matches [0m
[32mINFO:[0m [32monnx_output_name[0m: /model.23/cv2.1/cv2.1.1/act/Mul_output_0 [32mshape[0m: (1, 64, 16, 16) [32mdtype[0m: float32 [32mvalidate_result[0m: [07m[33m Unmatched [0m [32mmax_abs_error[0m: 0.0006103515625
[32mINFO:[0m [32monnx_output_name[0m: /model.23/cv3.1/cv3.1.0/cv3.1.0.1/act/Mul_output_0 [32mshape[0m: (1, 64, 16, 16) [32mdtype[0m: float32 [32mvalidate_result[0m: [07m[33m Unmatched [0m [32mmax_abs_error[0m: 0.0003167390823364258
[32mINFO:[0m [32monnx_output_name[0m: /model.22/cv1/act/Mul_output_0 [32mshape[0m: (1, 256, 8, 8) [32mdtype[0m: float32 [32mvalidate_result[0m: [07m[33m Unmatched [0m [32mmax_abs_error[0m: 0.000396728515625
[32mINFO:[0m [32monnx_output_name[0m: /model.23/cv2.1/cv2.1.2/Conv_output_0 [32mshape[0m: (1, 64, 16, 16) [32mdtype[0m: float32 [32mvalidate_result[0m: [07m[33m Unmatched [0m [32mmax_abs_error[0m: 0.0006103515625
[32mINFO:[0m [32monnx_output_name[0m: /model.23/cv3.1/cv3.1.1/cv3.1.1.0/conv/Conv_output_0 [32mshape[0m: (1, 64, 16, 16) [32mdtype[0m: float32 [32mvalidate_result[0m: [07m[33m Unmatched [0m [32mmax_abs_error[0m: 0.0009765625
[32mINFO:[0m [32monnx_output_name[0m: /model.22/Split_output_0 [32mshape[0m: (1, 128, 8, 8) [32mdtype[0m: float32 [32mvalidate_result[0m: [07m[33m Unmatched [0m [32mmax_abs_error[0m: 0.00035858154296875
[32mINFO:[0m [32monnx_output_name[0m: /model.22/Split_output_1 [32mshape[0m: (1, 128, 8, 8) [32mdtype[0m: float32 [32mvalidate_result[0m: [07m[33m Unmatched [0m [32mmax_abs_error[0m: 0.000396728515625
[32mINFO:[0m [32monnx_output_name[0m: /model.23/cv3.1/cv3.1.1/cv3.1.1.0/act/Sigmoid_output_0 [32mshape[0m: (1, 64, 16, 16) [32mdtype[0m: float32 [32mvalidate_result[0m: [07m[32m Matches [0m
[32mINFO:[0m [32monnx_output_name[0m: /model.22/m.0/cv1/conv/Conv_output_0 [32mshape[0m: (1, 64, 8, 8) [32mdtype[0m: float32 [32mvalidate_result[0m: [07m[33m Unmatched [0m [32mmax_abs_error[0m: 0.0001678466796875
[32mINFO:[0m [32monnx_output_name[0m: /model.22/m.0/cv2/conv/Conv_output_0 [32mshape[0m: (1, 64, 8, 8) [32mdtype[0m: float32 [32mvalidate_result[0m: [07m[33m Unmatched [0m [32mmax_abs_error[0m: 0.0004253387451171875
[32mINFO:[0m [32monnx_output_name[0m: /model.23/cv3.1/cv3.1.1/cv3.1.1.0/act/Mul_output_0 [32mshape[0m: (1, 64, 16, 16) [32mdtype[0m: float32 [32mvalidate_result[0m: [07m[33m Unmatched [0m [32mmax_abs_error[0m: 0.00092315673828125
[32mINFO:[0m [32monnx_output_name[0m: /model.22/m.0/cv1/act/Sigmoid_output_0 [32mshape[0m: (1, 64, 8, 8) [32mdtype[0m: float32 [32mvalidate_result[0m: [07m[32m Matches [0m
[32mINFO:[0m [32monnx_output_name[0m: /model.22/m.0/cv2/act/Sigmoid_output_0 [32mshape[0m: (1, 64, 8, 8) [32mdtype[0m: float32 [32mvalidate_result[0m: [07m[32m Matches [0m
[32mINFO:[0m [32monnx_output_name[0m: /model.23/cv3.1/cv3.1.1/cv3.1.1.1/conv/Conv_output_0 [32mshape[0m: (1, 64, 16, 16) [32mdtype[0m: float32 [32mvalidate_result[0m: [07m[33m Unmatched [0m [32mmax_abs_error[0m: 0.00095367431640625
[32mINFO:[0m [32monnx_output_name[0m: /model.22/m.0/cv1/act/Mul_output_0 [32mshape[0m: (1, 64, 8, 8) [32mdtype[0m: float32 [32mvalidate_result[0m: [07m[33m Unmatched [0m [32mmax_abs_error[0m: 0.00011444091796875
[32mINFO:[0m [32monnx_output_name[0m: /model.22/m.0/cv2/act/Mul_output_0 [32mshape[0m: (1, 64, 8, 8) [32mdtype[0m: float32 [32mvalidate_result[0m: [07m[33m Unmatched [0m [32mmax_abs_error[0m: 0.0004253387451171875
[32mINFO:[0m [32monnx_output_name[0m: /model.23/cv3.1/cv3.1.1/cv3.1.1.1/act/Sigmoid_output_0 [32mshape[0m: (1, 64, 16, 16) [32mdtype[0m: float32 [32mvalidate_result[0m: [07m[33m Unmatched [0m [32mmax_abs_error[0m: 0.00011783838272094727
[32mINFO:[0m [32monnx_output_name[0m: /model.22/m.0/m/m.0/cv1/conv/Conv_output_0 [32mshape[0m: (1, 64, 8, 8) [32mdtype[0m: float32 [32mvalidate_result[0m: [07m[33m Unmatched [0m [32mmax_abs_error[0m: 0.000141143798828125
[32mINFO:[0m [32monnx_output_name[0m: /model.23/cv3.1/cv3.1.1/cv3.1.1.1/act/Mul_output_0 [32mshape[0m: (1, 64, 16, 16) [32mdtype[0m: float32 [32mvalidate_result[0m: [07m[33m Unmatched [0m [32mmax_abs_error[0m: 0.00095367431640625
[32mINFO:[0m [32monnx_output_name[0m: /model.22/m.0/m/m.0/cv1/act/Sigmoid_output_0 [32mshape[0m: (1, 64, 8, 8) [32mdtype[0m: float32 [32mvalidate_result[0m: [07m[32m Matches [0m
[32mINFO:[0m [32monnx_output_name[0m: /model.23/cv3.1/cv3.1.2/Conv_output_0 [32mshape[0m: (1, 4, 16, 16) [32mdtype[0m: float32 [32mvalidate_result[0m: [07m[33m Unmatched [0m [32mmax_abs_error[0m: 0.001312255859375
[32mINFO:[0m [32monnx_output_name[0m: /model.22/m.0/m/m.0/cv1/act/Mul_output_0 [32mshape[0m: (1, 64, 8, 8) [32mdtype[0m: float32 [32mvalidate_result[0m: [07m[33m Unmatched [0m [32mmax_abs_error[0m: 0.000102996826171875
[32mINFO:[0m [32monnx_output_name[0m: 493 [32mshape[0m: (1, 68, 16, 16) [32mdtype[0m: float32 [32mvalidate_result[0m: [07m[33m Unmatched [0m [32mmax_abs_error[0m: 0.001312255859375
[32mINFO:[0m [32monnx_output_name[0m: /model.22/m.0/m/m.0/cv2/conv/Conv_output_0 [32mshape[0m: (1, 64, 8, 8) [32mdtype[0m: float32 [32mvalidate_result[0m: [07m[33m Unmatched [0m [32mmax_abs_error[0m: 0.000152587890625
[32mINFO:[0m [32monnx_output_name[0m: /model.22/m.0/m/m.0/cv2/act/Sigmoid_output_0 [32mshape[0m: (1, 64, 8, 8) [32mdtype[0m: float32 [32mvalidate_result[0m: [07m[32m Matches [0m
[32mINFO:[0m [32monnx_output_name[0m: /model.22/m.0/m/m.0/cv2/act/Mul_output_0 [32mshape[0m: (1, 64, 8, 8) [32mdtype[0m: float32 [32mvalidate_result[0m: [07m[33m Unmatched [0m [32mmax_abs_error[0m: 0.000152587890625
[32mINFO:[0m [32monnx_output_name[0m: /model.22/m.0/m/m.0/Add_output_0 [32mshape[0m: (1, 64, 8, 8) [32mdtype[0m: float32 [32mvalidate_result[0m: [07m[33m Unmatched [0m [32mmax_abs_error[0m: 0.000152587890625
[32mINFO:[0m [32monnx_output_name[0m: /model.22/m.0/m/m.1/cv1/conv/Conv_output_0 [32mshape[0m: (1, 64, 8, 8) [32mdtype[0m: float32 [32mvalidate_result[0m: [07m[33m Unmatched [0m [32mmax_abs_error[0m: 0.000213623046875
[32mINFO:[0m [32monnx_output_name[0m: /model.22/m.0/m/m.1/cv1/act/Sigmoid_output_0 [32mshape[0m: (1, 64, 8, 8) [32mdtype[0m: float32 [32mvalidate_result[0m: [07m[32m Matches [0m
[32mINFO:[0m [32monnx_output_name[0m: /model.22/m.0/m/m.1/cv1/act/Mul_output_0 [32mshape[0m: (1, 64, 8, 8) [32mdtype[0m: float32 [32mvalidate_result[0m: [07m[32m Matches [0m
[32mINFO:[0m [32monnx_output_name[0m: /model.22/m.0/m/m.1/cv2/conv/Conv_output_0 [32mshape[0m: (1, 64, 8, 8) [32mdtype[0m: float32 [32mvalidate_result[0m: [07m[33m Unmatched [0m [32mmax_abs_error[0m: 0.00018310546875
[32mINFO:[0m [32monnx_output_name[0m: /model.22/m.0/m/m.1/cv2/act/Sigmoid_output_0 [32mshape[0m: (1, 64, 8, 8) [32mdtype[0m: float32 [32mvalidate_result[0m: [07m[32m Matches [0m
[32mINFO:[0m [32monnx_output_name[0m: /model.22/m.0/m/m.1/cv2/act/Mul_output_0 [32mshape[0m: (1, 64, 8, 8) [32mdtype[0m: float32 [32mvalidate_result[0m: [07m[33m Unmatched [0m [32mmax_abs_error[0m: 0.0001068115234375
[32mINFO:[0m [32monnx_output_name[0m: /model.22/m.0/m/m.1/Add_output_0 [32mshape[0m: (1, 64, 8, 8) [32mdtype[0m: float32 [32mvalidate_result[0m: [07m[33m Unmatched [0m [32mmax_abs_error[0m: 0.00018310546875
[32mINFO:[0m [32monnx_output_name[0m: /model.22/m.0/Concat_output_0 [32mshape[0m: (1, 128, 8, 8) [32mdtype[0m: float32 [32mvalidate_result[0m: [07m[33m Unmatched [0m [32mmax_abs_error[0m: 0.0004253387451171875
[32mINFO:[0m [32monnx_output_name[0m: /model.22/m.0/cv3/conv/Conv_output_0 [32mshape[0m: (1, 128, 8, 8) [32mdtype[0m: float32 [32mvalidate_result[0m: [07m[33m Unmatched [0m [32mmax_abs_error[0m: 0.000213623046875
[32mINFO:[0m [32monnx_output_name[0m: /model.22/m.0/cv3/act/Sigmoid_output_0 [32mshape[0m: (1, 128, 8, 8) [32mdtype[0m: float32 [32mvalidate_result[0m: [07m[32m Matches [0m
[32mINFO:[0m [32monnx_output_name[0m: /model.22/m.0/cv3/act/Mul_output_0 [32mshape[0m: (1, 128, 8, 8) [32mdtype[0m: float32 [32mvalidate_result[0m: [07m[33m Unmatched [0m [32mmax_abs_error[0m: 0.00010418891906738281
[32mINFO:[0m [32monnx_output_name[0m: /model.22/Concat_output_0 [32mshape[0m: (1, 384, 8, 8) [32mdtype[0m: float32 [32mvalidate_result[0m: [07m[33m Unmatched [0m [32mmax_abs_error[0m: 0.000396728515625
[32mINFO:[0m [32monnx_output_name[0m: /model.22/cv2/conv/Conv_output_0 [32mshape[0m: (1, 256, 8, 8) [32mdtype[0m: float32 [32mvalidate_result[0m: [07m[33m Unmatched [0m [32mmax_abs_error[0m: 0.000457763671875
[32mINFO:[0m [32monnx_output_name[0m: /model.22/cv2/act/Sigmoid_output_0 [32mshape[0m: (1, 256, 8, 8) [32mdtype[0m: float32 [32mvalidate_result[0m: [07m[32m Matches [0m
[32mINFO:[0m [32monnx_output_name[0m: /model.22/cv2/act/Mul_output_0 [32mshape[0m: (1, 256, 8, 8) [32mdtype[0m: float32 [32mvalidate_result[0m: [07m[33m Unmatched [0m [32mmax_abs_error[0m: 0.00038909912109375
[32mINFO:[0m [32monnx_output_name[0m: /model.23/cv2.2/cv2.2.0/conv/Conv_output_0 [32mshape[0m: (1, 64, 8, 8) [32mdtype[0m: float32 [32mvalidate_result[0m: [07m[33m Unmatched [0m [32mmax_abs_error[0m: 0.000152587890625
[32mINFO:[0m [32monnx_output_name[0m: /model.23/cv3.2/cv3.2.0/cv3.2.0.0/conv/Conv_output_0 [32mshape[0m: (1, 256, 8, 8) [32mdtype[0m: float32 [32mvalidate_result[0m: [07m[33m Unmatched [0m [32mmax_abs_error[0m: 0.000518798828125
[32mINFO:[0m [32monnx_output_name[0m: /model.23/cv2.2/cv2.2.0/act/Sigmoid_output_0 [32mshape[0m: (1, 64, 8, 8) [32mdtype[0m: float32 [32mvalidate_result[0m: [07m[32m Matches [0m
[32mINFO:[0m [32monnx_output_name[0m: /model.23/cv3.2/cv3.2.0/cv3.2.0.0/act/Sigmoid_output_0 [32mshape[0m: (1, 256, 8, 8) [32mdtype[0m: float32 [32mvalidate_result[0m: [07m[32m Matches [0m
[32mINFO:[0m [32monnx_output_name[0m: /model.23/cv2.2/cv2.2.0/act/Mul_output_0 [32mshape[0m: (1, 64, 8, 8) [32mdtype[0m: float32 [32mvalidate_result[0m: [07m[33m Unmatched [0m [32mmax_abs_error[0m: 0.00010633468627929688
[32mINFO:[0m [32monnx_output_name[0m: /model.23/cv3.2/cv3.2.0/cv3.2.0.0/act/Mul_output_0 [32mshape[0m: (1, 256, 8, 8) [32mdtype[0m: float32 [32mvalidate_result[0m: [07m[33m Unmatched [0m [32mmax_abs_error[0m: 0.000518798828125
[32mINFO:[0m [32monnx_output_name[0m: /model.23/cv2.2/cv2.2.1/conv/Conv_output_0 [32mshape[0m: (1, 64, 8, 8) [32mdtype[0m: float32 [32mvalidate_result[0m: [07m[33m Unmatched [0m [32mmax_abs_error[0m: 0.000194549560546875
[32mINFO:[0m [32monnx_output_name[0m: /model.23/cv3.2/cv3.2.0/cv3.2.0.1/conv/Conv_output_0 [32mshape[0m: (1, 64, 8, 8) [32mdtype[0m: float32 [32mvalidate_result[0m: [07m[33m Unmatched [0m [32mmax_abs_error[0m: 0.000225067138671875
[32mINFO:[0m [32monnx_output_name[0m: /model.23/cv2.2/cv2.2.1/act/Sigmoid_output_0 [32mshape[0m: (1, 64, 8, 8) [32mdtype[0m: float32 [32mvalidate_result[0m: [07m[32m Matches [0m
[32mINFO:[0m [32monnx_output_name[0m: /model.23/cv3.2/cv3.2.0/cv3.2.0.1/act/Sigmoid_output_0 [32mshape[0m: (1, 64, 8, 8) [32mdtype[0m: float32 [32mvalidate_result[0m: [07m[32m Matches [0m
[32mINFO:[0m [32monnx_output_name[0m: /model.23/cv2.2/cv2.2.1/act/Mul_output_0 [32mshape[0m: (1, 64, 8, 8) [32mdtype[0m: float32 [32mvalidate_result[0m: [07m[33m Unmatched [0m [32mmax_abs_error[0m: 0.00014591217041015625
[32mINFO:[0m [32monnx_output_name[0m: /model.23/cv3.2/cv3.2.0/cv3.2.0.1/act/Mul_output_0 [32mshape[0m: (1, 64, 8, 8) [32mdtype[0m: float32 [32mvalidate_result[0m: [07m[33m Unmatched [0m [32mmax_abs_error[0m: 0.000225067138671875
[32mINFO:[0m [32monnx_output_name[0m: /model.23/cv2.2/cv2.2.2/Conv_output_0 [32mshape[0m: (1, 64, 8, 8) [32mdtype[0m: float32 [32mvalidate_result[0m: [07m[32m Matches [0m
[32mINFO:[0m [32monnx_output_name[0m: /model.23/cv3.2/cv3.2.1/cv3.2.1.0/conv/Conv_output_0 [32mshape[0m: (1, 64, 8, 8) [32mdtype[0m: float32 [32mvalidate_result[0m: [07m[33m Unmatched [0m [32mmax_abs_error[0m: 0.0002918243408203125
[32mINFO:[0m [32monnx_output_name[0m: /model.23/cv3.2/cv3.2.1/cv3.2.1.0/act/Sigmoid_output_0 [32mshape[0m: (1, 64, 8, 8) [32mdtype[0m: float32 [32mvalidate_result[0m: [07m[32m Matches [0m
[32mINFO:[0m [32monnx_output_name[0m: /model.23/cv3.2/cv3.2.1/cv3.2.1.0/act/Mul_output_0 [32mshape[0m: (1, 64, 8, 8) [32mdtype[0m: float32 [32mvalidate_result[0m: [07m[33m Unmatched [0m [32mmax_abs_error[0m: 0.000156402587890625
[32mINFO:[0m [32monnx_output_name[0m: /model.23/cv3.2/cv3.2.1/cv3.2.1.1/conv/Conv_output_0 [32mshape[0m: (1, 64, 8, 8) [32mdtype[0m: float32 [32mvalidate_result[0m: [07m[33m Unmatched [0m [32mmax_abs_error[0m: 0.00012493133544921875
[32mINFO:[0m [32monnx_output_name[0m: /model.23/cv3.2/cv3.2.1/cv3.2.1.1/act/Sigmoid_output_0 [32mshape[0m: (1, 64, 8, 8) [32mdtype[0m: float32 [32mvalidate_result[0m: [07m[32m Matches [0m
[32mINFO:[0m [32monnx_output_name[0m: /model.23/cv3.2/cv3.2.1/cv3.2.1.1/act/Mul_output_0 [32mshape[0m: (1, 64, 8, 8) [32mdtype[0m: float32 [32mvalidate_result[0m: [07m[33m Unmatched [0m [32mmax_abs_error[0m: 0.00011444091796875
[32mINFO:[0m [32monnx_output_name[0m: /model.23/cv3.2/cv3.2.2/Conv_output_0 [32mshape[0m: (1, 4, 8, 8) [32mdtype[0m: float32 [32mvalidate_result[0m: [07m[33m Unmatched [0m [32mmax_abs_error[0m: 0.000213623046875
[32mINFO:[0m [32monnx_output_name[0m: 514 [32mshape[0m: (1, 68, 8, 8) [32mdtype[0m: float32 [32mvalidate_result[0m: [07m[33m Unmatched [0m [32mmax_abs_error[0m: 0.000213623046875
